verdict,group,path,bytes,class,purpose,sha256,evidence,referencers,git,backup,risk,approved
待核实,Content/__ExternalActors__/ThirdPerson,Content/__ExternalActors__/ThirdPerson/Maps/ThirdPersonMap/D/SY/Z4CTQ4LG3YV10EKPD0UE8Q.uasset,849,unknown,蓝图 / 数据 / 其他资源,,no AssetRegistry package record / sidecar; manual verification required,,ignored,external local archive + SHA-256 manifest required,高,NO
仍被使用,Content/AI/Enemy,Content/AI/Enemy/BB_HSREnemy_Exploration.uasset,4530,BlackboardData,蓝图 / 数据 / 其他资源,,Source/HSR/Data/Definitions/HSREnemyDefinition.h,/Game/AI/Enemy/BT_HSREnemy_Exploration,tracked,verified pushed commit + local archive,保留,NO
仍被使用,Content/AI/Enemy,Content/AI/Enemy/BT_HSREnemy_Exploration.uasset,30224,BehaviorTree,蓝图 / 数据 / 其他资源,,Source/HSR/Data/Definitions/HSREnemyDefinition.h,,tracked,verified pushed commit + local archive,保留,NO
待核实,Content/Assets/Mannequins,Content/Assets/Mannequins/Anims/Rifle/HitReact/MM_HitReact_Front_Med_01.uasset,224861,AnimSequence,角色 / 动作 / 重定向,,test / authoring dependency: Tools/Presentation/author_combat_animations.py,,ignored,external local archive + SHA-256 manifest required,中,NO
待核实,Content/Assets/Mannequins,Content/Assets/Mannequins/Anims/Unarmed/ABP_Unarmed.uasset,385641,AnimBlueprint,角色 / 动作 / 重定向,,test / authoring dependency: Tools/Presentation/rebuild_locomotion_from_source.py,,ignored,external local archive + SHA-256 manifest required,中,NO
待核实,Content/Assets/Mannequins,Content/Assets/Mannequins/Anims/Unarmed/Attack/MM_Attack_01.uasset,757029,AnimSequence,角色 / 动作 / 重定向,,test / authoring dependency: Tools/Presentation/author_combat_animations.py,,ignored,external local archive + SHA-256 manifest required,中,NO
待核实,Content/Assets/Mannequins,Content/Assets/Mannequins/Anims/Unarmed/Attack/MM_ChargedAttack.uasset,1057222,AnimSequence,角色 / 动作 / 重定向,,test / authoring dependency: Tools/Presentation/author_combat_animations.py,,ignored,external local archive + SHA-256 manifest required,中,NO
待核实,Content/Assets/Mannequins,Content/Assets/Mannequins/Anims/Unarmed/BS_Idle_Walk_Run.uasset,52021,BlendSpace,蓝图 / 数据 / 其他资源,,test / authoring dependency: dependency of /Game/Assets/Mannequins/Anims/Unarmed/ABP_Unarmed,/Game/Assets/Mannequins/Anims/Unarmed/ABP_Unarmed,ignored,external local archive + SHA-256 manifest required,中,NO
待核实,Content/Assets/Mannequins,Content/Assets/Mannequins/Anims/Unarmed/Jog/MF_Unarmed_Jog_Bwd.uasset,482631,AnimSequence,角色 / 动作 / 重定向,,test / authoring dependency: dependency of /Game/Assets/Mannequins/Anims/Unarmed/BS_Idle_Walk_Run,/Game/Assets/Mannequins/Anims/Unarmed/BS_Idle_Walk_Run,ignored,external local archive + SHA-256 manifest required,中,NO
待核实,Content/Assets/Mannequins,Content/Assets/Mannequins/Anims/Unarmed/Jog/MF_Unarmed_Jog_Bwd_Left.uasset,416946,AnimSequence,角色 / 动作 / 重定向,,test / authoring dependency: dependency of /Game/Assets/Mannequins/Anims/Unarmed/BS_Idle_Walk_Run,/Game/Assets/Mannequins/Anims/Unarmed/BS_Idle_Walk_Run,ignored,external local archive + SHA-256 manifest required,中,NO
待核实,Content/Assets/Mannequins,Content/Assets/Mannequins/Anims/Unarmed/Jog/MF_Unarmed_Jog_Bwd_Right.uasset,416945,AnimSequence,角色 / 动作 / 重定向,,test / authoring dependency: dependency of /Game/Assets/Mannequins/Anims/Unarmed/BS_Idle_Walk_Run,/Game/Assets/Mannequins/Anims/Unarmed/BS_Idle_Walk_Run,ignored,external local archive + SHA-256 manifest required,中,NO
待核实,Content/Assets/Mannequins,Content/Assets/Mannequins/Anims/Unarmed/Jog/MF_Unarmed_Jog_Fwd.uasset,531150,AnimSequence,角色 / 动作 / 重定向,,test / authoring dependency: dependency of /Game/Assets/Mannequins/Anims/Unarmed/BS_Idle_Walk_Run,/Game/Assets/Mannequins/Anims/Unarmed/BS_Idle_Walk_Run,ignored,external local archive + SHA-256 manifest required,中,NO
待核实,Content/Assets/Mannequins,Content/Assets/Mannequins/Anims/Unarmed/Jog/MF_Unarmed_Jog_Fwd_Left.uasset,466336,AnimSequence,角色 / 动作 / 重定向,,test / authoring dependency: dependency of /Game/Assets/Mannequins/Anims/Unarmed/BS_Idle_Walk_Run,/Game/Assets/Mannequins/Anims/Unarmed/BS_Idle_Walk_Run,ignored,external local archive + SHA-256 manifest required,中,NO
待核实,Content/Assets/Mannequins,Content/Assets/Mannequins/Anims/Unarmed/Jog/MF_Unarmed_Jog_Fwd_Right.uasset,466710,AnimSequence,角色 / 动作 / 重定向,,test / authoring dependency: dependency of /Game/Assets/Mannequins/Anims/Unarmed/BS_Idle_Walk_Run,/Game/Assets/Mannequins/Anims/Unarmed/BS_Idle_Walk_Run,ignored,external local archive + SHA-256 manifest required,中,NO
待核实,Content/Assets/Mannequins,Content/Assets/Mannequins/Anims/Unarmed/Jog/MF_Unarmed_Jog_Left.uasset,487228,AnimSequence,角色 / 动作 / 重定向,,test / authoring dependency: dependency of /Game/Assets/Mannequins/Anims/Unarmed/BS_Idle_Walk_Run,/Game/Assets/Mannequins/Anims/Unarmed/BS_Idle_Walk_Run,ignored,external local archive + SHA-256 manifest required,中,NO
待核实,Content/Assets/Mannequins,Content/Assets/Mannequins/Anims/Unarmed/Jog/MF_Unarmed_Jog_Right.uasset,521297,AnimSequence,角色 / 动作 / 重定向,,test / authoring dependency: dependency of /Game/Assets/Mannequins/Anims/Unarmed/BS_Idle_Walk_Run,/Game/Assets/Mannequins/Anims/Unarmed/BS_Idle_Walk_Run,ignored,external local archive + SHA-256 manifest required,中,NO
待核实,Content/Assets/Mannequins,Content/Assets/Mannequins/Anims/Unarmed/Jump/MM_Fall_Loop.uasset,925169,AnimSequence,角色 / 动作 / 重定向,,test / authoring dependency: dependency of /Game/Assets/Mannequins/Anims/Unarmed/ABP_Unarmed,/Game/Assets/Mannequins/Anims/Unarmed/ABP_Unarmed,ignored,external local archive + SHA-256 manifest required,中,NO
待核实,Content/Assets/Mannequins,Content/Assets/Mannequins/Anims/Unarmed/Jump/MM_Jump.uasset,403548,AnimSequence,角色 / 动作 / 重定向,,test / authoring dependency: dependency of /Game/Assets/Mannequins/Anims/Unarmed/ABP_Unarmed,/Game/Assets/Mannequins/Anims/Unarmed/ABP_Unarmed,ignored,external local archive + SHA-256 manifest required,中,NO
待核实,Content/Assets/Mannequins,Content/Assets/Mannequins/Anims/Unarmed/Jump/MM_Land.uasset,409835,AnimSequence,角色 / 动作 / 重定向,,test / authoring dependency: dependency of /Game/Assets/Mannequins/Anims/Unarmed/ABP_Unarmed,/Game/Assets/Mannequins/Anims/Unarmed/ABP_Unarmed,ignored,external local archive + SHA-256 manifest required,中,NO
待核实,Content/Assets/Mannequins,Content/Assets/Mannequins/Anims/Unarmed/MM_Idle.uasset,1436372,AnimSequence,角色 / 动作 / 重定向,,test / authoring dependency: dependency of /Game/Assets/Mannequins/Anims/Unarmed/ABP_Unarmed,/Game/Assets/Mannequins/Anims/Unarmed/BS_Idle_Walk_Run; /Game/Assets/Mannequins/Anims/Unarmed/ABP_Unarmed,ignored,external local archive + SHA-256 manifest required,中,NO
待核实,Content/Assets/Mannequins,Content/Assets/Mannequins/Anims/Unarmed/Walk/MF_Unarmed_Walk_Bwd.uasset,606204,AnimSequence,角色 / 动作 / 重定向,,test / authoring dependency: dependency of /Game/Assets/Mannequins/Anims/Unarmed/BS_Idle_Walk_Run,/Game/Assets/Mannequins/Anims/Unarmed/BS_Idle_Walk_Run,ignored,external local archive + SHA-256 manifest required,中,NO
待核实,Content/Assets/Mannequins,Content/Assets/Mannequins/Anims/Unarmed/Walk/MF_Unarmed_Walk_Bwd_Left.uasset,537145,AnimSequence,角色 / 动作 / 重定向,,test / authoring dependency: dependency of /Game/Assets/Mannequins/Anims/Unarmed/BS_Idle_Walk_Run,/Game/Assets/Mannequins/Anims/Unarmed/BS_Idle_Walk_Run,ignored,external local archive + SHA-256 manifest required,中,NO
待核实,Content/Assets/Mannequins,Content/Assets/Mannequins/Anims/Unarmed/Walk/MF_Unarmed_Walk_Bwd_Right.uasset,536961,AnimSequence,角色 / 动作 / 重定向,,test / authoring dependency: dependency of /Game/Assets/Mannequins/Anims/Unarmed/BS_Idle_Walk_Run,/Game/Assets/Mannequins/Anims/Unarmed/BS_Idle_Walk_Run,ignored,external local archive + SHA-256 manifest required,中,NO
待核实,Content/Assets/Mannequins,Content/Assets/Mannequins/Anims/Unarmed/Walk/MF_Unarmed_Walk_Fwd.uasset,475175,AnimSequence,角色 / 动作 / 重定向,,test / authoring dependency: dependency of /Game/Assets/Mannequins/Anims/Unarmed/BS_Idle_Walk_Run,/Game/Assets/Mannequins/Anims/Unarmed/BS_Idle_Walk_Run,ignored,external local archive + SHA-256 manifest required,中,NO
待核实,Content/Assets/Mannequins,Content/Assets/Mannequins/Anims/Unarmed/Walk/MF_Unarmed_Walk_Fwd_Left.uasset,410951,AnimSequence,角色 / 动作 / 重定向,,test / authoring dependency: dependency of /Game/Assets/Mannequins/Anims/Unarmed/BS_Idle_Walk_Run,/Game/Assets/Mannequins/Anims/Unarmed/BS_Idle_Walk_Run,ignored,external local archive + SHA-256 manifest required,中,NO
待核实,Content/Assets/Mannequins,Content/Assets/Mannequins/Anims/Unarmed/Walk/MF_Unarmed_Walk_Fwd_Right.uasset,410945,AnimSequence,角色 / 动作 / 重定向,,test / authoring dependency: dependency of /Game/Assets/Mannequins/Anims/Unarmed/BS_Idle_Walk_Run,/Game/Assets/Mannequins/Anims/Unarmed/BS_Idle_Walk_Run,ignored,external local archive + SHA-256 manifest required,中,NO
待核实,Content/Assets/Mannequins,Content/Assets/Mannequins/Anims/Unarmed/Walk/MF_Unarmed_Walk_Left.uasset,485849,AnimSequence,角色 / 动作 / 重定向,,test / authoring dependency: dependency of /Game/Assets/Mannequins/Anims/Unarmed/BS_Idle_Walk_Run,/Game/Assets/Mannequins/Anims/Unarmed/BS_Idle_Walk_Run,ignored,external local archive + SHA-256 manifest required,中,NO
待核实,Content/Assets/Mannequins,Content/Assets/Mannequins/Anims/Unarmed/Walk/MF_Unarmed_Walk_Right.uasset,491304,AnimSequence,角色 / 动作 / 重定向,,test / authoring dependency: dependency of /Game/Assets/Mannequins/Anims/Unarmed/BS_Idle_Walk_Run,/Game/Assets/Mannequins/Anims/Unarmed/BS_Idle_Walk_Run,ignored,external local archive + SHA-256 manifest required,中,NO
仍被使用,Content/Assets/Mannequins,Content/Assets/Mannequins/Materials/M_Mannequin.uasset,58332,Material,材质 / 纹理,,dependency of /Game/Assets/Mannequins/Materials/Quinn/MI_Quinn_01,/Game/Assets/Mannequins/Materials/Quinn/MI_Quinn_01; /Game/Assets/Mannequins/Materials/Manny/MI_Manny_01_New,ignored,external local archive + SHA-256 manifest required,保留,NO
仍被使用,Content/Assets/Mannequins,Content/Assets/Mannequins/Materials/Manny/MI_Manny_01_New.uasset,17895,MaterialInstanceConstant,材质 / 纹理,,dependency of /Game/Assets/Mannequins/Meshes/SKM_Manny_Simple,/Game/Assets/Mannequins/Meshes/SKM_Manny_Simple; /Game/Assets/Mannequins/Materials/Manny/MI_Manny_02_New,ignored,external local archive + SHA-256 manifest required,保留,NO
仍被使用,Content/Assets/Mannequins,Content/Assets/Mannequins/Materials/Manny/MI_Manny_02_New.uasset,18663,MaterialInstanceConstant,材质 / 纹理,,dependency of /Game/Assets/Mannequins/Meshes/SKM_Manny_Simple,/Game/Assets/Mannequins/Meshes/SKM_Manny_Simple,ignored,external local archive + SHA-256 manifest required,保留,NO
仍被使用,Content/Assets/Mannequins,Content/Assets/Mannequins/Materials/Quinn/MI_Quinn_01.uasset,11357,MaterialInstanceConstant,材质 / 纹理,,dependency of /Game/Assets/Mannequins/Meshes/SKM_Quinn_Simple,/Game/Assets/Mannequins/Meshes/SKM_Quinn_Simple; /Game/Assets/Mannequins/Materials/Quinn/MI_Quinn_02,ignored,external local archive + SHA-256 manifest required,保留,NO
仍被使用,Content/Assets/Mannequins,Content/Assets/Mannequins/Materials/Quinn/MI_Quinn_02.uasset,10891,MaterialInstanceConstant,材质 / 纹理,,dependency of /Game/Assets/Mannequins/Meshes/SKM_Quinn_Simple,/Game/Assets/Mannequins/Meshes/SKM_Quinn_Simple,ignored,external local archive + SHA-256 manifest required,保留,NO
待核实,Content/Assets/Mannequins,Content/Assets/Mannequins/Meshes/IK_SKM_Quinn_Simple.uasset,91862,IKRigDefinition,角色 / 动作 / 重定向,,test / authoring dependency: Tools/Presentation/author_combat_animations.py,/Game/Presentation/Animation/RTG_Combat_Verina; /Game/Presentation/Animation/RTG_Combat_Remiel; /Game/Presentation/Animation/RTG_Combat_Huohua; /Game/Presentation/Animation/RTG_Combat_EvernightMoon; /Game/Assets/mmd/Character/Velina/Rigs/RTG_维琳娜6_Mannequin; /Game/Assets/mmd/Character/Sparxie/Rigs/RTG_星穹铁道—火花2_Mannequin,ignored,external local archive + SHA-256 manifest required,中,NO
仍被使用,Content/Assets/Mannequins,Content/Assets/Mannequins/Meshes/SK_Mannequin.uasset,191166,Skeleton,角色 / 动作 / 重定向,,dependency of /Game/Assets/Mannequins/Rigs/CR_Mannequin_FootIK,/Game/Assets/Mannequins/Meshes/SKM_Quinn_Simple; /Game/Assets/Mannequins/Rigs/CR_Mannequin_FootIK; /Game/Assets/Mannequins/Meshes/SKM_Manny_Simple; /Game/Assets/Mannequins/Anims/Unarmed/MM_Idle; /Game/Assets/Mannequins/Anims/Unarmed/BS_Idle_Walk_Run; /Game/Assets/Mannequins/Anims/Unarmed/Walk/MF_Unarmed_Walk_Right; /Game/Assets/Mannequins/Anims/Unarmed/Walk/MF_Unarmed_Walk_Left; /Game/Assets/Mannequins/Anims/Unarmed/Walk/MF_Unarmed_Walk_Fwd_Right; /Game/Assets/Mannequins/Anims/Unarmed/Walk/MF_Unarmed_Walk_Fwd_Left; /Game/Assets/Mannequins/Anims/Unarmed/Walk/MF_Unarmed_Walk_Fwd; /Game/Assets/Mannequins/Anims/Unarmed/Walk/MF_Unarmed_Walk_Bwd_Right; /Game/Assets/Mannequins/Anims/Unarmed/Walk/MF_Unarmed_Walk_Bwd_Left; /Game/Assets/Mannequins/Anims/Unarmed/Walk/MF_Unarmed_Walk_Bwd; /Game/Assets/Mannequins/Anims/Unarmed/Jog/MF_Unarmed_Jog_Right; /Game/Assets/Mannequins/Anims/Unarmed/Jog/MF_Unarmed_Jog_Left; /Game/Assets/Mannequins/Anims/Unarmed/Jog/MF_Unarmed_Jog_Fwd_Right; /Game/Assets/Mannequins/Anims/Unarmed/Jog/MF_Unarmed_Jog_Fwd_Left; /Game/Assets/Mannequins/Anims/Unarmed/Jog/MF_Unarmed_Jog_Fwd; /Game/Assets/Mannequins/Anims/Unarmed/Jog/MF_Unarmed_Jog_Bwd_Right; /Game/Assets/Mannequins/Anims/Unarmed/Jog/MF_Unarmed_Jog_Bwd_Left; /Game/Assets/Mannequins/Anims/Unarmed/Jog/MF_Unarmed_Jog_Bwd; /Game/Assets/Mannequins/Anims/Unarmed/ABP_Unarmed; /Game/Assets/Mannequins/Anims/Unarmed/Jump/MM_Land; /Game/Assets/Mannequins/Anims/Unarmed/Jump/MM_Jump; /Game/Assets/Mannequins/Anims/Unarmed/Jump/MM_Fall_Loop; /Game/Assets/Mannequins/Anims/Unarmed/Attack/MM_ChargedAttack; /Game/Assets/Mannequins/Anims/Unarmed/Attack/MM_Attack_01; /Game/Assets/Mannequins/Anims/Rifle/HitReact/MM_HitReact_Front_Med_01,ignored,external local archive + SHA-256 manifest required,保留,NO
仍被使用,Content/Assets/Mannequins,Content/Assets/Mannequins/Meshes/SKM_Manny_Simple.uasset,15828446,SkeletalMesh,角色 / 动作 / 重定向,,dependency of /Game/Assets/Mannequins/Rigs/CR_Mannequin_FootIK,/Game/Assets/Mannequins/Rigs/CR_Mannequin_Body; /Game/Assets/Mannequins/Rigs/CR_Mannequin_FootIK; /Game/Assets/Mannequins/Rigs/PA_Mannequin; /Game/Assets/Mannequins/Meshes/SK_Mannequin,ignored,external local archive + SHA-256 manifest required,保留,NO
仍被使用,Content/Assets/Mannequins,Content/Assets/Mannequins/Meshes/SKM_Quinn_Simple.uasset,16253191,SkeletalMesh,角色 / 动作 / 重定向,,dependency of /Game/Assets/Mannequins/Meshes/SK_Mannequin,/Game/Presentation/Animation/RTG_Combat_Verina; /Game/Assets/Mannequins/Meshes/IK_SKM_Quinn_Simple; /Game/Presentation/Animation/RTG_Combat_Remiel; /Game/Presentation/Animation/RTG_Combat_Huohua; /Game/Presentation/Animation/RTG_Combat_EvernightMoon; /Game/Assets/mmd/Character/Velina/Rigs/RTG_维琳娜6_Mannequin; /Game/Assets/mmd/Character/Sparxie/Rigs/RTG_星穹铁道—火花2_Mannequin; /Game/Assets/Mannequins/Meshes/SK_Mannequin; /Game/Assets/Mannequins/Anims/Unarmed/Walk/MF_Unarmed_Walk_Right; /Game/Assets/Mannequins/Anims/Unarmed/Walk/MF_Unarmed_Walk_Left; /Game/Assets/Mannequins/Anims/Unarmed/Walk/MF_Unarmed_Walk_Fwd_Right; /Game/Assets/Mannequins/Anims/Unarmed/Walk/MF_Unarmed_Walk_Fwd_Left; /Game/Assets/Mannequins/Anims/Unarmed/Walk/MF_Unarmed_Walk_Fwd; /Game/Assets/Mannequins/Anims/Unarmed/Walk/MF_Unarmed_Walk_Bwd_Right; /Game/Assets/Mannequins/Anims/Unarmed/Walk/MF_Unarmed_Walk_Bwd_Left; /Game/Assets/Mannequins/Anims/Unarmed/Walk/MF_Unarmed_Walk_Bwd; /Game/Assets/Mannequins/Anims/Unarmed/Jog/MF_Unarmed_Jog_Right; /Game/Assets/Mannequins/Anims/Unarmed/Jog/MF_Unarmed_Jog_Left; /Game/Assets/Mannequins/Anims/Unarmed/Jog/MF_Unarmed_Jog_Fwd_Right; /Game/Assets/Mannequins/Anims/Unarmed/Jog/MF_Unarmed_Jog_Fwd_Left; /Game/Assets/Mannequins/Anims/Unarmed/Jog/MF_Unarmed_Jog_Fwd; /Game/Assets/Mannequins/Anims/Unarmed/Jog/MF_Unarmed_Jog_Bwd_Right; /Game/Assets/Mannequins/Anims/Unarmed/Jog/MF_Unarmed_Jog_Bwd_Left; /Game/Assets/Mannequins/Anims/Unarmed/Jog/MF_Unarmed_Jog_Bwd,ignored,external local archive + SHA-256 manifest required,保留,NO
仍被使用,Content/Assets/Mannequins,Content/Assets/Mannequins/Rigs/CR_Mannequin_Body.uasset,16668532,ControlRigBlueprint,蓝图 / 数据 / 其他资源,,dependency of /Game/Assets/Mannequins/Meshes/SKM_Quinn_Simple,/Game/Assets/Mannequins/Meshes/SKM_Quinn_Simple; /Game/Assets/Mannequins/Meshes/SKM_Manny_Simple,ignored,external local archive + SHA-256 manifest required,保留,NO
仍被使用,Content/Assets/Mannequins,Content/Assets/Mannequins/Rigs/CR_Mannequin_FootIK.uasset,498429,ControlRigBlueprint,蓝图 / 数据 / 其他资源,,dependency of /Game/Presentation/Animation/Locomotion/EvernightMoon/FINAL_EvernightMoon_ABP_Unarmed,/Game/Presentation/Animation/PR_ABP_Remiel_Unarmed; /Game/Presentation/Animation/PR_ABP_EvernightMoon_Unarmed; /Game/Presentation/Animation/ABP_Playable_Verina; /Game/Presentation/Animation/ABP_Playable_Remiel; /Game/Presentation/Animation/ABP_Playable_Huohua; /Game/Presentation/Animation/ABP_Playable_EvernightMoon; /Game/Presentation/Animation/Locomotion/Verina/LIVE_Verina_ABP_Unarmed; /Game/Presentation/Animation/Locomotion/Verina/FIX_Verina_ABP_Unarmed; /Game/Presentation/Animation/Locomotion/Verina/FINAL_Verina_ABP_Unarmed; /Game/Presentation/Animation/Locomotion/Remiel/LIVE_Remiel_ABP_Unarmed; /Game/Presentation/Animation/Locomotion/Remiel/FIX_Remiel_ABP_Unarmed; /Game/Presentation/Animation/Locomotion/Remiel/FINAL_Remiel_ABP_Unarmed; /Game/Presentation/Animation/Locomotion/Huohua/LIVE_Huohua_ABP_Unarmed; /Game/Presentation/Animation/Locomotion/Huohua/FIX_Huohua_ABP_Unarmed; /Game/Presentation/Animation/Locomotion/Huohua/FINAL_Huohua_ABP_Unarmed; /Game/Presentation/Animation/Locomotion/EvernightMoon/LIVE_EvernightMoon_ABP_Unarmed; /Game/Presentation/Animation/Locomotion/EvernightMoon/FIX_EvernightMoon_ABP_Unarmed; /Game/Presentation/Animation/Locomotion/EvernightMoon/FINAL_EvernightMoon_ABP_Unarmed; /Game/Assets/mmd/Character/Velina/Animations/ABP_Velina_Unarmed; /Game/Assets/Mannequins/Anims/Unarmed/ABP_Unarmed,ignored,external local archive + SHA-256 manifest required,保留,NO
仍被使用,Content/Assets/Mannequins,Content/Assets/Mannequins/Rigs/PA_Mannequin.uasset,303021,PhysicsAsset,蓝图 / 数据 / 其他资源,,dependency of /Game/Assets/Mannequins/Meshes/SKM_Quinn_Simple,/Game/Assets/Mannequins/Meshes/SKM_Quinn_Simple; /Game/Assets/Mannequins/Meshes/SKM_Manny_Simple,ignored,external local archive + SHA-256 manifest required,保留,NO
仍被使用,Content/Assets/Mannequins,Content/Assets/Mannequins/Textures/Manny/T_Manny_01_BN.uasset,1422874,Texture2D,材质 / 纹理,,dependency of /Game/Assets/Mannequins/Materials/M_Mannequin,/Game/Assets/Mannequins/Materials/Manny/MI_Manny_01_New; /Game/Assets/Mannequins/Materials/M_Mannequin,ignored,external local archive + SHA-256 manifest required,保留,NO
仍被使用,Content/Assets/Mannequins,Content/Assets/Mannequins/Textures/Manny/T_Manny_01_D.uasset,699644,Texture2D,材质 / 纹理,,dependency of /Game/Assets/Mannequins/Materials/M_Mannequin,/Game/Assets/Mannequins/Materials/Manny/MI_Manny_01_New; /Game/Assets/Mannequins/Materials/M_Mannequin,ignored,external local archive + SHA-256 manifest required,保留,NO
仍被使用,Content/Assets/Mannequins,Content/Assets/Mannequins/Textures/Manny/T_Manny_01_MRA.uasset,712683,Texture2D,材质 / 纹理,,dependency of /Game/Assets/Mannequins/Materials/M_Mannequin,/Game/Assets/Mannequins/Materials/Manny/MI_Manny_01_New; /Game/Assets/Mannequins/Materials/M_Mannequin,ignored,external local archive + SHA-256 manifest required,保留,NO
仍被使用,Content/Assets/Mannequins,Content/Assets/Mannequins/Textures/Manny/T_Manny_02_BN.uasset,20999481,Texture2D,材质 / 纹理,,dependency of /Game/Assets/Mannequins/Materials/Manny/MI_Manny_02_New,/Game/Assets/Mannequins/Materials/Manny/MI_Manny_02_New,ignored,external local archive + SHA-256 manifest required,保留,NO
仍被使用,Content/Assets/Mannequins,Content/Assets/Mannequins/Textures/Manny/T_Manny_02_D.uasset,1036801,Texture2D,材质 / 纹理,,dependency of /Game/Assets/Mannequins/Materials/Manny/MI_Manny_02_New,/Game/Assets/Mannequins/Materials/Manny/MI_Manny_02_New,ignored,external local archive + SHA-256 manifest required,保留,NO
仍被使用,Content/Assets/Mannequins,Content/Assets/Mannequins/Textures/Manny/T_Manny_02_MRA.uasset,1059648,Texture2D,材质 / 纹理,,dependency of /Game/Assets/Mannequins/Materials/Manny/MI_Manny_02_New,/Game/Assets/Mannequins/Materials/Manny/MI_Manny_02_New,ignored,external local archive + SHA-256 manifest required,保留,NO
仍被使用,Content/Assets/Mannequins,Content/Assets/Mannequins/Textures/Quinn/T_Quinn_01_D.uasset,674857,Texture2D,材质 / 纹理,,dependency of /Game/Assets/Mannequins/Materials/Quinn/MI_Quinn_01,/Game/Assets/Mannequins/Materials/Quinn/MI_Quinn_01,ignored,external local archive + SHA-256 manifest required,保留,NO
仍被使用,Content/Assets/Mannequins,Content/Assets/Mannequins/Textures/Quinn/T_Quinn_01_MRA.uasset,791686,Texture2D,材质 / 纹理,,dependency of /Game/Assets/Mannequins/Materials/Quinn/MI_Quinn_01,/Game/Assets/Mannequins/Materials/Quinn/MI_Quinn_01,ignored,external local archive + SHA-256 manifest required,保留,NO
仍被使用,Content/Assets/Mannequins,Content/Assets/Mannequins/Textures/Quinn/T_Quinn_01_N.uasset,1263830,Texture2D,材质 / 纹理,,dependency of /Game/Assets/Mannequins/Materials/Quinn/MI_Quinn_01,/Game/Assets/Mannequins/Materials/Quinn/MI_Quinn_01,ignored,external local archive + SHA-256 manifest required,保留,NO
仍被使用,Content/Assets/Mannequins,Content/Assets/Mannequins/Textures/Quinn/T_Quinn_02_D.uasset,943420,Texture2D,材质 / 纹理,,dependency of /Game/Assets/Mannequins/Materials/Quinn/MI_Quinn_02,/Game/Assets/Mannequins/Materials/Quinn/MI_Quinn_02,ignored,external local archive + SHA-256 manifest required,保留,NO
仍被使用,Content/Assets/Mannequins,Content/Assets/Mannequins/Textures/Quinn/T_Quinn_02_MRA.uasset,974188,Texture2D,材质 / 纹理,,dependency of /Game/Assets/Mannequins/Materials/Quinn/MI_Quinn_02,/Game/Assets/Mannequins/Materials/Quinn/MI_Quinn_02,ignored,external local archive + SHA-256 manifest required,保留,NO
仍被使用,Content/Assets/Mannequins,Content/Assets/Mannequins/Textures/Quinn/T_Quinn_02_N.uasset,1524724,Texture2D,材质 / 纹理,,dependency of /Game/Assets/Mannequins/Materials/Quinn/MI_Quinn_02,/Game/Assets/Mannequins/Materials/Quinn/MI_Quinn_02,ignored,external local archive + SHA-256 manifest required,保留,NO
仍被使用,Content/Assets/Mannequins,Content/Assets/Mannequins/Textures/Shared/T_UE_Logo_M.uasset,59693,Texture2D,材质 / 纹理,,dependency of /Game/Assets/Mannequins/Materials/M_Mannequin,/Game/Assets/Mannequins/Materials/Manny/MI_Manny_02_New; /Game/Assets/Mannequins/Materials/M_Mannequin,ignored,external local archive + SHA-256 manifest required,保留,NO
仍被使用,Content/Assets/mmd,Content/Assets/mmd/Character/Evernight/Animations/A_face_星穹铁道—长夜月2.uasset,104342,AnimSequence,角色 / 动作 / 重定向,,dependency of /Game/Assets/mmd/Character/Evernight/Meshes/POSE_face_星穹铁道—长夜月2,/Game/Assets/mmd/Character/Evernight/Meshes/POSE_face_星穹铁道—长夜月2,ignored,external local archive + SHA-256 manifest required,保留,NO
仍被使用,Content/Assets/mmd,Content/Assets/mmd/Character/Evernight/Animations/ABP_Post_星穹铁道—长夜月2.uasset,113740,AnimBlueprint,角色 / 动作 / 重定向,,dependency of /Game/Assets/mmd/Character/Evernight/Meshes/SK_星穹铁道—长夜月2,/Game/Assets/mmd/Character/Evernight/Meshes/SK_星穹铁道—长夜月2,ignored,external local archive + SHA-256 manifest required,保留,NO
仍被使用,Content/Assets/mmd,Content/Assets/mmd/Character/Evernight/Materials/MI_biaoq.uasset,32378,MaterialInstanceConstant,材质 / 纹理,,dependency of /Game/Assets/mmd/Character/Evernight/Meshes/SK_星穹铁道—长夜月2,/Game/Assets/mmd/Character/Evernight/Meshes/SK_星穹铁道—长夜月2; /Game/Assets/mmd/Character/Evernight/VA_星穹铁道—长夜月2_VrmAssetList,ignored,external local archive + SHA-256 manifest required,保留,NO
仍被使用,Content/Assets/mmd,Content/Assets/mmd/Character/Evernight/Materials/MI_biaoq_outline.uasset,25845,MaterialInstanceConstant,材质 / 纹理,,dependency of /Game/Assets/mmd/Character/Evernight/VA_星穹铁道—长夜月2_VrmAssetList,/Game/Assets/mmd/Character/Evernight/VA_星穹铁道—长夜月2_VrmAssetList,ignored,external local archive + SHA-256 manifest required,保留,NO
仍被使用,Content/Assets/mmd,Content/Assets/mmd/Character/Evernight/Materials/MI_內著.uasset,34458,MaterialInstanceConstant,材质 / 纹理,,dependency of /Game/Assets/mmd/Character/Evernight/Meshes/SK_星穹铁道—长夜月2,/Game/Assets/mmd/Character/Evernight/Meshes/SK_星穹铁道—长夜月2; /Game/Assets/mmd/Character/Evernight/VA_星穹铁道—长夜月2_VrmAssetList,ignored,external local archive + SHA-256 manifest required,保留,NO
仍被使用,Content/Assets/mmd,Content/Assets/mmd/Character/Evernight/Materials/MI_內著_outline.uasset,25362,MaterialInstanceConstant,材质 / 纹理,,dependency of /Game/Assets/mmd/Character/Evernight/VA_星穹铁道—长夜月2_VrmAssetList,/Game/Assets/mmd/Character/Evernight/VA_星穹铁道—长夜月2_VrmAssetList,ignored,external local archive + SHA-256 manifest required,保留,NO
仍被使用,Content/Assets/mmd,Content/Assets/mmd/Character/Evernight/Materials/MI_口.uasset,28041,MaterialInstanceConstant,材质 / 纹理,,dependency of /Game/Assets/mmd/Character/Evernight/Meshes/SK_星穹铁道—长夜月2,/Game/Assets/mmd/Character/Evernight/Meshes/SK_星穹铁道—长夜月2; /Game/Assets/mmd/Character/Evernight/VA_星穹铁道—长夜月2_VrmAssetList,ignored,external local archive + SHA-256 manifest required,保留,NO
仍被使用,Content/Assets/mmd,Content/Assets/mmd/Character/Evernight/Materials/MI_口_outline.uasset,25057,MaterialInstanceConstant,材质 / 纹理,,dependency of /Game/Assets/mmd/Character/Evernight/VA_星穹铁道—长夜月2_VrmAssetList,/Game/Assets/mmd/Character/Evernight/VA_星穹铁道—长夜月2_VrmAssetList,ignored,external local archive + SHA-256 manifest required,保留,NO
仍被使用,Content/Assets/mmd,Content/Assets/mmd/Character/Evernight/Materials/MI_後擺+.uasset,34423,MaterialInstanceConstant,材质 / 纹理,,dependency of /Game/Assets/mmd/Character/Evernight/Meshes/SK_星穹铁道—长夜月2,/Game/Assets/mmd/Character/Evernight/Meshes/SK_星穹铁道—长夜月2; /Game/Assets/mmd/Character/Evernight/VA_星穹铁道—长夜月2_VrmAssetList,ignored,external local archive + SHA-256 manifest required,保留,NO
仍被使用,Content/Assets/mmd,Content/Assets/mmd/Character/Evernight/Materials/MI_後擺+_outline.uasset,25190,MaterialInstanceConstant,材质 / 纹理,,dependency of /Game/Assets/mmd/Character/Evernight/VA_星穹铁道—长夜月2_VrmAssetList,/Game/Assets/mmd/Character/Evernight/VA_星穹铁道—长夜月2_VrmAssetList,ignored,external local archive + SHA-256 manifest required,保留,NO
仍被使用,Content/Assets/mmd,Content/Assets/mmd/Character/Evernight/Materials/MI_後擺.uasset,34411,MaterialInstanceConstant,材质 / 纹理,,dependency of /Game/Assets/mmd/Character/Evernight/Meshes/SK_星穹铁道—长夜月2,/Game/Assets/mmd/Character/Evernight/Meshes/SK_星穹铁道—长夜月2; /Game/Assets/mmd/Character/Evernight/VA_星穹铁道—长夜月2_VrmAssetList,ignored,external local archive + SHA-256 manifest required,保留,NO
仍被使用,Content/Assets/mmd,Content/Assets/mmd/Character/Evernight/Materials/MI_後擺_outline.uasset,25178,MaterialInstanceConstant,材质 / 纹理,,dependency of /Game/Assets/mmd/Character/Evernight/VA_星穹铁道—长夜月2_VrmAssetList,/Game/Assets/mmd/Character/Evernight/VA_星穹铁道—长夜月2_VrmAssetList,ignored,external local archive + SHA-256 manifest required,保留,NO
仍被使用,Content/Assets/mmd,Content/Assets/mmd/Character/Evernight/Materials/MI_後擺粉.uasset,34423,MaterialInstanceConstant,材质 / 纹理,,dependency of /Game/Assets/mmd/Character/Evernight/Meshes/SK_星穹铁道—长夜月2,/Game/Assets/mmd/Character/Evernight/Meshes/SK_星穹铁道—长夜月2; /Game/Assets/mmd/Character/Evernight/VA_星穹铁道—长夜月2_VrmAssetList,ignored,external local archive + SHA-256 manifest required,保留,NO
仍被使用,Content/Assets/mmd,Content/Assets/mmd/Character/Evernight/Materials/MI_後擺粉_outline.uasset,25190,MaterialInstanceConstant,材质 / 纹理,,dependency of /Game/Assets/mmd/Character/Evernight/VA_星穹铁道—长夜月2_VrmAssetList,/Game/Assets/mmd/Character/Evernight/VA_星穹铁道—长夜月2_VrmAssetList,ignored,external local archive + SHA-256 manifest required,保留,NO
仍被使用,Content/Assets/mmd,Content/Assets/mmd/Character/Evernight/Materials/MI_後擺花+.uasset,34435,MaterialInstanceConstant,材质 / 纹理,,dependency of /Game/Assets/mmd/Character/Evernight/Meshes/SK_星穹铁道—长夜月2,/Game/Assets/mmd/Character/Evernight/Meshes/SK_星穹铁道—长夜月2; /Game/Assets/mmd/Character/Evernight/VA_星穹铁道—长夜月2_VrmAssetList,ignored,external local archive + SHA-256 manifest required,保留,NO
仍被使用,Content/Assets/mmd,Content/Assets/mmd/Character/Evernight/Materials/MI_後擺花+_outline.uasset,25202,MaterialInstanceConstant,材质 / 纹理,,dependency of /Game/Assets/mmd/Character/Evernight/VA_星穹铁道—长夜月2_VrmAssetList,/Game/Assets/mmd/Character/Evernight/VA_星穹铁道—长夜月2_VrmAssetList,ignored,external local archive + SHA-256 manifest required,保留,NO
仍被使用,Content/Assets/mmd,Content/Assets/mmd/Character/Evernight/Materials/MI_後擺花.uasset,34423,MaterialInstanceConstant,材质 / 纹理,,dependency of /Game/Assets/mmd/Character/Evernight/Meshes/SK_星穹铁道—长夜月2,/Game/Assets/mmd/Character/Evernight/Meshes/SK_星穹铁道—长夜月2; /Game/Assets/mmd/Character/Evernight/VA_星穹铁道—长夜月2_VrmAssetList,ignored,external local archive + SHA-256 manifest required,保留,NO
仍被使用,Content/Assets/mmd,Content/Assets/mmd/Character/Evernight/Materials/MI_後擺花_outline.uasset,25190,MaterialInstanceConstant,材质 / 纹理,,dependency of /Game/Assets/mmd/Character/Evernight/VA_星穹铁道—长夜月2_VrmAssetList,/Game/Assets/mmd/Character/Evernight/VA_星穹铁道—长夜月2_VrmAssetList,ignored,external local archive + SHA-256 manifest required,保留,NO
仍被使用,Content/Assets/mmd,Content/Assets/mmd/Character/Evernight/Materials/MI_後結透+.uasset,34435,MaterialInstanceConstant,材质 / 纹理,,dependency of /Game/Assets/mmd/Character/Evernight/Meshes/SK_星穹铁道—长夜月2,/Game/Assets/mmd/Character/Evernight/Meshes/SK_星穹铁道—长夜月2; /Game/Assets/mmd/Character/Evernight/VA_星穹铁道—长夜月2_VrmAssetList,ignored,external local archive + SHA-256 manifest required,保留,NO
仍被使用,Content/Assets/mmd,Content/Assets/mmd/Character/Evernight/Materials/MI_後結透+_outline.uasset,25202,MaterialInstanceConstant,材质 / 纹理,,dependency of /Game/Assets/mmd/Character/Evernight/VA_星穹铁道—长夜月2_VrmAssetList,/Game/Assets/mmd/Character/Evernight/VA_星穹铁道—长夜月2_VrmAssetList,ignored,external local archive + SHA-256 manifest required,保留,NO
仍被使用,Content/Assets/mmd,Content/Assets/mmd/Character/Evernight/Materials/MI_後結透.uasset,34423,MaterialInstanceConstant,材质 / 纹理,,dependency of /Game/Assets/mmd/Character/Evernight/Meshes/SK_星穹铁道—长夜月2,/Game/Assets/mmd/Character/Evernight/Meshes/SK_星穹铁道—长夜月2; /Game/Assets/mmd/Character/Evernight/VA_星穹铁道—长夜月2_VrmAssetList,ignored,external local archive + SHA-256 manifest required,保留,NO
仍被使用,Content/Assets/mmd,Content/Assets/mmd/Character/Evernight/Materials/MI_後結透_outline.uasset,25190,MaterialInstanceConstant,材质 / 纹理,,dependency of /Game/Assets/mmd/Character/Evernight/VA_星穹铁道—长夜月2_VrmAssetList,/Game/Assets/mmd/Character/Evernight/VA_星穹铁道—长夜月2_VrmAssetList,ignored,external local archive + SHA-256 manifest required,保留,NO
仍被使用,Content/Assets/mmd,Content/Assets/mmd/Character/Evernight/Materials/MI_手套.uasset,34458,MaterialInstanceConstant,材质 / 纹理,,dependency of /Game/Assets/mmd/Character/Evernight/Meshes/SK_星穹铁道—长夜月2,/Game/Assets/mmd/Character/Evernight/Meshes/SK_星穹铁道—长夜月2; /Game/Assets/mmd/Character/Evernight/VA_星穹铁道—长夜月2_VrmAssetList,ignored,external local archive + SHA-256 manifest required,保留,NO
仍被使用,Content/Assets/mmd,Content/Assets/mmd/Character/Evernight/Materials/MI_手套_outline.uasset,25362,MaterialInstanceConstant,材质 / 纹理,,dependency of /Game/Assets/mmd/Character/Evernight/VA_星穹铁道—长夜月2_VrmAssetList,/Game/Assets/mmd/Character/Evernight/VA_星穹铁道—长夜月2_VrmAssetList,ignored,external local archive + SHA-256 manifest required,保留,NO
仍被使用,Content/Assets/mmd,Content/Assets/mmd/Character/Evernight/Materials/MI_白目.uasset,28053,MaterialInstanceConstant,材质 / 纹理,,dependency of /Game/Assets/mmd/Character/Evernight/Meshes/SK_星穹铁道—长夜月2,/Game/Assets/mmd/Character/Evernight/Meshes/SK_星穹铁道—长夜月2; /Game/Assets/mmd/Character/Evernight/VA_星穹铁道—长夜月2_VrmAssetList,ignored,external local archive + SHA-256 manifest required,保留,NO
仍被使用,Content/Assets/mmd,Content/Assets/mmd/Character/Evernight/Materials/MI_白目_outline.uasset,25069,MaterialInstanceConstant,材质 / 纹理,,dependency of /Game/Assets/mmd/Character/Evernight/VA_星穹铁道—长夜月2_VrmAssetList,/Game/Assets/mmd/Character/Evernight/VA_星穹铁道—长夜月2_VrmAssetList,ignored,external local archive + SHA-256 manifest required,保留,NO
仍被使用,Content/Assets/mmd,Content/Assets/mmd/Character/Evernight/Materials/MI_目.uasset,28041,MaterialInstanceConstant,材质 / 纹理,,dependency of /Game/Assets/mmd/Character/Evernight/Meshes/SK_星穹铁道—长夜月2,/Game/Assets/mmd/Character/Evernight/Meshes/SK_星穹铁道—长夜月2; /Game/Assets/mmd/Character/Evernight/VA_星穹铁道—长夜月2_VrmAssetList,ignored,external local archive + SHA-256 manifest required,保留,NO
仍被使用,Content/Assets/mmd,Content/Assets/mmd/Character/Evernight/Materials/MI_目_outline.uasset,25057,MaterialInstanceConstant,材质 / 纹理,,dependency of /Game/Assets/mmd/Character/Evernight/VA_星穹铁道—长夜月2_VrmAssetList,/Game/Assets/mmd/Character/Evernight/VA_星穹铁道—长夜月2_VrmAssetList,ignored,external local archive + SHA-256 manifest required,保留,NO
仍被使用,Content/Assets/mmd,Content/Assets/mmd/Character/Evernight/Materials/MI_目光.uasset,28053,MaterialInstanceConstant,材质 / 纹理,,dependency of /Game/Assets/mmd/Character/Evernight/Meshes/SK_星穹铁道—长夜月2,/Game/Assets/mmd/Character/Evernight/Meshes/SK_星穹铁道—长夜月2; /Game/Assets/mmd/Character/Evernight/VA_星穹铁道—长夜月2_VrmAssetList,ignored,external local archive + SHA-256 manifest required,保留,NO
仍被使用,Content/Assets/mmd,Content/Assets/mmd/Character/Evernight/Materials/MI_目光_outline.uasset,25069,MaterialInstanceConstant,材质 / 纹理,,dependency of /Game/Assets/mmd/Character/Evernight/VA_星穹铁道—长夜月2_VrmAssetList,/Game/Assets/mmd/Character/Evernight/VA_星穹铁道—长夜月2_VrmAssetList,ignored,external local archive + SHA-256 manifest required,保留,NO
仍被使用,Content/Assets/mmd,Content/Assets/mmd/Character/Evernight/Materials/MI_目影.uasset,25695,MaterialInstanceConstant,材质 / 纹理,,dependency of /Game/Assets/mmd/Character/Evernight/Meshes/SK_星穹铁道—长夜月2,/Game/Assets/mmd/Character/Evernight/Meshes/SK_星穹铁道—长夜月2; /Game/Assets/mmd/Character/Evernight/VA_星穹铁道—长夜月2_VrmAssetList,ignored,external local archive + SHA-256 manifest required,保留,NO
仍被使用,Content/Assets/mmd,Content/Assets/mmd/Character/Evernight/Materials/MI_目影_outline.uasset,25069,MaterialInstanceConstant,材质 / 纹理,,dependency of /Game/Assets/mmd/Character/Evernight/VA_星穹铁道—长夜月2_VrmAssetList,/Game/Assets/mmd/Character/Evernight/VA_星穹铁道—长夜月2_VrmAssetList,ignored,external local archive + SHA-256 manifest required,保留,NO
仍被使用,Content/Assets/mmd,Content/Assets/mmd/Character/Evernight/Materials/MI_眉睫.uasset,28053,MaterialInstanceConstant,材质 / 纹理,,dependency of /Game/Assets/mmd/Character/Evernight/Meshes/SK_星穹铁道—长夜月2,/Game/Assets/mmd/Character/Evernight/Meshes/SK_星穹铁道—长夜月2; /Game/Assets/mmd/Character/Evernight/VA_星穹铁道—长夜月2_VrmAssetList,ignored,external local archive + SHA-256 manifest required,保留,NO
仍被使用,Content/Assets/mmd,Content/Assets/mmd/Character/Evernight/Materials/MI_眉睫_outline.uasset,25069,MaterialInstanceConstant,材质 / 纹理,,dependency of /Game/Assets/mmd/Character/Evernight/VA_星穹铁道—长夜月2_VrmAssetList,/Game/Assets/mmd/Character/Evernight/VA_星穹铁道—长夜月2_VrmAssetList,ignored,external local archive + SHA-256 manifest required,保留,NO
仍被使用,Content/Assets/mmd,Content/Assets/mmd/Character/Evernight/Materials/MI_肌.uasset,34399,MaterialInstanceConstant,材质 / 纹理,,dependency of /Game/Assets/mmd/Character/Evernight/Meshes/SK_星穹铁道—长夜月2,/Game/Assets/mmd/Character/Evernight/Meshes/SK_星穹铁道—长夜月2; /Game/Assets/mmd/Character/Evernight/VA_星穹铁道—长夜月2_VrmAssetList,ignored,external local archive + SHA-256 manifest required,保留,NO
仍被使用,Content/Assets/mmd,Content/Assets/mmd/Character/Evernight/Materials/MI_肌2.uasset,34411,MaterialInstanceConstant,材质 / 纹理,,dependency of /Game/Assets/mmd/Character/Evernight/Meshes/SK_星穹铁道—长夜月2,/Game/Assets/mmd/Character/Evernight/Meshes/SK_星穹铁道—长夜月2; /Game/Assets/mmd/Character/Evernight/VA_星穹铁道—长夜月2_VrmAssetList,ignored,external local archive + SHA-256 manifest required,保留,NO
仍被使用,Content/Assets/mmd,Content/Assets/mmd/Character/Evernight/Materials/MI_肌2_outline.uasset,25178,MaterialInstanceConstant,材质 / 纹理,,dependency of /Game/Assets/mmd/Character/Evernight/VA_星穹铁道—长夜月2_VrmAssetList,/Game/Assets/mmd/Character/Evernight/VA_星穹铁道—长夜月2_VrmAssetList,ignored,external local archive + SHA-256 manifest required,保留,NO
仍被使用,Content/Assets/mmd,Content/Assets/mmd/Character/Evernight/Materials/MI_肌_outline.uasset,25166,MaterialInstanceConstant,材质 / 纹理,,dependency of /Game/Assets/mmd/Character/Evernight/VA_星穹铁道—长夜月2_VrmAssetList,/Game/Assets/mmd/Character/Evernight/VA_星穹铁道—长夜月2_VrmAssetList,ignored,external local archive + SHA-256 manifest required,保留,NO
仍被使用,Content/Assets/mmd,Content/Assets/mmd/Character/Evernight/Materials/MI_腿環.uasset,34458,MaterialInstanceConstant,材质 / 纹理,,dependency of /Game/Assets/mmd/Character/Evernight/Meshes/SK_星穹铁道—长夜月2,/Game/Assets/mmd/Character/Evernight/Meshes/SK_星穹铁道—长夜月2; /Game/Assets/mmd/Character/Evernight/VA_星穹铁道—长夜月2_VrmAssetList,ignored,external local archive + SHA-256 manifest required,保留,NO
仍被使用,Content/Assets/mmd,Content/Assets/mmd/Character/Evernight/Materials/MI_腿環_outline.uasset,25362,MaterialInstanceConstant,材质 / 纹理,,dependency of /Game/Assets/mmd/Character/Evernight/VA_星穹铁道—长夜月2_VrmAssetList,/Game/Assets/mmd/Character/Evernight/VA_星穹铁道—长夜月2_VrmAssetList,ignored,external local archive + SHA-256 manifest required,保留,NO
仍被使用,Content/Assets/mmd,Content/Assets/mmd/Character/Evernight/Materials/MI_舌.uasset,28041,MaterialInstanceConstant,材质 / 纹理,,dependency of /Game/Assets/mmd/Character/Evernight/Meshes/SK_星穹铁道—长夜月2,/Game/Assets/mmd/Character/Evernight/Meshes/SK_星穹铁道—长夜月2; /Game/Assets/mmd/Character/Evernight/VA_星穹铁道—长夜月2_VrmAssetList,ignored,external local archive + SHA-256 manifest required,保留,NO
仍被使用,Content/Assets/mmd,Content/Assets/mmd/Character/Evernight/Materials/MI_舌_outline.uasset,25057,MaterialInstanceConstant,材质 / 纹理,,dependency of /Game/Assets/mmd/Character/Evernight/VA_星穹铁道—长夜月2_VrmAssetList,/Game/Assets/mmd/Character/Evernight/VA_星穹铁道—长夜月2_VrmAssetList,ignored,external local archive + SHA-256 manifest required,保留,NO
仍被使用,Content/Assets/mmd,Content/Assets/mmd/Character/Evernight/Materials/MI_衣1+.uasset,34423,MaterialInstanceConstant,材质 / 纹理,,dependency of /Game/Assets/mmd/Character/Evernight/Meshes/SK_星穹铁道—长夜月2,/Game/Assets/mmd/Character/Evernight/Meshes/SK_星穹铁道—长夜月2; /Game/Assets/mmd/Character/Evernight/VA_星穹铁道—长夜月2_VrmAssetList,ignored,external local archive + SHA-256 manifest required,保留,NO
仍被使用,Content/Assets/mmd,Content/Assets/mmd/Character/Evernight/Materials/MI_衣1+_outline.uasset,25190,MaterialInstanceConstant,材质 / 纹理,,dependency of /Game/Assets/mmd/Character/Evernight/VA_星穹铁道—长夜月2_VrmAssetList,/Game/Assets/mmd/Character/Evernight/VA_星穹铁道—长夜月2_VrmAssetList,ignored,external local archive + SHA-256 manifest required,保留,NO
仍被使用,Content/Assets/mmd,Content/Assets/mmd/Character/Evernight/Materials/MI_衣1.uasset,34411,MaterialInstanceConstant,材质 / 纹理,,dependency of /Game/Assets/mmd/Character/Evernight/Meshes/SK_星穹铁道—长夜月2,/Game/Assets/mmd/Character/Evernight/Meshes/SK_星穹铁道—长夜月2; /Game/Assets/mmd/Character/Evernight/VA_星穹铁道—长夜月2_VrmAssetList,ignored,external local archive + SHA-256 manifest required,保留,NO
仍被使用,Content/Assets/mmd,Content/Assets/mmd/Character/Evernight/Materials/MI_衣1_outline.uasset,25178,MaterialInstanceConstant,材质 / 纹理,,dependency of /Game/Assets/mmd/Character/Evernight/VA_星穹铁道—长夜月2_VrmAssetList,/Game/Assets/mmd/Character/Evernight/VA_星穹铁道—长夜月2_VrmAssetList,ignored,external local archive + SHA-256 manifest required,保留,NO
仍被使用,Content/Assets/mmd,Content/Assets/mmd/Character/Evernight/Materials/MI_衣3.uasset,34458,MaterialInstanceConstant,材质 / 纹理,,dependency of /Game/Assets/mmd/Character/Evernight/Meshes/SK_星穹铁道—长夜月2,/Game/Assets/mmd/Character/Evernight/Meshes/SK_星穹铁道—长夜月2; /Game/Assets/mmd/Character/Evernight/VA_星穹铁道—长夜月2_VrmAssetList,ignored,external local archive + SHA-256 manifest required,保留,NO
仍被使用,Content/Assets/mmd,Content/Assets/mmd/Character/Evernight/Materials/MI_衣3_outline.uasset,25362,MaterialInstanceConstant,材质 / 纹理,,dependency of /Game/Assets/mmd/Character/Evernight/VA_星穹铁道—长夜月2_VrmAssetList,/Game/Assets/mmd/Character/Evernight/VA_星穹铁道—长夜月2_VrmAssetList,ignored,external local archive + SHA-256 manifest required,保留,NO
仍被使用,Content/Assets/mmd,Content/Assets/mmd/Character/Evernight/Materials/MI_衣金屬+.uasset,34435,MaterialInstanceConstant,材质 / 纹理,,dependency of /Game/Assets/mmd/Character/Evernight/Meshes/SK_星穹铁道—长夜月2,/Game/Assets/mmd/Character/Evernight/Meshes/SK_星穹铁道—长夜月2; /Game/Assets/mmd/Character/Evernight/VA_星穹铁道—长夜月2_VrmAssetList,ignored,external local archive + SHA-256 manifest required,保留,NO
仍被使用,Content/Assets/mmd,Content/Assets/mmd/Character/Evernight/Materials/MI_衣金屬+_outline.uasset,25202,MaterialInstanceConstant,材质 / 纹理,,dependency of /Game/Assets/mmd/Character/Evernight/VA_星穹铁道—长夜月2_VrmAssetList,/Game/Assets/mmd/Character/Evernight/VA_星穹铁道—长夜月2_VrmAssetList,ignored,external local archive + SHA-256 manifest required,保留,NO
仍被使用,Content/Assets/mmd,Content/Assets/mmd/Character/Evernight/Materials/MI_衣金屬.uasset,34423,MaterialInstanceConstant,材质 / 纹理,,dependency of /Game/Assets/mmd/Character/Evernight/Meshes/SK_星穹铁道—长夜月2,/Game/Assets/mmd/Character/Evernight/Meshes/SK_星穹铁道—长夜月2; /Game/Assets/mmd/Character/Evernight/VA_星穹铁道—长夜月2_VrmAssetList,ignored,external local archive + SHA-256 manifest required,保留,NO
仍被使用,Content/Assets/mmd,Content/Assets/mmd/Character/Evernight/Materials/MI_衣金屬2.uasset,34435,MaterialInstanceConstant,材质 / 纹理,,dependency of /Game/Assets/mmd/Character/Evernight/Meshes/SK_星穹铁道—长夜月2,/Game/Assets/mmd/Character/Evernight/Meshes/SK_星穹铁道—长夜月2; /Game/Assets/mmd/Character/Evernight/VA_星穹铁道—长夜月2_VrmAssetList,ignored,external local archive + SHA-256 manifest required,保留,NO
仍被使用,Content/Assets/mmd,Content/Assets/mmd/Character/Evernight/Materials/MI_衣金屬2_outline.uasset,25202,MaterialInstanceConstant,材质 / 纹理,,dependency of /Game/Assets/mmd/Character/Evernight/VA_星穹铁道—长夜月2_VrmAssetList,/Game/Assets/mmd/Character/Evernight/VA_星穹铁道—长夜月2_VrmAssetList,ignored,external local archive + SHA-256 manifest required,保留,NO
仍被使用,Content/Assets/mmd,Content/Assets/mmd/Character/Evernight/Materials/MI_衣金屬_outline.uasset,25190,MaterialInstanceConstant,材质 / 纹理,,dependency of /Game/Assets/mmd/Character/Evernight/VA_星穹铁道—长夜月2_VrmAssetList,/Game/Assets/mmd/Character/Evernight/VA_星穹铁道—长夜月2_VrmAssetList,ignored,external local archive + SHA-256 manifest required,保留,NO
仍被使用,Content/Assets/mmd,Content/Assets/mmd/Character/Evernight/Materials/MI_鞋.uasset,34399,MaterialInstanceConstant,材质 / 纹理,,dependency of /Game/Assets/mmd/Character/Evernight/Meshes/SK_星穹铁道—长夜月2,/Game/Assets/mmd/Character/Evernight/Meshes/SK_星穹铁道—长夜月2; /Game/Assets/mmd/Character/Evernight/VA_星穹铁道—长夜月2_VrmAssetList,ignored,external local archive + SHA-256 manifest required,保留,NO
仍被使用,Content/Assets/mmd,Content/Assets/mmd/Character/Evernight/Materials/MI_鞋_outline.uasset,25166,MaterialInstanceConstant,材质 / 纹理,,dependency of /Game/Assets/mmd/Character/Evernight/VA_星穹铁道—长夜月2_VrmAssetList,/Game/Assets/mmd/Character/Evernight/VA_星穹铁道—长夜月2_VrmAssetList,ignored,external local archive + SHA-256 manifest required,保留,NO
仍被使用,Content/Assets/mmd,Content/Assets/mmd/Character/Evernight/Materials/MI_顏+.uasset,26881,MaterialInstanceConstant,材质 / 纹理,,dependency of /Game/Assets/mmd/Character/Evernight/Meshes/SK_星穹铁道—长夜月2,/Game/Assets/mmd/Character/Evernight/Meshes/SK_星穹铁道—长夜月2; /Game/Assets/mmd/Character/Evernight/VA_星穹铁道—长夜月2_VrmAssetList,ignored,external local archive + SHA-256 manifest required,保留,NO
仍被使用,Content/Assets/mmd,Content/Assets/mmd/Character/Evernight/Materials/MI_顏+_outline.uasset,25569,MaterialInstanceConstant,材质 / 纹理,,dependency of /Game/Assets/mmd/Character/Evernight/VA_星穹铁道—长夜月2_VrmAssetList,/Game/Assets/mmd/Character/Evernight/VA_星穹铁道—长夜月2_VrmAssetList,ignored,external local archive + SHA-256 manifest required,保留,NO
仍被使用,Content/Assets/mmd,Content/Assets/mmd/Character/Evernight/Materials/MI_顏.uasset,28041,MaterialInstanceConstant,材质 / 纹理,,dependency of /Game/Assets/mmd/Character/Evernight/Meshes/SK_星穹铁道—长夜月2,/Game/Assets/mmd/Character/Evernight/Meshes/SK_星穹铁道—长夜月2; /Game/Assets/mmd/Character/Evernight/VA_星穹铁道—长夜月2_VrmAssetList,ignored,external local archive + SHA-256 manifest required,保留,NO
仍被使用,Content/Assets/mmd,Content/Assets/mmd/Character/Evernight/Materials/MI_顏_outline.uasset,25057,MaterialInstanceConstant,材质 / 纹理,,dependency of /Game/Assets/mmd/Character/Evernight/VA_星穹铁道—长夜月2_VrmAssetList,/Game/Assets/mmd/Character/Evernight/VA_星穹铁道—长夜月2_VrmAssetList,ignored,external local archive + SHA-256 manifest required,保留,NO
仍被使用,Content/Assets/mmd,Content/Assets/mmd/Character/Evernight/Materials/MI_飄帶+.uasset,34423,MaterialInstanceConstant,材质 / 纹理,,dependency of /Game/Assets/mmd/Character/Evernight/Meshes/SK_星穹铁道—长夜月2,/Game/Assets/mmd/Character/Evernight/Meshes/SK_星穹铁道—长夜月2; /Game/Assets/mmd/Character/Evernight/VA_星穹铁道—长夜月2_VrmAssetList,ignored,external local archive + SHA-256 manifest required,保留,NO
仍被使用,Content/Assets/mmd,Content/Assets/mmd/Character/Evernight/Materials/MI_飄帶+_outline.uasset,25190,MaterialInstanceConstant,材质 / 纹理,,dependency of /Game/Assets/mmd/Character/Evernight/VA_星穹铁道—长夜月2_VrmAssetList,/Game/Assets/mmd/Character/Evernight/VA_星穹铁道—长夜月2_VrmAssetList,ignored,external local archive + SHA-256 manifest required,保留,NO
仍被使用,Content/Assets/mmd,Content/Assets/mmd/Character/Evernight/Materials/MI_飄帶.uasset,34411,MaterialInstanceConstant,材质 / 纹理,,dependency of /Game/Assets/mmd/Character/Evernight/Meshes/SK_星穹铁道—长夜月2,/Game/Assets/mmd/Character/Evernight/Meshes/SK_星穹铁道—长夜月2; /Game/Assets/mmd/Character/Evernight/VA_星穹铁道—长夜月2_VrmAssetList,ignored,external local archive + SHA-256 manifest required,保留,NO
仍被使用,Content/Assets/mmd,Content/Assets/mmd/Character/Evernight/Materials/MI_飄帶_outline.uasset,25178,MaterialInstanceConstant,材质 / 纹理,,dependency of /Game/Assets/mmd/Character/Evernight/VA_星穹铁道—长夜月2_VrmAssetList,/Game/Assets/mmd/Character/Evernight/VA_星穹铁道—长夜月2_VrmAssetList,ignored,external local archive + SHA-256 manifest required,保留,NO
仍被使用,Content/Assets/mmd,Content/Assets/mmd/Character/Evernight/Materials/MI_髪.uasset,30262,MaterialInstanceConstant,材质 / 纹理,,dependency of /Game/Assets/mmd/Character/Evernight/Meshes/SK_星穹铁道—长夜月2,/Game/Assets/mmd/Character/Evernight/Meshes/SK_星穹铁道—长夜月2; /Game/Assets/mmd/Character/Evernight/VA_星穹铁道—长夜月2_VrmAssetList,ignored,external local archive + SHA-256 manifest required,保留,NO
仍被使用,Content/Assets/mmd,Content/Assets/mmd/Character/Evernight/Materials/MI_髪_outline.uasset,25057,MaterialInstanceConstant,材质 / 纹理,,dependency of /Game/Assets/mmd/Character/Evernight/VA_星穹铁道—长夜月2_VrmAssetList,/Game/Assets/mmd/Character/Evernight/VA_星穹铁道—长夜月2_VrmAssetList,ignored,external local archive + SHA-256 manifest required,保留,NO
仍被使用,Content/Assets/mmd,Content/Assets/mmd/Character/Evernight/Materials/MI_齒.uasset,28041,MaterialInstanceConstant,材质 / 纹理,,dependency of /Game/Assets/mmd/Character/Evernight/Meshes/SK_星穹铁道—长夜月2,/Game/Assets/mmd/Character/Evernight/Meshes/SK_星穹铁道—长夜月2; /Game/Assets/mmd/Character/Evernight/VA_星穹铁道—长夜月2_VrmAssetList,ignored,external local archive + SHA-256 manifest required,保留,NO
仍被使用,Content/Assets/mmd,Content/Assets/mmd/Character/Evernight/Materials/MI_齒_outline.uasset,25057,MaterialInstanceConstant,材质 / 纹理,,dependency of /Game/Assets/mmd/Character/Evernight/VA_星穹铁道—长夜月2_VrmAssetList,/Game/Assets/mmd/Character/Evernight/VA_星穹铁道—长夜月2_VrmAssetList,ignored,external local archive + SHA-256 manifest required,保留,NO
仍被使用,Content/Assets/mmd,Content/Assets/mmd/Character/Evernight/Meshes/POSE_face_星穹铁道—长夜月2.uasset,60421,PoseAsset,蓝图 / 数据 / 其他资源,,dependency of /Game/Assets/mmd/Character/Evernight/VA_星穹铁道—长夜月2_VrmAssetList,/Game/Assets/mmd/Character/Evernight/VA_星穹铁道—长夜月2_VrmAssetList,ignored,external local archive + SHA-256 manifest required,保留,NO
仍被使用,Content/Assets/mmd,Content/Assets/mmd/Character/Evernight/Meshes/POSE_retarget_星穹铁道—长夜月2.uasset,421448,PoseAsset,蓝图 / 数据 / 其他资源,,dependency of /Game/Assets/mmd/Character/Evernight/VA_星穹铁道—长夜月2_VrmAssetList,/Game/Assets/mmd/Character/Evernight/VA_星穹铁道—长夜月2_VrmAssetList,ignored,external local archive + SHA-256 manifest required,保留,NO
仍被使用,Content/Assets/mmd,Content/Assets/mmd/Character/Evernight/Meshes/SK_星穹铁道—长夜月2.uasset,10867985,SkeletalMesh,角色 / 动作 / 重定向,,dependency of /Game/Data/VerticalSlice/Characters/DA_Character_EvernightMoon,/Game/Presentation/Animation/RTG_EvernightMoon; /Game/Assets/mmd/Character/Evernight/Rigs/IK_星穹铁道—长夜月2_VrmHumanoid; /Game/Presentation/Animation/RTG_CompleteDefeat_EvernightMoon; /Game/Assets/mmd/Character/Evernight/Rigs/IK_星穹铁道—长夜月2_Mannequin; /Game/Presentation/Animation/RTG_Combat_EvernightMoon; /Game/Presentation/Animation/PR_MM_Land1; /Game/Assets/mmd/Character/Evernight/Meshes/SKEL_星穹铁道—长夜月2; /Game/Presentation/Animation/PR_MM_Jump1; /Game/Presentation/Animation/PR_MM_Idle2; /Game/Presentation/Animation/PR_MM_Fall_Loop1; /Game/Presentation/Animation/PR_MF_Unarmed_Walk_Right1; /Game/Presentation/Animation/PR_MF_Unarmed_Walk_Left1; /Game/Presentation/Animation/PR_MF_Unarmed_Walk_Fwd_Right1; /Game/Presentation/Animation/PR_MF_Unarmed_Walk_Fwd_Left1; /Game/Presentation/Animation/PR_MF_Unarmed_Walk_Fwd1; /Game/Presentation/Animation/PR_MF_Unarmed_Walk_Bwd_Right1; /Game/Presentation/Animation/PR_MF_Unarmed_Walk_Bwd_Left1; /Game/Presentation/Animation/PR_MF_Unarmed_Walk_Bwd1; /Game/Presentation/Animation/PR_MF_Unarmed_Jog_Right1; /Game/Presentation/Animation/PR_MF_Unarmed_Jog_Left1; /Game/Presentation/Animation/PR_MF_Unarmed_Jog_Fwd_Right1; /Game/Presentation/Animation/PR_MF_Unarmed_Jog_Fwd_Left1; /Game/Presentation/Animation/PR_MF_Unarmed_Jog_Fwd1; /Game/Presentation/Animation/PR_MF_Unarmed_Jog_Bwd_Right1; /Game/Presentation/Animation/PR_MF_Unarmed_Jog_Bwd_Left1; /Game/Presentation/Animation/PR_MF_Unarmed_Jog_Bwd1; /Game/Presentation/Animation/PR_BS_Idle_Walk_Run1; /Game/Presentation/Animation/PR_ABP_EvernightMoon_Unarmed; /Game/Presentation/Animation/Locomotion/EvernightMoon/LIVE_EvernightMoon_MM_Land; /Game/Presentation/Animation/Locomotion/EvernightMoon/LIVE_EvernightMoon_MM_Jump; /Game/Presentation/Animation/Locomotion/EvernightMoon/LIVE_EvernightMoon_MM_Idle; /Game/Presentation/Animation/Locomotion/EvernightMoon/LIVE_EvernightMoon_MM_Fall_Loop; /Game/Presentation/Animation/Locomotion/EvernightMoon/LIVE_EvernightMoon_MF_Unarmed_Walk_Right; /Game/Presentation/Animation/Locomotion/EvernightMoon/LIVE_EvernightMoon_MF_Unarmed_Walk_Left; /Game/Presentation/Animation/Locomotion/EvernightMoon/LIVE_EvernightMoon_MF_Unarmed_Walk_Fwd_Right; /Game/Presentation/Animation/Locomotion/EvernightMoon/LIVE_EvernightMoon_MF_Unarmed_Walk_Fwd_Left; /Game/Presentation/Animation/Locomotion/EvernightMoon/LIVE_EvernightMoon_MF_Unarmed_Walk_Fwd; /Game/Presentation/Animation/Locomotion/EvernightMoon/LIVE_EvernightMoon_MF_Unarmed_Walk_Bwd_Right; /Game/Presentation/Animation/Locomotion/EvernightMoon/LIVE_EvernightMoon_MF_Unarmed_Walk_Bwd_Left; /Game/Presentation/Animation/Locomotion/EvernightMoon/LIVE_EvernightMoon_MF_Unarmed_Walk_Bwd; /Game/Presentation/Animation/Locomotion/EvernightMoon/LIVE_EvernightMoon_MF_Unarmed_Jog_Right; /Game/Presentation/Animation/Locomotion/EvernightMoon/LIVE_EvernightMoon_MF_Unarmed_Jog_Left; /Game/Presentation/Animation/Locomotion/EvernightMoon/LIVE_EvernightMoon_MF_Unarmed_Jog_Fwd_Right; /Game/Presentation/Animation/Locomotion/EvernightMoon/LIVE_EvernightMoon_MF_Unarmed_Jog_Fwd_Left; /Game/Presentation/Animation/Locomotion/EvernightMoon/LIVE_EvernightMoon_MF_Unarmed_Jog_Fwd; /Game/Presentation/Animation/Locomotion/EvernightMoon/LIVE_EvernightMoon_MF_Unarmed_Jog_Bwd_Right; /Game/Presentation/Animation/Locomotion/EvernightMoon/LIVE_EvernightMoon_MF_Unarmed_Jog_Bwd_Left; /Game/Presentation/Animation/Locomotion/EvernightMoon/LIVE_EvernightMoon_MF_Unarmed_Jog_Bwd; /Game/Presentation/Animation/Locomotion/EvernightMoon/LIVE_EvernightMoon_BS_Idle_Walk_Run; /Game/Presentation/Animation/Locomotion/EvernightMoon/LIVE_EvernightMoon_ABP_Unarmed; /Game/Presentation/Animation/Locomotion/EvernightMoon/FIX_EvernightMoon_MM_Land; /Game/Presentation/Animation/Locomotion/EvernightMoon/FIX_EvernightMoon_MM_Jump; /Game/Presentation/Animation/Locomotion/EvernightMoon/FIX_EvernightMoon_MM_Idle; /Game/Presentation/Animation/Locomotion/EvernightMoon/FIX_EvernightMoon_MM_Fall_Loop; /Game/Presentation/Animation/Locomotion/EvernightMoon/FIX_EvernightMoon_MF_Unarmed_Walk_Right; /Game/Presentation/Animation/Locomotion/EvernightMoon/FIX_EvernightMoon_MF_Unarmed_Walk_Left; /Game/Presentation/Animation/Locomotion/EvernightMoon/FIX_EvernightMoon_MF_Unarmed_Walk_Fwd_Right; /Game/Presentation/Animation/Locomotion/EvernightMoon/FIX_EvernightMoon_MF_Unarmed_Walk_Fwd_Left; /Game/Presentation/Animation/Locomotion/EvernightMoon/FIX_EvernightMoon_MF_Unarmed_Walk_Fwd; /Game/Presentation/Animation/Locomotion/EvernightMoon/FIX_EvernightMoon_MF_Unarmed_Walk_Bwd_Right; /Game/Presentation/Animation/Locomotion/EvernightMoon/FIX_EvernightMoon_MF_Unarmed_Walk_Bwd_Left; /Game/Presentation/Animation/Locomotion/EvernightMoon/FIX_EvernightMoon_MF_Unarmed_Walk_Bwd; /Game/Presentation/Animation/Locomotion/EvernightMoon/FIX_EvernightMoon_MF_Unarmed_Jog_Right; /Game/Presentation/Animation/Locomotion/EvernightMoon/FIX_EvernightMoon_MF_Unarmed_Jog_Left; /Game/Presentation/Animation/Locomotion/EvernightMoon/FIX_EvernightMoon_MF_Unarmed_Jog_Fwd_Right; /Game/Presentation/Animation/Locomotion/EvernightMoon/FIX_EvernightMoon_MF_Unarmed_Jog_Fwd_Left; /Game/Presentation/Animation/Locomotion/EvernightMoon/FIX_EvernightMoon_MF_Unarmed_Jog_Fwd; /Game/Presentation/Animation/Locomotion/EvernightMoon/FIX_EvernightMoon_MF_Unarmed_Jog_Bwd_Right; /Game/Presentation/Animation/Locomotion/EvernightMoon/FIX_EvernightMoon_MF_Unarmed_Jog_Bwd_Left; /Game/Presentation/Animation/Locomotion/EvernightMoon/FIX_EvernightMoon_MF_Unarmed_Jog_Bwd; /Game/Presentation/Animation/Locomotion/EvernightMoon/FIX_EvernightMoon_BS_Idle_Walk_Run; /Game/Presentation/Animation/Locomotion/EvernightMoon/FIX_EvernightMoon_ABP_Unarmed; /Game/Presentation/Animation/Locomotion/EvernightMoon/FINAL_EvernightMoon_MM_Land; /Game/Presentation/Animation/Locomotion/EvernightMoon/FINAL_EvernightMoon_MM_Jump; /Game/Presentation/Animation/Locomotion/EvernightMoon/FINAL_EvernightMoon_MM_Idle; /Game/Presentation/Animation/Locomotion/EvernightMoon/FINAL_EvernightMoon_MM_Fall_Loop; /Game/Presentation/Animation/Locomotion/EvernightMoon/FINAL_EvernightMoon_MF_Unarmed_Walk_Right; /Game/Presentation/Animation/Locomotion/EvernightMoon/FINAL_EvernightMoon_MF_Unarmed_Walk_Left; /Game/Presentation/Animation/Locomotion/EvernightMoon/FINAL_EvernightMoon_MF_Unarmed_Walk_Fwd_Right; /Game/Presentation/Animation/Locomotion/EvernightMoon/FINAL_EvernightMoon_MF_Unarmed_Walk_Fwd_Left; /Game/Presentation/Animation/Locomotion/EvernightMoon/FINAL_EvernightMoon_MF_Unarmed_Walk_Fwd; /Game/Presentation/Animation/Locomotion/EvernightMoon/FINAL_EvernightMoon_MF_Unarmed_Walk_Bwd_Right; /Game/Presentation/Animation/Locomotion/EvernightMoon/FINAL_EvernightMoon_MF_Unarmed_Walk_Bwd_Left; /Game/Presentation/Animation/Locomotion/EvernightMoon/FINAL_EvernightMoon_MF_Unarmed_Walk_Bwd; /Game/Presentation/Animation/Locomotion/EvernightMoon/FINAL_EvernightMoon_MF_Unarmed_Jog_Right; /Game/Presentation/Animation/Locomotion/EvernightMoon/FINAL_EvernightMoon_MF_Unarmed_Jog_Left; /Game/Presentation/Animation/Locomotion/EvernightMoon/FINAL_EvernightMoon_MF_Unarmed_Jog_Fwd_Right; /Game/Presentation/Animation/Locomotion/EvernightMoon/FINAL_EvernightMoon_MF_Unarmed_Jog_Fwd_Left; /Game/Presentation/Animation/Locomotion/EvernightMoon/FINAL_EvernightMoon_MF_Unarmed_Jog_Fwd; /Game/Presentation/Animation/Locomotion/EvernightMoon/FINAL_EvernightMoon_MF_Unarmed_Jog_Bwd_Right; /Game/Presentation/Animation/Locomotion/EvernightMoon/FINAL_EvernightMoon_MF_Unarmed_Jog_Bwd_Left; /Game/Presentation/Animation/Locomotion/EvernightMoon/FINAL_EvernightMoon_MF_Unarmed_Jog_Bwd; /Game/Presentation/Animation/Locomotion/EvernightMoon/FINAL_EvernightMoon_BS_Idle_Walk_Run; /Game/Presentation/Animation/Locomotion/EvernightMoon/FINAL_EvernightMoon_ABP_Unarmed; /Game/Presentation/Animation/Combat/LIVE_EvernightMoon_MM_HitReact_Front_Med_01; /Game/Presentation/Animation/Combat/LIVE_EvernightMoon_MM_Death_Front_01; /Game/Presentation/Animation/Combat/LIVE_EvernightMoon_MM_ChargedAttack; /Game/Presentation/Animation/Combat/LIVE_EvernightMoon_MM_Attack_01; /Game/Presentation/Animation/Combat/FULL_EvernightMoon_QuaterniusDeath_Anim; /Game/Presentation/Animation/Combat/EvernightMoon_MM_HitReact_Front_Med_01; /Game/Presentation/Animation/Combat/EvernightMoon_MM_Death_Front_01; /Game/Presentation/Animation/Combat/EvernightMoon_MM_Attack_01; /Game/Data/VerticalSlice/Characters/DA_Character_EvernightMoon; /Game/Assets/mmd/Character/Evernight/VM_星穹铁道—长夜月2_VrmMeta; /Game/Assets/mmd/Character/Evernight/VA_星穹铁道—长夜月2_VrmAssetList; /Game/Assets/mmd/Character/Evernight/Meshes/POSE_retarget_星穹铁道—长夜月2; /Game/Assets/mmd/Character/Evernight/Meshes/POSE_face_星穹铁道—长夜月2; /Game/Assets/mmd/Character/Evernight/Rigs/IK_星穹铁道—长夜月2_MannequinBone; /Game/Assets/mmd/Character/Evernight/Rigs/IK_UEFN_星穹铁道—长夜月2_Mannequin; /Game/Assets/mmd/Character/Evernight/Animations/ABP_Post_星穹铁道—长夜月2; /Game/Assets/mmd/Character/Evernight/Animations/A_face_星穹铁道—长夜月2,ignored,external local archive + SHA-256 manifest required,保留,NO
仍被使用,Content/Assets/mmd,Content/Assets/mmd/Character/Evernight/Meshes/SKEL_星穹铁道—长夜月2.uasset,124615,Skeleton,角色 / 动作 / 重定向,,dependency of /Game/Presentation/Animation/Combat/FULL_EvernightMoon_QuaterniusDeath_Anim,/Game/Assets/mmd/Character/Evernight/Meshes/SK_星穹铁道—长夜月2; /Game/Presentation/Animation/PR_MM_Land1; /Game/Presentation/Animation/PR_MM_Jump1; /Game/Presentation/Animation/PR_MM_Idle2; /Game/Presentation/Animation/PR_MM_Fall_Loop1; /Game/Presentation/Animation/PR_MF_Unarmed_Walk_Right1; /Game/Presentation/Animation/PR_MF_Unarmed_Walk_Left1; /Game/Presentation/Animation/PR_MF_Unarmed_Walk_Fwd_Right1; /Game/Presentation/Animation/PR_MF_Unarmed_Walk_Fwd_Left1; /Game/Presentation/Animation/PR_MF_Unarmed_Walk_Fwd1; /Game/Presentation/Animation/PR_MF_Unarmed_Walk_Bwd_Right1; /Game/Presentation/Animation/PR_MF_Unarmed_Walk_Bwd_Left1; /Game/Presentation/Animation/PR_MF_Unarmed_Walk_Bwd1; /Game/Presentation/Animation/PR_MF_Unarmed_Jog_Right1; /Game/Presentation/Animation/PR_MF_Unarmed_Jog_Left1; /Game/Presentation/Animation/PR_MF_Unarmed_Jog_Fwd_Right1; /Game/Presentation/Animation/PR_MF_Unarmed_Jog_Fwd_Left1; /Game/Presentation/Animation/PR_MF_Unarmed_Jog_Fwd1; /Game/Presentation/Animation/PR_MF_Unarmed_Jog_Bwd_Right1; /Game/Presentation/Animation/PR_MF_Unarmed_Jog_Bwd_Left1; /Game/Presentation/Animation/PR_MF_Unarmed_Jog_Bwd1; /Game/Presentation/Animation/PR_BS_Idle_Walk_Run1; /Game/Presentation/Animation/PR_ABP_EvernightMoon_Unarmed; /Game/Presentation/Animation/ABP_Playable_EvernightMoon; /Game/Presentation/Animation/Locomotion/EvernightMoon/LIVE_EvernightMoon_MM_Land; /Game/Presentation/Animation/Locomotion/EvernightMoon/LIVE_EvernightMoon_MM_Jump; /Game/Presentation/Animation/Locomotion/EvernightMoon/LIVE_EvernightMoon_MM_Idle; /Game/Presentation/Animation/Locomotion/EvernightMoon/LIVE_EvernightMoon_MM_Fall_Loop; /Game/Presentation/Animation/Locomotion/EvernightMoon/LIVE_EvernightMoon_MF_Unarmed_Walk_Right; /Game/Presentation/Animation/Locomotion/EvernightMoon/LIVE_EvernightMoon_MF_Unarmed_Walk_Left; /Game/Presentation/Animation/Locomotion/EvernightMoon/LIVE_EvernightMoon_MF_Unarmed_Walk_Fwd_Right; /Game/Presentation/Animation/Locomotion/EvernightMoon/LIVE_EvernightMoon_MF_Unarmed_Walk_Fwd_Left; /Game/Presentation/Animation/Locomotion/EvernightMoon/LIVE_EvernightMoon_MF_Unarmed_Walk_Fwd; /Game/Presentation/Animation/Locomotion/EvernightMoon/LIVE_EvernightMoon_MF_Unarmed_Walk_Bwd_Right; /Game/Presentation/Animation/Locomotion/EvernightMoon/LIVE_EvernightMoon_MF_Unarmed_Walk_Bwd_Left; /Game/Presentation/Animation/Locomotion/EvernightMoon/LIVE_EvernightMoon_MF_Unarmed_Walk_Bwd; /Game/Presentation/Animation/Locomotion/EvernightMoon/LIVE_EvernightMoon_MF_Unarmed_Jog_Right; /Game/Presentation/Animation/Locomotion/EvernightMoon/LIVE_EvernightMoon_MF_Unarmed_Jog_Left; /Game/Presentation/Animation/Locomotion/EvernightMoon/LIVE_EvernightMoon_MF_Unarmed_Jog_Fwd_Right; /Game/Presentation/Animation/Locomotion/EvernightMoon/LIVE_EvernightMoon_MF_Unarmed_Jog_Fwd_Left; /Game/Presentation/Animation/Locomotion/EvernightMoon/LIVE_EvernightMoon_MF_Unarmed_Jog_Fwd; /Game/Presentation/Animation/Locomotion/EvernightMoon/LIVE_EvernightMoon_MF_Unarmed_Jog_Bwd_Right; /Game/Presentation/Animation/Locomotion/EvernightMoon/LIVE_EvernightMoon_MF_Unarmed_Jog_Bwd_Left; /Game/Presentation/Animation/Locomotion/EvernightMoon/LIVE_EvernightMoon_MF_Unarmed_Jog_Bwd; /Game/Presentation/Animation/Locomotion/EvernightMoon/LIVE_EvernightMoon_BS_Idle_Walk_Run; /Game/Presentation/Animation/Locomotion/EvernightMoon/LIVE_EvernightMoon_ABP_Unarmed; /Game/Presentation/Animation/Locomotion/EvernightMoon/FIX_EvernightMoon_MM_Land; /Game/Presentation/Animation/Locomotion/EvernightMoon/FIX_EvernightMoon_MM_Jump; /Game/Presentation/Animation/Locomotion/EvernightMoon/FIX_EvernightMoon_MM_Idle; /Game/Presentation/Animation/Locomotion/EvernightMoon/FIX_EvernightMoon_MM_Fall_Loop; /Game/Presentation/Animation/Locomotion/EvernightMoon/FIX_EvernightMoon_MF_Unarmed_Walk_Right; /Game/Presentation/Animation/Locomotion/EvernightMoon/FIX_EvernightMoon_MF_Unarmed_Walk_Left; /Game/Presentation/Animation/Locomotion/EvernightMoon/FIX_EvernightMoon_MF_Unarmed_Walk_Fwd_Right; /Game/Presentation/Animation/Locomotion/EvernightMoon/FIX_EvernightMoon_MF_Unarmed_Walk_Fwd_Left; /Game/Presentation/Animation/Locomotion/EvernightMoon/FIX_EvernightMoon_MF_Unarmed_Walk_Fwd; /Game/Presentation/Animation/Locomotion/EvernightMoon/FIX_EvernightMoon_MF_Unarmed_Walk_Bwd_Right; /Game/Presentation/Animation/Locomotion/EvernightMoon/FIX_EvernightMoon_MF_Unarmed_Walk_Bwd_Left; /Game/Presentation/Animation/Locomotion/EvernightMoon/FIX_EvernightMoon_MF_Unarmed_Walk_Bwd; /Game/Presentation/Animation/Locomotion/EvernightMoon/FIX_EvernightMoon_MF_Unarmed_Jog_Right; /Game/Presentation/Animation/Locomotion/EvernightMoon/FIX_EvernightMoon_MF_Unarmed_Jog_Left; /Game/Presentation/Animation/Locomotion/EvernightMoon/FIX_EvernightMoon_MF_Unarmed_Jog_Fwd_Right; /Game/Presentation/Animation/Locomotion/EvernightMoon/FIX_EvernightMoon_MF_Unarmed_Jog_Fwd_Left; /Game/Presentation/Animation/Locomotion/EvernightMoon/FIX_EvernightMoon_MF_Unarmed_Jog_Fwd; /Game/Presentation/Animation/Locomotion/EvernightMoon/FIX_EvernightMoon_MF_Unarmed_Jog_Bwd_Right; /Game/Presentation/Animation/Locomotion/EvernightMoon/FIX_EvernightMoon_MF_Unarmed_Jog_Bwd_Left; /Game/Presentation/Animation/Locomotion/EvernightMoon/FIX_EvernightMoon_MF_Unarmed_Jog_Bwd; /Game/Presentation/Animation/Locomotion/EvernightMoon/FIX_EvernightMoon_BS_Idle_Walk_Run; /Game/Presentation/Animation/Locomotion/EvernightMoon/FIX_EvernightMoon_ABP_Unarmed; /Game/Presentation/Animation/Locomotion/EvernightMoon/FINAL_EvernightMoon_MM_Land; /Game/Presentation/Animation/Locomotion/EvernightMoon/FINAL_EvernightMoon_MM_Jump; /Game/Presentation/Animation/Locomotion/EvernightMoon/FINAL_EvernightMoon_MM_Idle; /Game/Presentation/Animation/Locomotion/EvernightMoon/FINAL_EvernightMoon_MM_Fall_Loop; /Game/Presentation/Animation/Locomotion/EvernightMoon/FINAL_EvernightMoon_MF_Unarmed_Walk_Right; /Game/Presentation/Animation/Locomotion/EvernightMoon/FINAL_EvernightMoon_MF_Unarmed_Walk_Left; /Game/Presentation/Animation/Locomotion/EvernightMoon/FINAL_EvernightMoon_MF_Unarmed_Walk_Fwd_Right; /Game/Presentation/Animation/Locomotion/EvernightMoon/FINAL_EvernightMoon_MF_Unarmed_Walk_Fwd_Left; /Game/Presentation/Animation/Locomotion/EvernightMoon/FINAL_EvernightMoon_MF_Unarmed_Walk_Fwd; /Game/Presentation/Animation/Locomotion/EvernightMoon/FINAL_EvernightMoon_MF_Unarmed_Walk_Bwd_Right; /Game/Presentation/Animation/Locomotion/EvernightMoon/FINAL_EvernightMoon_MF_Unarmed_Walk_Bwd_Left; /Game/Presentation/Animation/Locomotion/EvernightMoon/FINAL_EvernightMoon_MF_Unarmed_Walk_Bwd; /Game/Presentation/Animation/Locomotion/EvernightMoon/FINAL_EvernightMoon_MF_Unarmed_Jog_Right; /Game/Presentation/Animation/Locomotion/EvernightMoon/FINAL_EvernightMoon_MF_Unarmed_Jog_Left; /Game/Presentation/Animation/Locomotion/EvernightMoon/FINAL_EvernightMoon_MF_Unarmed_Jog_Fwd_Right; /Game/Presentation/Animation/Locomotion/EvernightMoon/FINAL_EvernightMoon_MF_Unarmed_Jog_Fwd_Left; /Game/Presentation/Animation/Locomotion/EvernightMoon/FINAL_EvernightMoon_MF_Unarmed_Jog_Fwd; /Game/Presentation/Animation/Locomotion/EvernightMoon/FINAL_EvernightMoon_MF_Unarmed_Jog_Bwd_Right; /Game/Presentation/Animation/Locomotion/EvernightMoon/FINAL_EvernightMoon_MF_Unarmed_Jog_Bwd_Left; /Game/Presentation/Animation/Locomotion/EvernightMoon/FINAL_EvernightMoon_MF_Unarmed_Jog_Bwd; /Game/Presentation/Animation/Locomotion/EvernightMoon/FINAL_EvernightMoon_BS_Idle_Walk_Run; /Game/Presentation/Animation/Locomotion/EvernightMoon/FINAL_EvernightMoon_ABP_Unarmed; /Game/Presentation/Animation/Combat/LIVE_EvernightMoon_MM_HitReact_Front_Med_01; /Game/Presentation/Animation/Combat/LIVE_EvernightMoon_MM_Death_Front_01; /Game/Presentation/Animation/Combat/LIVE_EvernightMoon_MM_ChargedAttack; /Game/Presentation/Animation/Combat/LIVE_EvernightMoon_MM_Attack_01; /Game/Presentation/Animation/Combat/FULL_EvernightMoon_QuaterniusDeath_Anim; /Game/Presentation/Animation/Combat/EvernightMoon_MM_HitReact_Front_Med_01; /Game/Presentation/Animation/Combat/EvernightMoon_MM_Death_Front_01; /Game/Presentation/Animation/Combat/EvernightMoon_MM_Attack_01; /Game/Assets/mmd/Character/Evernight/Meshes/POSE_retarget_星穹铁道—长夜月2; /Game/Assets/mmd/Character/Evernight/Meshes/POSE_face_星穹铁道—长夜月2; /Game/Assets/mmd/Character/Evernight/Animations/ABP_Post_星穹铁道—长夜月2; /Game/Assets/mmd/Character/Evernight/Animations/A_face_星穹铁道—长夜月2,ignored,external local archive + SHA-256 manifest required,保留,NO
待核实,Content/Assets/mmd,Content/Assets/mmd/Character/Evernight/Rigs/IK_UEFN_星穹铁道—长夜月2_Mannequin.uasset,315664,IKRigDefinition,角色 / 动作 / 重定向,,test / authoring dependency: Tools/Presentation/retarget_party.py (dynamic folder); Tools/Presentation/retarget_party.py (dynamic folder),,ignored,external local archive + SHA-256 manifest required,中,NO
待核实,Content/Assets/mmd,Content/Assets/mmd/Character/Evernight/Rigs/IK_星穹铁道—长夜月2_Mannequin.uasset,315608,IKRigDefinition,角色 / 动作 / 重定向,,test / authoring dependency: Tools/Presentation/retarget_party.py (dynamic folder); Tools/Presentation/retarget_party.py (dynamic folder),/Game/Presentation/Animation/RTG_CompleteDefeat_EvernightMoon; /Game/Presentation/Animation/RTG_Combat_EvernightMoon,ignored,external local archive + SHA-256 manifest required,中,NO
待核实,Content/Assets/mmd,Content/Assets/mmd/Character/Evernight/Rigs/IK_星穹铁道—长夜月2_MannequinBone.uasset,312640,IKRigDefinition,角色 / 动作 / 重定向,,test / authoring dependency: Tools/Presentation/retarget_party.py (dynamic folder); Tools/Presentation/retarget_party.py (dynamic folder),,ignored,external local archive + SHA-256 manifest required,中,NO
待核实,Content/Assets/mmd,Content/Assets/mmd/Character/Evernight/Rigs/IK_星穹铁道—长夜月2_VrmHumanoid.uasset,312916,IKRigDefinition,角色 / 动作 / 重定向,,test / authoring dependency: Tools/Presentation/retarget_party.py (dynamic folder); Tools/Presentation/retarget_party.py (dynamic folder),/Game/Presentation/Animation/RTG_EvernightMoon,ignored,external local archive + SHA-256 manifest required,中,NO
仍被使用,Content/Assets/mmd,Content/Assets/mmd/Character/Evernight/SP_星穹铁道—长夜月2.uasset,1257,SubsurfaceProfile,蓝图 / 数据 / 其他资源,,dependency of /Game/Assets/mmd/Character/Evernight/Materials/MI_顏+,/Game/Assets/mmd/Character/Evernight/VA_星穹铁道—长夜月2_VrmAssetList; /Game/Assets/mmd/Character/Evernight/Materials/MI_齒; /Game/Assets/mmd/Character/Evernight/Materials/MI_髪; /Game/Assets/mmd/Character/Evernight/Materials/MI_飄帶; /Game/Assets/mmd/Character/Evernight/Materials/MI_飄帶+; /Game/Assets/mmd/Character/Evernight/Materials/MI_biaoq; /Game/Assets/mmd/Character/Evernight/Materials/MI_內著; /Game/Assets/mmd/Character/Evernight/Materials/MI_口; /Game/Assets/mmd/Character/Evernight/Materials/MI_後擺; /Game/Assets/mmd/Character/Evernight/Materials/MI_後擺+; /Game/Assets/mmd/Character/Evernight/Materials/MI_後擺粉; /Game/Assets/mmd/Character/Evernight/Materials/MI_後擺花; /Game/Assets/mmd/Character/Evernight/Materials/MI_後擺花+; /Game/Assets/mmd/Character/Evernight/Materials/MI_後結透; /Game/Assets/mmd/Character/Evernight/Materials/MI_後結透+; /Game/Assets/mmd/Character/Evernight/Materials/MI_手套; /Game/Assets/mmd/Character/Evernight/Materials/MI_白目; /Game/Assets/mmd/Character/Evernight/Materials/MI_目; /Game/Assets/mmd/Character/Evernight/Materials/MI_目光; /Game/Assets/mmd/Character/Evernight/Materials/MI_目影; /Game/Assets/mmd/Character/Evernight/Materials/MI_眉睫; /Game/Assets/mmd/Character/Evernight/Materials/MI_肌; /Game/Assets/mmd/Character/Evernight/Materials/MI_肌2; /Game/Assets/mmd/Character/Evernight/Materials/MI_腿環; /Game/Assets/mmd/Character/Evernight/Materials/MI_舌; /Game/Assets/mmd/Character/Evernight/Materials/MI_衣1; /Game/Assets/mmd/Character/Evernight/Materials/MI_衣1+; /Game/Assets/mmd/Character/Evernight/Materials/MI_衣3; /Game/Assets/mmd/Character/Evernight/Materials/MI_衣金屬; /Game/Assets/mmd/Character/Evernight/Materials/MI_衣金屬+; /Game/Assets/mmd/Character/Evernight/Materials/MI_衣金屬2; /Game/Assets/mmd/Character/Evernight/Materials/MI_鞋; /Game/Assets/mmd/Character/Evernight/Materials/MI_顏; /Game/Assets/mmd/Character/Evernight/Materials/MI_顏+,ignored,external local archive + SHA-256 manifest required,保留,NO
仍被使用,Content/Assets/mmd,Content/Assets/mmd/Character/Evernight/Textures/T_bq.uasset,147503,Texture2D,材质 / 纹理,,dependency of /Game/Assets/mmd/Character/Evernight/Materials/MI_biaoq,/Game/Assets/mmd/Character/Evernight/VA_星穹铁道—长夜月2_VrmAssetList; /Game/Assets/mmd/Character/Evernight/Materials/MI_biaoq; /Game/Assets/mmd/Character/Evernight/Materials/MI_biaoq_outline,ignored,external local archive + SHA-256 manifest required,保留,NO
仍被使用,Content/Assets/mmd,Content/Assets/mmd/Character/Evernight/Textures/T_衣.uasset,5579948,Texture2D,材质 / 纹理,,dependency of /Game/Assets/mmd/Character/Evernight/Materials/MI_鞋,/Game/Assets/mmd/Character/Evernight/VA_星穹铁道—长夜月2_VrmAssetList; /Game/Assets/mmd/Character/Evernight/Materials/MI_飄帶_outline; /Game/Assets/mmd/Character/Evernight/Materials/MI_飄帶; /Game/Assets/mmd/Character/Evernight/Materials/MI_飄帶+_outline; /Game/Assets/mmd/Character/Evernight/Materials/MI_飄帶+; /Game/Assets/mmd/Character/Evernight/Materials/MI_後擺; /Game/Assets/mmd/Character/Evernight/Materials/MI_後擺+; /Game/Assets/mmd/Character/Evernight/Materials/MI_後擺+_outline; /Game/Assets/mmd/Character/Evernight/Materials/MI_後擺_outline; /Game/Assets/mmd/Character/Evernight/Materials/MI_後擺粉; /Game/Assets/mmd/Character/Evernight/Materials/MI_後擺粉_outline; /Game/Assets/mmd/Character/Evernight/Materials/MI_後擺花; /Game/Assets/mmd/Character/Evernight/Materials/MI_後擺花+; /Game/Assets/mmd/Character/Evernight/Materials/MI_後擺花+_outline; /Game/Assets/mmd/Character/Evernight/Materials/MI_後擺花_outline; /Game/Assets/mmd/Character/Evernight/Materials/MI_後結透; /Game/Assets/mmd/Character/Evernight/Materials/MI_後結透+; /Game/Assets/mmd/Character/Evernight/Materials/MI_後結透+_outline; /Game/Assets/mmd/Character/Evernight/Materials/MI_後結透_outline; /Game/Assets/mmd/Character/Evernight/Materials/MI_肌; /Game/Assets/mmd/Character/Evernight/Materials/MI_肌2; /Game/Assets/mmd/Character/Evernight/Materials/MI_肌2_outline; /Game/Assets/mmd/Character/Evernight/Materials/MI_肌_outline; /Game/Assets/mmd/Character/Evernight/Materials/MI_衣1; /Game/Assets/mmd/Character/Evernight/Materials/MI_衣1+; /Game/Assets/mmd/Character/Evernight/Materials/MI_衣1+_outline; /Game/Assets/mmd/Character/Evernight/Materials/MI_衣1_outline; /Game/Assets/mmd/Character/Evernight/Materials/MI_衣金屬; /Game/Assets/mmd/Character/Evernight/Materials/MI_衣金屬+; /Game/Assets/mmd/Character/Evernight/Materials/MI_衣金屬+_outline; /Game/Assets/mmd/Character/Evernight/Materials/MI_衣金屬2; /Game/Assets/mmd/Character/Evernight/Materials/MI_衣金屬2_outline; /Game/Assets/mmd/Character/Evernight/Materials/MI_衣金屬_outline; /Game/Assets/mmd/Character/Evernight/Materials/MI_鞋; /Game/Assets/mmd/Character/Evernight/Materials/MI_鞋_outline,ignored,external local archive + SHA-256 manifest required,保留,NO
仍被使用,Content/Assets/mmd,Content/Assets/mmd/Character/Evernight/Textures/T_衣2.uasset,5538319,Texture2D,材质 / 纹理,,dependency of /Game/Assets/mmd/Character/Evernight/Materials/MI_衣3,/Game/Assets/mmd/Character/Evernight/VA_星穹铁道—长夜月2_VrmAssetList; /Game/Assets/mmd/Character/Evernight/Materials/MI_內著; /Game/Assets/mmd/Character/Evernight/Materials/MI_內著_outline; /Game/Assets/mmd/Character/Evernight/Materials/MI_手套; /Game/Assets/mmd/Character/Evernight/Materials/MI_手套_outline; /Game/Assets/mmd/Character/Evernight/Materials/MI_腿環; /Game/Assets/mmd/Character/Evernight/Materials/MI_腿環_outline; /Game/Assets/mmd/Character/Evernight/Materials/MI_衣3; /Game/Assets/mmd/Character/Evernight/Materials/MI_衣3_outline,ignored,external local archive + SHA-256 manifest required,保留,NO
仍被使用,Content/Assets/mmd,Content/Assets/mmd/Character/Evernight/Textures/T_颜.uasset,334929,Texture2D,材质 / 纹理,,dependency of /Game/Assets/mmd/Character/Evernight/Materials/MI_顏,/Game/Assets/mmd/Character/Evernight/VA_星穹铁道—长夜月2_VrmAssetList; /Game/Assets/mmd/Character/Evernight/Materials/MI_齒_outline; /Game/Assets/mmd/Character/Evernight/Materials/MI_齒; /Game/Assets/mmd/Character/Evernight/Materials/MI_顏_outline; /Game/Assets/mmd/Character/Evernight/Materials/MI_口; /Game/Assets/mmd/Character/Evernight/Materials/MI_口_outline; /Game/Assets/mmd/Character/Evernight/Materials/MI_白目; /Game/Assets/mmd/Character/Evernight/Materials/MI_白目_outline; /Game/Assets/mmd/Character/Evernight/Materials/MI_目; /Game/Assets/mmd/Character/Evernight/Materials/MI_目_outline; /Game/Assets/mmd/Character/Evernight/Materials/MI_目光; /Game/Assets/mmd/Character/Evernight/Materials/MI_目光_outline; /Game/Assets/mmd/Character/Evernight/Materials/MI_眉睫; /Game/Assets/mmd/Character/Evernight/Materials/MI_眉睫_outline; /Game/Assets/mmd/Character/Evernight/Materials/MI_舌; /Game/Assets/mmd/Character/Evernight/Materials/MI_舌_outline; /Game/Assets/mmd/Character/Evernight/Materials/MI_顏,ignored,external local archive + SHA-256 manifest required,保留,NO
仍被使用,Content/Assets/mmd,Content/Assets/mmd/Character/Evernight/Textures/T_颜赤.uasset,218690,Texture2D,材质 / 纹理,,dependency of /Game/Assets/mmd/Character/Evernight/Materials/MI_顏+,/Game/Assets/mmd/Character/Evernight/VA_星穹铁道—长夜月2_VrmAssetList; /Game/Assets/mmd/Character/Evernight/Materials/MI_顏+; /Game/Assets/mmd/Character/Evernight/Materials/MI_顏+_outline,ignored,external local archive + SHA-256 manifest required,保留,NO
仍被使用,Content/Assets/mmd,Content/Assets/mmd/Character/Evernight/Textures/T_髪.uasset,2406508,Texture2D,材质 / 纹理,,dependency of /Game/Assets/mmd/Character/Evernight/Materials/MI_髪,/Game/Assets/mmd/Character/Evernight/VA_星穹铁道—长夜月2_VrmAssetList; /Game/Assets/mmd/Character/Evernight/Materials/MI_髪_outline; /Game/Assets/mmd/Character/Evernight/Materials/MI_髪,ignored,external local archive + SHA-256 manifest required,保留,NO
仍被使用,Content/Assets/mmd,Content/Assets/mmd/Character/Evernight/Textures/T_黑.uasset,5688,Texture2D,材质 / 纹理,,dependency of /Game/Assets/mmd/Character/Evernight/Materials/MI_目影,/Game/Assets/mmd/Character/Evernight/VA_星穹铁道—长夜月2_VrmAssetList; /Game/Assets/mmd/Character/Evernight/Materials/MI_目影; /Game/Assets/mmd/Character/Evernight/Materials/MI_目影_outline,ignored,external local archive + SHA-256 manifest required,保留,NO
仍被使用,Content/Assets/mmd,Content/Assets/mmd/Character/Evernight/VA_星穹铁道—长夜月2_VrmAssetList.uasset,36529,VrmAssetListObject,蓝图 / 数据 / 其他资源,,dependency of /Game/Assets/mmd/Character/Evernight/Meshes/SK_星穹铁道—长夜月2,/Game/Assets/mmd/Character/Evernight/Meshes/SK_星穹铁道—长夜月2; /Game/Assets/mmd/Character/Evernight/VM_星穹铁道—长夜月2_VrmMeta,ignored,external local archive + SHA-256 manifest required,保留,NO
仍被使用,Content/Assets/mmd,Content/Assets/mmd/Character/Evernight/VL_星穹铁道—长夜月2_VrmLicense.uasset,5058,VrmLicenseObject,蓝图 / 数据 / 其他资源,,dependency of /Game/Assets/mmd/Character/Evernight/VA_星穹铁道—长夜月2_VrmAssetList,/Game/Assets/mmd/Character/Evernight/VA_星穹铁道—长夜月2_VrmAssetList,ignored,external local archive + SHA-256 manifest required,保留,NO
仍被使用,Content/Assets/mmd,Content/Assets/mmd/Character/Evernight/VM_星穹铁道—长夜月2_VrmMeta.uasset,9482,VrmMetaObject,蓝图 / 数据 / 其他资源,,dependency of /Game/Assets/mmd/Character/Evernight/VA_星穹铁道—长夜月2_VrmAssetList,/Game/Assets/mmd/Character/Evernight/VA_星穹铁道—长夜月2_VrmAssetList,ignored,external local archive + SHA-256 manifest required,保留,NO
仍被使用,Content/Assets/mmd,Content/Assets/mmd/Character/Ramiel/Animations/A_face_蕾米埃尔·黑.uasset,103356,AnimSequence,角色 / 动作 / 重定向,,dependency of /Game/Assets/mmd/Character/Ramiel/Meshes/POSE_face_蕾米埃尔·黑,/Game/Assets/mmd/Character/Ramiel/Meshes/POSE_face_蕾米埃尔·黑,ignored,external local archive + SHA-256 manifest required,保留,NO
仍被使用,Content/Assets/mmd,Content/Assets/mmd/Character/Ramiel/Animations/ABP_Post_蕾米埃尔·黑.uasset,111810,AnimBlueprint,角色 / 动作 / 重定向,,dependency of /Game/Assets/mmd/Character/Ramiel/Meshes/SK_蕾米埃尔·黑,/Game/Assets/mmd/Character/Ramiel/Meshes/SK_蕾米埃尔·黑,ignored,external local archive + SHA-256 manifest required,保留,NO
仍被使用,Content/Assets/mmd,Content/Assets/mmd/Character/Ramiel/Materials/MI_二重.uasset,27942,MaterialInstanceConstant,材质 / 纹理,,dependency of /Game/Assets/mmd/Character/Ramiel/Meshes/SK_蕾米埃尔·黑,/Game/Assets/mmd/Character/Ramiel/Meshes/SK_蕾米埃尔·黑; /Game/Assets/mmd/Character/Ramiel/VA_蕾米埃尔·黑_VrmAssetList,ignored,external local archive + SHA-256 manifest required,保留,NO
仍被使用,Content/Assets/mmd,Content/Assets/mmd/Character/Ramiel/Materials/MI_二重_outline.uasset,25059,MaterialInstanceConstant,材质 / 纹理,,dependency of /Game/Assets/mmd/Character/Ramiel/VA_蕾米埃尔·黑_VrmAssetList,/Game/Assets/mmd/Character/Ramiel/VA_蕾米埃尔·黑_VrmAssetList,ignored,external local archive + SHA-256 manifest required,保留,NO
仍被使用,Content/Assets/mmd,Content/Assets/mmd/Character/Ramiel/Materials/MI_体-alpha1.uasset,32878,MaterialInstanceConstant,材质 / 纹理,,dependency of /Game/Assets/mmd/Character/Ramiel/Meshes/SK_蕾米埃尔·黑,/Game/Assets/mmd/Character/Ramiel/Meshes/SK_蕾米埃尔·黑; /Game/Assets/mmd/Character/Ramiel/VA_蕾米埃尔·黑_VrmAssetList,ignored,external local archive + SHA-256 manifest required,保留,NO
仍被使用,Content/Assets/mmd,Content/Assets/mmd/Character/Ramiel/Materials/MI_体-alpha1_outline.uasset,25146,MaterialInstanceConstant,材质 / 纹理,,dependency of /Game/Assets/mmd/Character/Ramiel/VA_蕾米埃尔·黑_VrmAssetList,/Game/Assets/mmd/Character/Ramiel/VA_蕾米埃尔·黑_VrmAssetList,ignored,external local archive + SHA-256 manifest required,保留,NO
仍被使用,Content/Assets/mmd,Content/Assets/mmd/Character/Ramiel/Materials/MI_体-alpha2.uasset,32878,MaterialInstanceConstant,材质 / 纹理,,dependency of /Game/Assets/mmd/Character/Ramiel/Meshes/SK_蕾米埃尔·黑,/Game/Assets/mmd/Character/Ramiel/Meshes/SK_蕾米埃尔·黑; /Game/Assets/mmd/Character/Ramiel/VA_蕾米埃尔·黑_VrmAssetList,ignored,external local archive + SHA-256 manifest required,保留,NO
仍被使用,Content/Assets/mmd,Content/Assets/mmd/Character/Ramiel/Materials/MI_体-alpha2_outline.uasset,25146,MaterialInstanceConstant,材质 / 纹理,,dependency of /Game/Assets/mmd/Character/Ramiel/VA_蕾米埃尔·黑_VrmAssetList,/Game/Assets/mmd/Character/Ramiel/VA_蕾米埃尔·黑_VrmAssetList,ignored,external local archive + SHA-256 manifest required,保留,NO
仍被使用,Content/Assets/mmd,Content/Assets/mmd/Character/Ramiel/Materials/MI_体下+.uasset,27128,MaterialInstanceConstant,材质 / 纹理,,dependency of /Game/Assets/mmd/Character/Ramiel/Meshes/SK_蕾米埃尔·黑,/Game/Assets/mmd/Character/Ramiel/Meshes/SK_蕾米埃尔·黑; /Game/Assets/mmd/Character/Ramiel/VA_蕾米埃尔·黑_VrmAssetList,ignored,external local archive + SHA-256 manifest required,保留,NO
仍被使用,Content/Assets/mmd,Content/Assets/mmd/Character/Ramiel/Materials/MI_体下+_outline.uasset,25524,MaterialInstanceConstant,材质 / 纹理,,dependency of /Game/Assets/mmd/Character/Ramiel/VA_蕾米埃尔·黑_VrmAssetList,/Game/Assets/mmd/Character/Ramiel/VA_蕾米埃尔·黑_VrmAssetList,ignored,external local archive + SHA-256 manifest required,保留,NO
仍被使用,Content/Assets/mmd,Content/Assets/mmd/Character/Ramiel/Materials/MI_体下.uasset,29508,MaterialInstanceConstant,材质 / 纹理,,dependency of /Game/Assets/mmd/Character/Ramiel/Meshes/SK_蕾米埃尔·黑,/Game/Assets/mmd/Character/Ramiel/Meshes/SK_蕾米埃尔·黑; /Game/Assets/mmd/Character/Ramiel/VA_蕾米埃尔·黑_VrmAssetList,ignored,external local archive + SHA-256 manifest required,保留,NO
仍被使用,Content/Assets/mmd,Content/Assets/mmd/Character/Ramiel/Materials/MI_体下_outline.uasset,25080,MaterialInstanceConstant,材质 / 纹理,,dependency of /Game/Assets/mmd/Character/Ramiel/VA_蕾米埃尔·黑_VrmAssetList,/Game/Assets/mmd/Character/Ramiel/VA_蕾米埃尔·黑_VrmAssetList,ignored,external local archive + SHA-256 manifest required,保留,NO
仍被使用,Content/Assets/mmd,Content/Assets/mmd/Character/Ramiel/Materials/MI_发+.uasset,25827,MaterialInstanceConstant,材质 / 纹理,,dependency of /Game/Assets/mmd/Character/Ramiel/Meshes/SK_蕾米埃尔·黑,/Game/Assets/mmd/Character/Ramiel/Meshes/SK_蕾米埃尔·黑; /Game/Assets/mmd/Character/Ramiel/VA_蕾米埃尔·黑_VrmAssetList,ignored,external local archive + SHA-256 manifest required,保留,NO
仍被使用,Content/Assets/mmd,Content/Assets/mmd/Character/Ramiel/Materials/MI_发+_outline.uasset,25502,MaterialInstanceConstant,材质 / 纹理,,dependency of /Game/Assets/mmd/Character/Ramiel/VA_蕾米埃尔·黑_VrmAssetList,/Game/Assets/mmd/Character/Ramiel/VA_蕾米埃尔·黑_VrmAssetList,ignored,external local archive + SHA-256 manifest required,保留,NO
仍被使用,Content/Assets/mmd,Content/Assets/mmd/Character/Ramiel/Materials/MI_发.uasset,32113,MaterialInstanceConstant,材质 / 纹理,,dependency of /Game/Assets/mmd/Character/Ramiel/Meshes/SK_蕾米埃尔·黑,/Game/Assets/mmd/Character/Ramiel/Meshes/SK_蕾米埃尔·黑; /Game/Assets/mmd/Character/Ramiel/VA_蕾米埃尔·黑_VrmAssetList,ignored,external local archive + SHA-256 manifest required,保留,NO
仍被使用,Content/Assets/mmd,Content/Assets/mmd/Character/Ramiel/Materials/MI_发_outline.uasset,25047,MaterialInstanceConstant,材质 / 纹理,,dependency of /Game/Assets/mmd/Character/Ramiel/VA_蕾米埃尔·黑_VrmAssetList,/Game/Assets/mmd/Character/Ramiel/VA_蕾米埃尔·黑_VrmAssetList,ignored,external local archive + SHA-256 manifest required,保留,NO
仍被使用,Content/Assets/mmd,Content/Assets/mmd/Character/Ramiel/Materials/MI_发饰后+.uasset,32901,MaterialInstanceConstant,材质 / 纹理,,dependency of /Game/Assets/mmd/Character/Ramiel/Meshes/SK_蕾米埃尔·黑,/Game/Assets/mmd/Character/Ramiel/Meshes/SK_蕾米埃尔·黑; /Game/Assets/mmd/Character/Ramiel/VA_蕾米埃尔·黑_VrmAssetList,ignored,external local archive + SHA-256 manifest required,保留,NO
仍被使用,Content/Assets/mmd,Content/Assets/mmd/Character/Ramiel/Materials/MI_发饰后+_outline.uasset,25949,MaterialInstanceConstant,材质 / 纹理,,dependency of /Game/Assets/mmd/Character/Ramiel/VA_蕾米埃尔·黑_VrmAssetList,/Game/Assets/mmd/Character/Ramiel/VA_蕾米埃尔·黑_VrmAssetList,ignored,external local archive + SHA-256 manifest required,保留,NO
仍被使用,Content/Assets/mmd,Content/Assets/mmd/Character/Ramiel/Materials/MI_发饰后.uasset,32818,MaterialInstanceConstant,材质 / 纹理,,dependency of /Game/Assets/mmd/Character/Ramiel/Meshes/SK_蕾米埃尔·黑,/Game/Assets/mmd/Character/Ramiel/Meshes/SK_蕾米埃尔·黑; /Game/Assets/mmd/Character/Ramiel/VA_蕾米埃尔·黑_VrmAssetList,ignored,external local archive + SHA-256 manifest required,保留,NO
仍被使用,Content/Assets/mmd,Content/Assets/mmd/Character/Ramiel/Materials/MI_发饰后_outline.uasset,25086,MaterialInstanceConstant,材质 / 纹理,,dependency of /Game/Assets/mmd/Character/Ramiel/VA_蕾米埃尔·黑_VrmAssetList,/Game/Assets/mmd/Character/Ramiel/VA_蕾米埃尔·黑_VrmAssetList,ignored,external local archive + SHA-256 manifest required,保留,NO
仍被使用,Content/Assets/mmd,Content/Assets/mmd/Character/Ramiel/Materials/MI_发饰金属+.uasset,32913,MaterialInstanceConstant,材质 / 纹理,,dependency of /Game/Assets/mmd/Character/Ramiel/Meshes/SK_蕾米埃尔·黑,/Game/Assets/mmd/Character/Ramiel/Meshes/SK_蕾米埃尔·黑; /Game/Assets/mmd/Character/Ramiel/VA_蕾米埃尔·黑_VrmAssetList,ignored,external local archive + SHA-256 manifest required,保留,NO
仍被使用,Content/Assets/mmd,Content/Assets/mmd/Character/Ramiel/Materials/MI_发饰金属+_outline.uasset,25961,MaterialInstanceConstant,材质 / 纹理,,dependency of /Game/Assets/mmd/Character/Ramiel/VA_蕾米埃尔·黑_VrmAssetList,/Game/Assets/mmd/Character/Ramiel/VA_蕾米埃尔·黑_VrmAssetList,ignored,external local archive + SHA-256 manifest required,保留,NO
仍被使用,Content/Assets/mmd,Content/Assets/mmd/Character/Ramiel/Materials/MI_发饰金属.uasset,32830,MaterialInstanceConstant,材质 / 纹理,,dependency of /Game/Assets/mmd/Character/Ramiel/Meshes/SK_蕾米埃尔·黑,/Game/Assets/mmd/Character/Ramiel/Meshes/SK_蕾米埃尔·黑; /Game/Assets/mmd/Character/Ramiel/VA_蕾米埃尔·黑_VrmAssetList,ignored,external local archive + SHA-256 manifest required,保留,NO
仍被使用,Content/Assets/mmd,Content/Assets/mmd/Character/Ramiel/Materials/MI_发饰金属_outline.uasset,25098,MaterialInstanceConstant,材质 / 纹理,,dependency of /Game/Assets/mmd/Character/Ramiel/VA_蕾米埃尔·黑_VrmAssetList,/Game/Assets/mmd/Character/Ramiel/VA_蕾米埃尔·黑_VrmAssetList,ignored,external local archive + SHA-256 manifest required,保留,NO
仍被使用,Content/Assets/mmd,Content/Assets/mmd/Character/Ramiel/Materials/MI_口线.uasset,27942,MaterialInstanceConstant,材质 / 纹理,,dependency of /Game/Assets/mmd/Character/Ramiel/Meshes/SK_蕾米埃尔·黑,/Game/Assets/mmd/Character/Ramiel/Meshes/SK_蕾米埃尔·黑; /Game/Assets/mmd/Character/Ramiel/VA_蕾米埃尔·黑_VrmAssetList,ignored,external local archive + SHA-256 manifest required,保留,NO
仍被使用,Content/Assets/mmd,Content/Assets/mmd/Character/Ramiel/Materials/MI_口线_outline.uasset,25059,MaterialInstanceConstant,材质 / 纹理,,dependency of /Game/Assets/mmd/Character/Ramiel/VA_蕾米埃尔·黑_VrmAssetList,/Game/Assets/mmd/Character/Ramiel/VA_蕾米埃尔·黑_VrmAssetList,ignored,external local archive + SHA-256 manifest required,保留,NO
仍被使用,Content/Assets/mmd,Content/Assets/mmd/Character/Ramiel/Materials/MI_口舌.uasset,27942,MaterialInstanceConstant,材质 / 纹理,,dependency of /Game/Assets/mmd/Character/Ramiel/Meshes/SK_蕾米埃尔·黑,/Game/Assets/mmd/Character/Ramiel/Meshes/SK_蕾米埃尔·黑; /Game/Assets/mmd/Character/Ramiel/VA_蕾米埃尔·黑_VrmAssetList,ignored,external local archive + SHA-256 manifest required,保留,NO
仍被使用,Content/Assets/mmd,Content/Assets/mmd/Character/Ramiel/Materials/MI_口舌_outline.uasset,25059,MaterialInstanceConstant,材质 / 纹理,,dependency of /Game/Assets/mmd/Character/Ramiel/VA_蕾米埃尔·黑_VrmAssetList,/Game/Assets/mmd/Character/Ramiel/VA_蕾米埃尔·黑_VrmAssetList,ignored,external local archive + SHA-256 manifest required,保留,NO
仍被使用,Content/Assets/mmd,Content/Assets/mmd/Character/Ramiel/Materials/MI_戒指+.uasset,32889,MaterialInstanceConstant,材质 / 纹理,,dependency of /Game/Assets/mmd/Character/Ramiel/Meshes/SK_蕾米埃尔·黑,/Game/Assets/mmd/Character/Ramiel/Meshes/SK_蕾米埃尔·黑; /Game/Assets/mmd/Character/Ramiel/VA_蕾米埃尔·黑_VrmAssetList,ignored,external local archive + SHA-256 manifest required,保留,NO
仍被使用,Content/Assets/mmd,Content/Assets/mmd/Character/Ramiel/Materials/MI_戒指+_outline.uasset,25937,MaterialInstanceConstant,材质 / 纹理,,dependency of /Game/Assets/mmd/Character/Ramiel/VA_蕾米埃尔·黑_VrmAssetList,/Game/Assets/mmd/Character/Ramiel/VA_蕾米埃尔·黑_VrmAssetList,ignored,external local archive + SHA-256 manifest required,保留,NO
仍被使用,Content/Assets/mmd,Content/Assets/mmd/Character/Ramiel/Materials/MI_戒指.uasset,32806,MaterialInstanceConstant,材质 / 纹理,,dependency of /Game/Assets/mmd/Character/Ramiel/Meshes/SK_蕾米埃尔·黑,/Game/Assets/mmd/Character/Ramiel/Meshes/SK_蕾米埃尔·黑; /Game/Assets/mmd/Character/Ramiel/VA_蕾米埃尔·黑_VrmAssetList,ignored,external local archive + SHA-256 manifest required,保留,NO
仍被使用,Content/Assets/mmd,Content/Assets/mmd/Character/Ramiel/Materials/MI_戒指_outline.uasset,25074,MaterialInstanceConstant,材质 / 纹理,,dependency of /Game/Assets/mmd/Character/Ramiel/VA_蕾米埃尔·黑_VrmAssetList,/Game/Assets/mmd/Character/Ramiel/VA_蕾米埃尔·黑_VrmAssetList,ignored,external local archive + SHA-256 manifest required,保留,NO
仍被使用,Content/Assets/mmd,Content/Assets/mmd/Character/Ramiel/Materials/MI_指甲.uasset,32806,MaterialInstanceConstant,材质 / 纹理,,dependency of /Game/Assets/mmd/Character/Ramiel/Meshes/SK_蕾米埃尔·黑,/Game/Assets/mmd/Character/Ramiel/Meshes/SK_蕾米埃尔·黑; /Game/Assets/mmd/Character/Ramiel/VA_蕾米埃尔·黑_VrmAssetList,ignored,external local archive + SHA-256 manifest required,保留,NO
仍被使用,Content/Assets/mmd,Content/Assets/mmd/Character/Ramiel/Materials/MI_指甲_outline.uasset,25074,MaterialInstanceConstant,材质 / 纹理,,dependency of /Game/Assets/mmd/Character/Ramiel/VA_蕾米埃尔·黑_VrmAssetList,/Game/Assets/mmd/Character/Ramiel/VA_蕾米埃尔·黑_VrmAssetList,ignored,external local archive + SHA-256 manifest required,保留,NO
仍被使用,Content/Assets/mmd,Content/Assets/mmd/Character/Ramiel/Materials/MI_目.uasset,27930,MaterialInstanceConstant,材质 / 纹理,,dependency of /Game/Assets/mmd/Character/Ramiel/Meshes/SK_蕾米埃尔·黑,/Game/Assets/mmd/Character/Ramiel/Meshes/SK_蕾米埃尔·黑; /Game/Assets/mmd/Character/Ramiel/VA_蕾米埃尔·黑_VrmAssetList,ignored,external local archive + SHA-256 manifest required,保留,NO
仍被使用,Content/Assets/mmd,Content/Assets/mmd/Character/Ramiel/Materials/MI_目_outline.uasset,25047,MaterialInstanceConstant,材质 / 纹理,,dependency of /Game/Assets/mmd/Character/Ramiel/VA_蕾米埃尔·黑_VrmAssetList,/Game/Assets/mmd/Character/Ramiel/VA_蕾米埃尔·黑_VrmAssetList,ignored,external local archive + SHA-256 manifest required,保留,NO
仍被使用,Content/Assets/mmd,Content/Assets/mmd/Character/Ramiel/Materials/MI_目光.uasset,27942,MaterialInstanceConstant,材质 / 纹理,,dependency of /Game/Assets/mmd/Character/Ramiel/Meshes/SK_蕾米埃尔·黑,/Game/Assets/mmd/Character/Ramiel/Meshes/SK_蕾米埃尔·黑; /Game/Assets/mmd/Character/Ramiel/VA_蕾米埃尔·黑_VrmAssetList,ignored,external local archive + SHA-256 manifest required,保留,NO
仍被使用,Content/Assets/mmd,Content/Assets/mmd/Character/Ramiel/Materials/MI_目光2.uasset,27954,MaterialInstanceConstant,材质 / 纹理,,dependency of /Game/Assets/mmd/Character/Ramiel/Meshes/SK_蕾米埃尔·黑,/Game/Assets/mmd/Character/Ramiel/Meshes/SK_蕾米埃尔·黑; /Game/Assets/mmd/Character/Ramiel/VA_蕾米埃尔·黑_VrmAssetList,ignored,external local archive + SHA-256 manifest required,保留,NO
仍被使用,Content/Assets/mmd,Content/Assets/mmd/Character/Ramiel/Materials/MI_目光2_outline.uasset,25071,MaterialInstanceConstant,材质 / 纹理,,dependency of /Game/Assets/mmd/Character/Ramiel/VA_蕾米埃尔·黑_VrmAssetList,/Game/Assets/mmd/Character/Ramiel/VA_蕾米埃尔·黑_VrmAssetList,ignored,external local archive + SHA-256 manifest required,保留,NO
仍被使用,Content/Assets/mmd,Content/Assets/mmd/Character/Ramiel/Materials/MI_目光3.uasset,27954,MaterialInstanceConstant,材质 / 纹理,,dependency of /Game/Assets/mmd/Character/Ramiel/Meshes/SK_蕾米埃尔·黑,/Game/Assets/mmd/Character/Ramiel/Meshes/SK_蕾米埃尔·黑; /Game/Assets/mmd/Character/Ramiel/VA_蕾米埃尔·黑_VrmAssetList,ignored,external local archive + SHA-256 manifest required,保留,NO
仍被使用,Content/Assets/mmd,Content/Assets/mmd/Character/Ramiel/Materials/MI_目光3_outline.uasset,25071,MaterialInstanceConstant,材质 / 纹理,,dependency of /Game/Assets/mmd/Character/Ramiel/VA_蕾米埃尔·黑_VrmAssetList,/Game/Assets/mmd/Character/Ramiel/VA_蕾米埃尔·黑_VrmAssetList,ignored,external local archive + SHA-256 manifest required,保留,NO
仍被使用,Content/Assets/mmd,Content/Assets/mmd/Character/Ramiel/Materials/MI_目光_outline.uasset,25059,MaterialInstanceConstant,材质 / 纹理,,dependency of /Game/Assets/mmd/Character/Ramiel/VA_蕾米埃尔·黑_VrmAssetList,/Game/Assets/mmd/Character/Ramiel/VA_蕾米埃尔·黑_VrmAssetList,ignored,external local archive + SHA-256 manifest required,保留,NO
仍被使用,Content/Assets/mmd,Content/Assets/mmd/Character/Ramiel/Materials/MI_目影.uasset,26622,MaterialInstanceConstant,材质 / 纹理,,dependency of /Game/Assets/mmd/Character/Ramiel/Meshes/SK_蕾米埃尔·黑,/Game/Assets/mmd/Character/Ramiel/Meshes/SK_蕾米埃尔·黑; /Game/Assets/mmd/Character/Ramiel/VA_蕾米埃尔·黑_VrmAssetList,ignored,external local archive + SHA-256 manifest required,保留,NO
仍被使用,Content/Assets/mmd,Content/Assets/mmd/Character/Ramiel/Materials/MI_目影_outline.uasset,24683,MaterialInstanceConstant,材质 / 纹理,,dependency of /Game/Assets/mmd/Character/Ramiel/VA_蕾米埃尔·黑_VrmAssetList,/Game/Assets/mmd/Character/Ramiel/VA_蕾米埃尔·黑_VrmAssetList,ignored,external local archive + SHA-256 manifest required,保留,NO
仍被使用,Content/Assets/mmd,Content/Assets/mmd/Character/Ramiel/Materials/MI_目白.uasset,27942,MaterialInstanceConstant,材质 / 纹理,,dependency of /Game/Assets/mmd/Character/Ramiel/Meshes/SK_蕾米埃尔·黑,/Game/Assets/mmd/Character/Ramiel/Meshes/SK_蕾米埃尔·黑; /Game/Assets/mmd/Character/Ramiel/VA_蕾米埃尔·黑_VrmAssetList,ignored,external local archive + SHA-256 manifest required,保留,NO
仍被使用,Content/Assets/mmd,Content/Assets/mmd/Character/Ramiel/Materials/MI_目白_outline.uasset,25059,MaterialInstanceConstant,材质 / 纹理,,dependency of /Game/Assets/mmd/Character/Ramiel/VA_蕾米埃尔·黑_VrmAssetList,/Game/Assets/mmd/Character/Ramiel/VA_蕾米埃尔·黑_VrmAssetList,ignored,external local archive + SHA-256 manifest required,保留,NO
仍被使用,Content/Assets/mmd,Content/Assets/mmd/Character/Ramiel/Materials/MI_眉.uasset,27930,MaterialInstanceConstant,材质 / 纹理,,dependency of /Game/Assets/mmd/Character/Ramiel/Meshes/SK_蕾米埃尔·黑,/Game/Assets/mmd/Character/Ramiel/Meshes/SK_蕾米埃尔·黑; /Game/Assets/mmd/Character/Ramiel/VA_蕾米埃尔·黑_VrmAssetList,ignored,external local archive + SHA-256 manifest required,保留,NO
仍被使用,Content/Assets/mmd,Content/Assets/mmd/Character/Ramiel/Materials/MI_眉_outline.uasset,25047,MaterialInstanceConstant,材质 / 纹理,,dependency of /Game/Assets/mmd/Character/Ramiel/VA_蕾米埃尔·黑_VrmAssetList,/Game/Assets/mmd/Character/Ramiel/VA_蕾米埃尔·黑_VrmAssetList,ignored,external local archive + SHA-256 manifest required,保留,NO
仍被使用,Content/Assets/mmd,Content/Assets/mmd/Character/Ramiel/Materials/MI_睫.uasset,27930,MaterialInstanceConstant,材质 / 纹理,,dependency of /Game/Assets/mmd/Character/Ramiel/Meshes/SK_蕾米埃尔·黑,/Game/Assets/mmd/Character/Ramiel/Meshes/SK_蕾米埃尔·黑; /Game/Assets/mmd/Character/Ramiel/VA_蕾米埃尔·黑_VrmAssetList,ignored,external local archive + SHA-256 manifest required,保留,NO
仍被使用,Content/Assets/mmd,Content/Assets/mmd/Character/Ramiel/Materials/MI_睫_outline.uasset,25047,MaterialInstanceConstant,材质 / 纹理,,dependency of /Game/Assets/mmd/Character/Ramiel/VA_蕾米埃尔·黑_VrmAssetList,/Game/Assets/mmd/Character/Ramiel/VA_蕾米埃尔·黑_VrmAssetList,ignored,external local archive + SHA-256 manifest required,保留,NO
仍被使用,Content/Assets/mmd,Content/Assets/mmd/Character/Ramiel/Materials/MI_翅膀.uasset,29379,MaterialInstanceConstant,材质 / 纹理,,dependency of /Game/Assets/mmd/Character/Ramiel/Meshes/SK_蕾米埃尔·黑,/Game/Assets/mmd/Character/Ramiel/Meshes/SK_蕾米埃尔·黑; /Game/Assets/mmd/Character/Ramiel/VA_蕾米埃尔·黑_VrmAssetList,ignored,external local archive + SHA-256 manifest required,保留,NO
仍被使用,Content/Assets/mmd,Content/Assets/mmd/Character/Ramiel/Materials/MI_翅膀_outline.uasset,25063,MaterialInstanceConstant,材质 / 纹理,,dependency of /Game/Assets/mmd/Character/Ramiel/VA_蕾米埃尔·黑_VrmAssetList,/Game/Assets/mmd/Character/Ramiel/VA_蕾米埃尔·黑_VrmAssetList,ignored,external local archive + SHA-256 manifest required,保留,NO
仍被使用,Content/Assets/mmd,Content/Assets/mmd/Character/Ramiel/Materials/MI_肌.uasset,32794,MaterialInstanceConstant,材质 / 纹理,,dependency of /Game/Assets/mmd/Character/Ramiel/Meshes/SK_蕾米埃尔·黑,/Game/Assets/mmd/Character/Ramiel/Meshes/SK_蕾米埃尔·黑; /Game/Assets/mmd/Character/Ramiel/VA_蕾米埃尔·黑_VrmAssetList,ignored,external local archive + SHA-256 manifest required,保留,NO
仍被使用,Content/Assets/mmd,Content/Assets/mmd/Character/Ramiel/Materials/MI_肌2.uasset,29508,MaterialInstanceConstant,材质 / 纹理,,dependency of /Game/Assets/mmd/Character/Ramiel/Meshes/SK_蕾米埃尔·黑,/Game/Assets/mmd/Character/Ramiel/Meshes/SK_蕾米埃尔·黑; /Game/Assets/mmd/Character/Ramiel/VA_蕾米埃尔·黑_VrmAssetList,ignored,external local archive + SHA-256 manifest required,保留,NO
仍被使用,Content/Assets/mmd,Content/Assets/mmd/Character/Ramiel/Materials/MI_肌2_outline.uasset,25080,MaterialInstanceConstant,材质 / 纹理,,dependency of /Game/Assets/mmd/Character/Ramiel/VA_蕾米埃尔·黑_VrmAssetList,/Game/Assets/mmd/Character/Ramiel/VA_蕾米埃尔·黑_VrmAssetList,ignored,external local archive + SHA-256 manifest required,保留,NO
仍被使用,Content/Assets/mmd,Content/Assets/mmd/Character/Ramiel/Materials/MI_肌_outline.uasset,25062,MaterialInstanceConstant,材质 / 纹理,,dependency of /Game/Assets/mmd/Character/Ramiel/VA_蕾米埃尔·黑_VrmAssetList,/Game/Assets/mmd/Character/Ramiel/VA_蕾米埃尔·黑_VrmAssetList,ignored,external local archive + SHA-256 manifest required,保留,NO
仍被使用,Content/Assets/mmd,Content/Assets/mmd/Character/Ramiel/Materials/MI_腿饰.uasset,32806,MaterialInstanceConstant,材质 / 纹理,,dependency of /Game/Assets/mmd/Character/Ramiel/Meshes/SK_蕾米埃尔·黑,/Game/Assets/mmd/Character/Ramiel/Meshes/SK_蕾米埃尔·黑; /Game/Assets/mmd/Character/Ramiel/VA_蕾米埃尔·黑_VrmAssetList,ignored,external local archive + SHA-256 manifest required,保留,NO
仍被使用,Content/Assets/mmd,Content/Assets/mmd/Character/Ramiel/Materials/MI_腿饰_outline.uasset,25074,MaterialInstanceConstant,材质 / 纹理,,dependency of /Game/Assets/mmd/Character/Ramiel/VA_蕾米埃尔·黑_VrmAssetList,/Game/Assets/mmd/Character/Ramiel/VA_蕾米埃尔·黑_VrmAssetList,ignored,external local archive + SHA-256 manifest required,保留,NO
仍被使用,Content/Assets/mmd,Content/Assets/mmd/Character/Ramiel/Materials/MI_腿饰金属+.uasset,32913,MaterialInstanceConstant,材质 / 纹理,,dependency of /Game/Assets/mmd/Character/Ramiel/Meshes/SK_蕾米埃尔·黑,/Game/Assets/mmd/Character/Ramiel/Meshes/SK_蕾米埃尔·黑; /Game/Assets/mmd/Character/Ramiel/VA_蕾米埃尔·黑_VrmAssetList,ignored,external local archive + SHA-256 manifest required,保留,NO
仍被使用,Content/Assets/mmd,Content/Assets/mmd/Character/Ramiel/Materials/MI_腿饰金属+_outline.uasset,25961,MaterialInstanceConstant,材质 / 纹理,,dependency of /Game/Assets/mmd/Character/Ramiel/VA_蕾米埃尔·黑_VrmAssetList,/Game/Assets/mmd/Character/Ramiel/VA_蕾米埃尔·黑_VrmAssetList,ignored,external local archive + SHA-256 manifest required,保留,NO
仍被使用,Content/Assets/mmd,Content/Assets/mmd/Character/Ramiel/Materials/MI_腿饰金属.uasset,32830,MaterialInstanceConstant,材质 / 纹理,,dependency of /Game/Assets/mmd/Character/Ramiel/Meshes/SK_蕾米埃尔·黑,/Game/Assets/mmd/Character/Ramiel/Meshes/SK_蕾米埃尔·黑; /Game/Assets/mmd/Character/Ramiel/VA_蕾米埃尔·黑_VrmAssetList,ignored,external local archive + SHA-256 manifest required,保留,NO
仍被使用,Content/Assets/mmd,Content/Assets/mmd/Character/Ramiel/Materials/MI_腿饰金属_outline.uasset,25098,MaterialInstanceConstant,材质 / 纹理,,dependency of /Game/Assets/mmd/Character/Ramiel/VA_蕾米埃尔·黑_VrmAssetList,/Game/Assets/mmd/Character/Ramiel/VA_蕾米埃尔·黑_VrmAssetList,ignored,external local archive + SHA-256 manifest required,保留,NO
仍被使用,Content/Assets/mmd,Content/Assets/mmd/Character/Ramiel/Materials/MI_衣+.uasset,32877,MaterialInstanceConstant,材质 / 纹理,,dependency of /Game/Assets/mmd/Character/Ramiel/Meshes/SK_蕾米埃尔·黑,/Game/Assets/mmd/Character/Ramiel/Meshes/SK_蕾米埃尔·黑; /Game/Assets/mmd/Character/Ramiel/VA_蕾米埃尔·黑_VrmAssetList,ignored,external local archive + SHA-256 manifest required,保留,NO
仍被使用,Content/Assets/mmd,Content/Assets/mmd/Character/Ramiel/Materials/MI_衣+_outline.uasset,25925,MaterialInstanceConstant,材质 / 纹理,,dependency of /Game/Assets/mmd/Character/Ramiel/VA_蕾米埃尔·黑_VrmAssetList,/Game/Assets/mmd/Character/Ramiel/VA_蕾米埃尔·黑_VrmAssetList,ignored,external local archive + SHA-256 manifest required,保留,NO
仍被使用,Content/Assets/mmd,Content/Assets/mmd/Character/Ramiel/Materials/MI_衣.uasset,32794,MaterialInstanceConstant,材质 / 纹理,,dependency of /Game/Assets/mmd/Character/Ramiel/Meshes/SK_蕾米埃尔·黑,/Game/Assets/mmd/Character/Ramiel/Meshes/SK_蕾米埃尔·黑; /Game/Assets/mmd/Character/Ramiel/VA_蕾米埃尔·黑_VrmAssetList,ignored,external local archive + SHA-256 manifest required,保留,NO
仍被使用,Content/Assets/mmd,Content/Assets/mmd/Character/Ramiel/Materials/MI_衣_outline.uasset,25062,MaterialInstanceConstant,材质 / 纹理,,dependency of /Game/Assets/mmd/Character/Ramiel/VA_蕾米埃尔·黑_VrmAssetList,/Game/Assets/mmd/Character/Ramiel/VA_蕾米埃尔·黑_VrmAssetList,ignored,external local archive + SHA-256 manifest required,保留,NO
仍被使用,Content/Assets/mmd,Content/Assets/mmd/Character/Ramiel/Materials/MI_袜-alpha.uasset,29568,MaterialInstanceConstant,材质 / 纹理,,dependency of /Game/Assets/mmd/Character/Ramiel/Meshes/SK_蕾米埃尔·黑,/Game/Assets/mmd/Character/Ramiel/Meshes/SK_蕾米埃尔·黑; /Game/Assets/mmd/Character/Ramiel/VA_蕾米埃尔·黑_VrmAssetList,ignored,external local archive + SHA-256 manifest required,保留,NO
仍被使用,Content/Assets/mmd,Content/Assets/mmd/Character/Ramiel/Materials/MI_袜-alpha_outline.uasset,25140,MaterialInstanceConstant,材质 / 纹理,,dependency of /Game/Assets/mmd/Character/Ramiel/VA_蕾米埃尔·黑_VrmAssetList,/Game/Assets/mmd/Character/Ramiel/VA_蕾米埃尔·黑_VrmAssetList,ignored,external local archive + SHA-256 manifest required,保留,NO
仍被使用,Content/Assets/mmd,Content/Assets/mmd/Character/Ramiel/Materials/MI_袜金属+.uasset,30838,MaterialInstanceConstant,材质 / 纹理,,dependency of /Game/Assets/mmd/Character/Ramiel/Meshes/SK_蕾米埃尔·黑,/Game/Assets/mmd/Character/Ramiel/Meshes/SK_蕾米埃尔·黑; /Game/Assets/mmd/Character/Ramiel/VA_蕾米埃尔·黑_VrmAssetList,ignored,external local archive + SHA-256 manifest required,保留,NO
仍被使用,Content/Assets/mmd,Content/Assets/mmd/Character/Ramiel/Materials/MI_袜金属+_outline.uasset,26035,MaterialInstanceConstant,材质 / 纹理,,dependency of /Game/Assets/mmd/Character/Ramiel/VA_蕾米埃尔·黑_VrmAssetList,/Game/Assets/mmd/Character/Ramiel/VA_蕾米埃尔·黑_VrmAssetList,ignored,external local archive + SHA-256 manifest required,保留,NO
仍被使用,Content/Assets/mmd,Content/Assets/mmd/Character/Ramiel/Materials/MI_袜金属.uasset,29520,MaterialInstanceConstant,材质 / 纹理,,dependency of /Game/Assets/mmd/Character/Ramiel/Meshes/SK_蕾米埃尔·黑,/Game/Assets/mmd/Character/Ramiel/Meshes/SK_蕾米埃尔·黑; /Game/Assets/mmd/Character/Ramiel/VA_蕾米埃尔·黑_VrmAssetList,ignored,external local archive + SHA-256 manifest required,保留,NO
仍被使用,Content/Assets/mmd,Content/Assets/mmd/Character/Ramiel/Materials/MI_袜金属_outline.uasset,25092,MaterialInstanceConstant,材质 / 纹理,,dependency of /Game/Assets/mmd/Character/Ramiel/VA_蕾米埃尔·黑_VrmAssetList,/Game/Assets/mmd/Character/Ramiel/VA_蕾米埃尔·黑_VrmAssetList,ignored,external local archive + SHA-256 manifest required,保留,NO
仍被使用,Content/Assets/mmd,Content/Assets/mmd/Character/Ramiel/Materials/MI_面纱.uasset,29508,MaterialInstanceConstant,材质 / 纹理,,dependency of /Game/Assets/mmd/Character/Ramiel/Meshes/SK_蕾米埃尔·黑,/Game/Assets/mmd/Character/Ramiel/Meshes/SK_蕾米埃尔·黑; /Game/Assets/mmd/Character/Ramiel/VA_蕾米埃尔·黑_VrmAssetList,ignored,external local archive + SHA-256 manifest required,保留,NO
仍被使用,Content/Assets/mmd,Content/Assets/mmd/Character/Ramiel/Materials/MI_面纱_outline.uasset,25080,MaterialInstanceConstant,材质 / 纹理,,dependency of /Game/Assets/mmd/Character/Ramiel/VA_蕾米埃尔·黑_VrmAssetList,/Game/Assets/mmd/Character/Ramiel/VA_蕾米埃尔·黑_VrmAssetList,ignored,external local archive + SHA-256 manifest required,保留,NO
仍被使用,Content/Assets/mmd,Content/Assets/mmd/Character/Ramiel/Materials/MI_鞋+.uasset,30814,MaterialInstanceConstant,材质 / 纹理,,dependency of /Game/Assets/mmd/Character/Ramiel/Meshes/SK_蕾米埃尔·黑,/Game/Assets/mmd/Character/Ramiel/Meshes/SK_蕾米埃尔·黑; /Game/Assets/mmd/Character/Ramiel/VA_蕾米埃尔·黑_VrmAssetList,ignored,external local archive + SHA-256 manifest required,保留,NO
仍被使用,Content/Assets/mmd,Content/Assets/mmd/Character/Ramiel/Materials/MI_鞋+_outline.uasset,26011,MaterialInstanceConstant,材质 / 纹理,,dependency of /Game/Assets/mmd/Character/Ramiel/VA_蕾米埃尔·黑_VrmAssetList,/Game/Assets/mmd/Character/Ramiel/VA_蕾米埃尔·黑_VrmAssetList,ignored,external local archive + SHA-256 manifest required,保留,NO
仍被使用,Content/Assets/mmd,Content/Assets/mmd/Character/Ramiel/Materials/MI_鞋.uasset,29496,MaterialInstanceConstant,材质 / 纹理,,dependency of /Game/Assets/mmd/Character/Ramiel/Meshes/SK_蕾米埃尔·黑,/Game/Assets/mmd/Character/Ramiel/Meshes/SK_蕾米埃尔·黑; /Game/Assets/mmd/Character/Ramiel/VA_蕾米埃尔·黑_VrmAssetList,ignored,external local archive + SHA-256 manifest required,保留,NO
仍被使用,Content/Assets/mmd,Content/Assets/mmd/Character/Ramiel/Materials/MI_鞋_outline.uasset,25068,MaterialInstanceConstant,材质 / 纹理,,dependency of /Game/Assets/mmd/Character/Ramiel/VA_蕾米埃尔·黑_VrmAssetList,/Game/Assets/mmd/Character/Ramiel/VA_蕾米埃尔·黑_VrmAssetList,ignored,external local archive + SHA-256 manifest required,保留,NO
仍被使用,Content/Assets/mmd,Content/Assets/mmd/Character/Ramiel/Materials/MI_鞋饰+.uasset,32889,MaterialInstanceConstant,材质 / 纹理,,dependency of /Game/Assets/mmd/Character/Ramiel/Meshes/SK_蕾米埃尔·黑,/Game/Assets/mmd/Character/Ramiel/Meshes/SK_蕾米埃尔·黑; /Game/Assets/mmd/Character/Ramiel/VA_蕾米埃尔·黑_VrmAssetList,ignored,external local archive + SHA-256 manifest required,保留,NO
仍被使用,Content/Assets/mmd,Content/Assets/mmd/Character/Ramiel/Materials/MI_鞋饰+_outline.uasset,25937,MaterialInstanceConstant,材质 / 纹理,,dependency of /Game/Assets/mmd/Character/Ramiel/VA_蕾米埃尔·黑_VrmAssetList,/Game/Assets/mmd/Character/Ramiel/VA_蕾米埃尔·黑_VrmAssetList,ignored,external local archive + SHA-256 manifest required,保留,NO
仍被使用,Content/Assets/mmd,Content/Assets/mmd/Character/Ramiel/Materials/MI_鞋饰.uasset,32806,MaterialInstanceConstant,材质 / 纹理,,dependency of /Game/Assets/mmd/Character/Ramiel/Meshes/SK_蕾米埃尔·黑,/Game/Assets/mmd/Character/Ramiel/Meshes/SK_蕾米埃尔·黑; /Game/Assets/mmd/Character/Ramiel/VA_蕾米埃尔·黑_VrmAssetList,ignored,external local archive + SHA-256 manifest required,保留,NO
仍被使用,Content/Assets/mmd,Content/Assets/mmd/Character/Ramiel/Materials/MI_鞋饰_outline.uasset,25074,MaterialInstanceConstant,材质 / 纹理,,dependency of /Game/Assets/mmd/Character/Ramiel/VA_蕾米埃尔·黑_VrmAssetList,/Game/Assets/mmd/Character/Ramiel/VA_蕾米埃尔·黑_VrmAssetList,ignored,external local archive + SHA-256 manifest required,保留,NO
仍被使用,Content/Assets/mmd,Content/Assets/mmd/Character/Ramiel/Materials/MI_颜.uasset,27930,MaterialInstanceConstant,材质 / 纹理,,dependency of /Game/Assets/mmd/Character/Ramiel/Meshes/SK_蕾米埃尔·黑,/Game/Assets/mmd/Character/Ramiel/Meshes/SK_蕾米埃尔·黑; /Game/Assets/mmd/Character/Ramiel/VA_蕾米埃尔·黑_VrmAssetList,ignored,external local archive + SHA-256 manifest required,保留,NO
仍被使用,Content/Assets/mmd,Content/Assets/mmd/Character/Ramiel/Materials/MI_颜_outline.uasset,25047,MaterialInstanceConstant,材质 / 纹理,,dependency of /Game/Assets/mmd/Character/Ramiel/VA_蕾米埃尔·黑_VrmAssetList,/Game/Assets/mmd/Character/Ramiel/VA_蕾米埃尔·黑_VrmAssetList,ignored,external local archive + SHA-256 manifest required,保留,NO
仍被使用,Content/Assets/mmd,Content/Assets/mmd/Character/Ramiel/Materials/MI_齿.uasset,27930,MaterialInstanceConstant,材质 / 纹理,,dependency of /Game/Assets/mmd/Character/Ramiel/Meshes/SK_蕾米埃尔·黑,/Game/Assets/mmd/Character/Ramiel/Meshes/SK_蕾米埃尔·黑; /Game/Assets/mmd/Character/Ramiel/VA_蕾米埃尔·黑_VrmAssetList,ignored,external local archive + SHA-256 manifest required,保留,NO
仍被使用,Content/Assets/mmd,Content/Assets/mmd/Character/Ramiel/Materials/MI_齿_outline.uasset,25047,MaterialInstanceConstant,材质 / 纹理,,dependency of /Game/Assets/mmd/Character/Ramiel/VA_蕾米埃尔·黑_VrmAssetList,/Game/Assets/mmd/Character/Ramiel/VA_蕾米埃尔·黑_VrmAssetList,ignored,external local archive + SHA-256 manifest required,保留,NO
仍被使用,Content/Assets/mmd,Content/Assets/mmd/Character/Ramiel/Meshes/POSE_face_蕾米埃尔·黑.uasset,60289,PoseAsset,蓝图 / 数据 / 其他资源,,dependency of /Game/Assets/mmd/Character/Ramiel/VA_蕾米埃尔·黑_VrmAssetList,/Game/Assets/mmd/Character/Ramiel/VA_蕾米埃尔·黑_VrmAssetList,ignored,external local archive + SHA-256 manifest required,保留,NO
仍被使用,Content/Assets/mmd,Content/Assets/mmd/Character/Ramiel/Meshes/POSE_retarget_蕾米埃尔·黑.uasset,934178,PoseAsset,蓝图 / 数据 / 其他资源,,dependency of /Game/Assets/mmd/Character/Ramiel/VA_蕾米埃尔·黑_VrmAssetList,/Game/Assets/mmd/Character/Ramiel/VA_蕾米埃尔·黑_VrmAssetList,ignored,external local archive + SHA-256 manifest required,保留,NO
仍被使用,Content/Assets/mmd,Content/Assets/mmd/Character/Ramiel/Meshes/SK_蕾米埃尔·黑.uasset,15641001,SkeletalMesh,角色 / 动作 / 重定向,,dependency of /Game/Data/VerticalSlice/Characters/DA_Character_Remiel,/Game/Presentation/Animation/RTG_Remiel; /Game/Assets/mmd/Character/Ramiel/Rigs/IK_蕾米埃尔·黑_VrmHumanoid; /Game/Presentation/Animation/RTG_CompleteDefeat_Remiel; /Game/Assets/mmd/Character/Ramiel/Rigs/IK_蕾米埃尔·黑_Mannequin; /Game/Presentation/Animation/RTG_Combat_Remiel; /Game/Presentation/Animation/PR_MM_Land; /Game/Assets/mmd/Character/Ramiel/Meshes/SKEL_蕾米埃尔·黑; /Game/Presentation/Animation/PR_MM_Jump; /Game/Presentation/Animation/PR_MM_Idle1; /Game/Presentation/Animation/PR_MM_Fall_Loop; /Game/Presentation/Animation/PR_MF_Unarmed_Walk_Right; /Game/Presentation/Animation/PR_MF_Unarmed_Walk_Left; /Game/Presentation/Animation/PR_MF_Unarmed_Walk_Fwd_Right; /Game/Presentation/Animation/PR_MF_Unarmed_Walk_Fwd_Left; /Game/Presentation/Animation/PR_MF_Unarmed_Walk_Fwd; /Game/Presentation/Animation/PR_MF_Unarmed_Walk_Bwd_Right; /Game/Presentation/Animation/PR_MF_Unarmed_Walk_Bwd_Left; /Game/Presentation/Animation/PR_MF_Unarmed_Walk_Bwd; /Game/Presentation/Animation/PR_MF_Unarmed_Jog_Right; /Game/Presentation/Animation/PR_MF_Unarmed_Jog_Left; /Game/Presentation/Animation/PR_MF_Unarmed_Jog_Fwd_Right; /Game/Presentation/Animation/PR_MF_Unarmed_Jog_Fwd_Left; /Game/Presentation/Animation/PR_MF_Unarmed_Jog_Fwd; /Game/Presentation/Animation/PR_MF_Unarmed_Jog_Bwd_Right; /Game/Presentation/Animation/PR_MF_Unarmed_Jog_Bwd_Left; /Game/Presentation/Animation/PR_MF_Unarmed_Jog_Bwd; /Game/Presentation/Animation/PR_BS_Idle_Walk_Run; /Game/Presentation/Animation/PR_ABP_Remiel_Unarmed; /Game/Presentation/Animation/Locomotion/Remiel/LIVE_Remiel_MM_Land; /Game/Presentation/Animation/Locomotion/Remiel/LIVE_Remiel_MM_Jump; /Game/Presentation/Animation/Locomotion/Remiel/LIVE_Remiel_MM_Idle; /Game/Presentation/Animation/Locomotion/Remiel/LIVE_Remiel_MM_Fall_Loop; /Game/Presentation/Animation/Locomotion/Remiel/LIVE_Remiel_MF_Unarmed_Walk_Right; /Game/Presentation/Animation/Locomotion/Remiel/LIVE_Remiel_MF_Unarmed_Walk_Left; /Game/Presentation/Animation/Locomotion/Remiel/LIVE_Remiel_MF_Unarmed_Walk_Fwd_Right; /Game/Presentation/Animation/Locomotion/Remiel/LIVE_Remiel_MF_Unarmed_Walk_Fwd_Left; /Game/Presentation/Animation/Locomotion/Remiel/LIVE_Remiel_MF_Unarmed_Walk_Fwd; /Game/Presentation/Animation/Locomotion/Remiel/LIVE_Remiel_MF_Unarmed_Walk_Bwd_Right; /Game/Presentation/Animation/Locomotion/Remiel/LIVE_Remiel_MF_Unarmed_Walk_Bwd_Left; /Game/Presentation/Animation/Locomotion/Remiel/LIVE_Remiel_MF_Unarmed_Walk_Bwd; /Game/Presentation/Animation/Locomotion/Remiel/LIVE_Remiel_MF_Unarmed_Jog_Right; /Game/Presentation/Animation/Locomotion/Remiel/LIVE_Remiel_MF_Unarmed_Jog_Left; /Game/Presentation/Animation/Locomotion/Remiel/LIVE_Remiel_MF_Unarmed_Jog_Fwd_Right; /Game/Presentation/Animation/Locomotion/Remiel/LIVE_Remiel_MF_Unarmed_Jog_Fwd_Left; /Game/Presentation/Animation/Locomotion/Remiel/LIVE_Remiel_MF_Unarmed_Jog_Fwd; /Game/Presentation/Animation/Locomotion/Remiel/LIVE_Remiel_MF_Unarmed_Jog_Bwd_Right; /Game/Presentation/Animation/Locomotion/Remiel/LIVE_Remiel_MF_Unarmed_Jog_Bwd_Left; /Game/Presentation/Animation/Locomotion/Remiel/LIVE_Remiel_MF_Unarmed_Jog_Bwd; /Game/Presentation/Animation/Locomotion/Remiel/LIVE_Remiel_BS_Idle_Walk_Run; /Game/Presentation/Animation/Locomotion/Remiel/LIVE_Remiel_ABP_Unarmed; /Game/Presentation/Animation/Locomotion/Remiel/FIX_Remiel_MM_Land; /Game/Presentation/Animation/Locomotion/Remiel/FIX_Remiel_MM_Jump; /Game/Presentation/Animation/Locomotion/Remiel/FIX_Remiel_MM_Idle; /Game/Presentation/Animation/Locomotion/Remiel/FIX_Remiel_MM_Fall_Loop; /Game/Presentation/Animation/Locomotion/Remiel/FIX_Remiel_MF_Unarmed_Walk_Right; /Game/Presentation/Animation/Locomotion/Remiel/FIX_Remiel_MF_Unarmed_Walk_Left; /Game/Presentation/Animation/Locomotion/Remiel/FIX_Remiel_MF_Unarmed_Walk_Fwd_Right; /Game/Presentation/Animation/Locomotion/Remiel/FIX_Remiel_MF_Unarmed_Walk_Fwd_Left; /Game/Presentation/Animation/Locomotion/Remiel/FIX_Remiel_MF_Unarmed_Walk_Fwd; /Game/Presentation/Animation/Locomotion/Remiel/FIX_Remiel_MF_Unarmed_Walk_Bwd_Right; /Game/Presentation/Animation/Locomotion/Remiel/FIX_Remiel_MF_Unarmed_Walk_Bwd_Left; /Game/Presentation/Animation/Locomotion/Remiel/FIX_Remiel_MF_Unarmed_Walk_Bwd; /Game/Presentation/Animation/Locomotion/Remiel/FIX_Remiel_MF_Unarmed_Jog_Right; /Game/Presentation/Animation/Locomotion/Remiel/FIX_Remiel_MF_Unarmed_Jog_Left; /Game/Presentation/Animation/Locomotion/Remiel/FIX_Remiel_MF_Unarmed_Jog_Fwd_Right; /Game/Presentation/Animation/Locomotion/Remiel/FIX_Remiel_MF_Unarmed_Jog_Fwd_Left; /Game/Presentation/Animation/Locomotion/Remiel/FIX_Remiel_MF_Unarmed_Jog_Fwd; /Game/Presentation/Animation/Locomotion/Remiel/FIX_Remiel_MF_Unarmed_Jog_Bwd_Right; /Game/Presentation/Animation/Locomotion/Remiel/FIX_Remiel_MF_Unarmed_Jog_Bwd_Left; /Game/Presentation/Animation/Locomotion/Remiel/FIX_Remiel_MF_Unarmed_Jog_Bwd; /Game/Presentation/Animation/Locomotion/Remiel/FIX_Remiel_BS_Idle_Walk_Run; /Game/Presentation/Animation/Locomotion/Remiel/FIX_Remiel_ABP_Unarmed; /Game/Presentation/Animation/Locomotion/Remiel/FINAL_Remiel_MM_Land; /Game/Presentation/Animation/Locomotion/Remiel/FINAL_Remiel_MM_Jump; /Game/Presentation/Animation/Locomotion/Remiel/FINAL_Remiel_MM_Idle; /Game/Presentation/Animation/Locomotion/Remiel/FINAL_Remiel_MM_Fall_Loop; /Game/Presentation/Animation/Locomotion/Remiel/FINAL_Remiel_MF_Unarmed_Walk_Right; /Game/Presentation/Animation/Locomotion/Remiel/FINAL_Remiel_MF_Unarmed_Walk_Left; /Game/Presentation/Animation/Locomotion/Remiel/FINAL_Remiel_MF_Unarmed_Walk_Fwd_Right; /Game/Presentation/Animation/Locomotion/Remiel/FINAL_Remiel_MF_Unarmed_Walk_Fwd_Left; /Game/Presentation/Animation/Locomotion/Remiel/FINAL_Remiel_MF_Unarmed_Walk_Fwd; /Game/Presentation/Animation/Locomotion/Remiel/FINAL_Remiel_MF_Unarmed_Walk_Bwd_Right; /Game/Presentation/Animation/Locomotion/Remiel/FINAL_Remiel_MF_Unarmed_Walk_Bwd_Left; /Game/Presentation/Animation/Locomotion/Remiel/FINAL_Remiel_MF_Unarmed_Walk_Bwd; /Game/Presentation/Animation/Locomotion/Remiel/FINAL_Remiel_MF_Unarmed_Jog_Right; /Game/Presentation/Animation/Locomotion/Remiel/FINAL_Remiel_MF_Unarmed_Jog_Left; /Game/Presentation/Animation/Locomotion/Remiel/FINAL_Remiel_MF_Unarmed_Jog_Fwd_Right; /Game/Presentation/Animation/Locomotion/Remiel/FINAL_Remiel_MF_Unarmed_Jog_Fwd_Left; /Game/Presentation/Animation/Locomotion/Remiel/FINAL_Remiel_MF_Unarmed_Jog_Fwd; /Game/Presentation/Animation/Locomotion/Remiel/FINAL_Remiel_MF_Unarmed_Jog_Bwd_Right; /Game/Presentation/Animation/Locomotion/Remiel/FINAL_Remiel_MF_Unarmed_Jog_Bwd_Left; /Game/Presentation/Animation/Locomotion/Remiel/FINAL_Remiel_MF_Unarmed_Jog_Bwd; /Game/Presentation/Animation/Locomotion/Remiel/FINAL_Remiel_BS_Idle_Walk_Run; /Game/Presentation/Animation/Locomotion/Remiel/FINAL_Remiel_ABP_Unarmed; /Game/Presentation/Animation/Combat/Remiel_MM_HitReact_Front_Med_01; /Game/Presentation/Animation/Combat/Remiel_MM_Death_Front_01; /Game/Presentation/Animation/Combat/Remiel_MM_Attack_01; /Game/Presentation/Animation/Combat/LIVE_Remiel_MM_HitReact_Front_Med_01; /Game/Presentation/Animation/Combat/LIVE_Remiel_MM_Death_Front_01; /Game/Presentation/Animation/Combat/LIVE_Remiel_MM_ChargedAttack; /Game/Presentation/Animation/Combat/LIVE_Remiel_MM_Attack_01; /Game/Presentation/Animation/Combat/FULL_Remiel_QuaterniusDeath_Anim; /Game/Presentation/Animation/Combat/CAST_Remiel_QuaterniusCast; /Game/Data/VerticalSlice/Characters/DA_Character_Remiel; /Game/Assets/mmd/Character/Ramiel/VM_蕾米埃尔·黑_VrmMeta; /Game/Assets/mmd/Character/Ramiel/VA_蕾米埃尔·黑_VrmAssetList; /Game/Assets/mmd/Character/Ramiel/Meshes/POSE_face_蕾米埃尔·黑; /Game/Assets/mmd/Character/Ramiel/Meshes/POSE_retarget_蕾米埃尔·黑; /Game/Assets/mmd/Character/Ramiel/Rigs/IK_蕾米埃尔·黑_MannequinBone; /Game/Assets/mmd/Character/Ramiel/Rigs/IK_UEFN_蕾米埃尔·黑_Mannequin; /Game/Assets/mmd/Character/Ramiel/Animations/ABP_Post_蕾米埃尔·黑; /Game/Assets/mmd/Character/Ramiel/Animations/A_face_蕾米埃尔·黑,ignored,external local archive + SHA-256 manifest required,保留,NO
仍被使用,Content/Assets/mmd,Content/Assets/mmd/Character/Ramiel/Meshes/SKEL_蕾米埃尔·黑.uasset,221444,Skeleton,角色 / 动作 / 重定向,,dependency of /Game/Presentation/Animation/Combat/CAST_Remiel_QuaterniusCast,/Game/Assets/mmd/Character/Ramiel/Meshes/SK_蕾米埃尔·黑; /Game/Presentation/Animation/PR_MM_Land; /Game/Presentation/Animation/PR_MM_Jump; /Game/Presentation/Animation/PR_MM_Idle1; /Game/Presentation/Animation/PR_MM_Fall_Loop; /Game/Presentation/Animation/PR_MF_Unarmed_Walk_Right; /Game/Presentation/Animation/PR_MF_Unarmed_Walk_Left; /Game/Presentation/Animation/PR_MF_Unarmed_Walk_Fwd_Right; /Game/Presentation/Animation/PR_MF_Unarmed_Walk_Fwd_Left; /Game/Presentation/Animation/PR_MF_Unarmed_Walk_Fwd; /Game/Presentation/Animation/PR_MF_Unarmed_Walk_Bwd_Right; /Game/Presentation/Animation/PR_MF_Unarmed_Walk_Bwd_Left; /Game/Presentation/Animation/PR_MF_Unarmed_Walk_Bwd; /Game/Presentation/Animation/PR_MF_Unarmed_Jog_Right; /Game/Presentation/Animation/PR_MF_Unarmed_Jog_Left; /Game/Presentation/Animation/PR_MF_Unarmed_Jog_Fwd_Right; /Game/Presentation/Animation/PR_MF_Unarmed_Jog_Fwd_Left; /Game/Presentation/Animation/PR_MF_Unarmed_Jog_Fwd; /Game/Presentation/Animation/PR_MF_Unarmed_Jog_Bwd_Right; /Game/Presentation/Animation/PR_MF_Unarmed_Jog_Bwd_Left; /Game/Presentation/Animation/PR_MF_Unarmed_Jog_Bwd; /Game/Presentation/Animation/PR_BS_Idle_Walk_Run; /Game/Presentation/Animation/PR_ABP_Remiel_Unarmed; /Game/Presentation/Animation/ABP_Playable_Remiel; /Game/Presentation/Animation/Locomotion/Remiel/LIVE_Remiel_MM_Land; /Game/Presentation/Animation/Locomotion/Remiel/LIVE_Remiel_MM_Jump; /Game/Presentation/Animation/Locomotion/Remiel/LIVE_Remiel_MM_Idle; /Game/Presentation/Animation/Locomotion/Remiel/LIVE_Remiel_MM_Fall_Loop; /Game/Presentation/Animation/Locomotion/Remiel/LIVE_Remiel_MF_Unarmed_Walk_Right; /Game/Presentation/Animation/Locomotion/Remiel/LIVE_Remiel_MF_Unarmed_Walk_Left; /Game/Presentation/Animation/Locomotion/Remiel/LIVE_Remiel_MF_Unarmed_Walk_Fwd_Right; /Game/Presentation/Animation/Locomotion/Remiel/LIVE_Remiel_MF_Unarmed_Walk_Fwd_Left; /Game/Presentation/Animation/Locomotion/Remiel/LIVE_Remiel_MF_Unarmed_Walk_Fwd; /Game/Presentation/Animation/Locomotion/Remiel/LIVE_Remiel_MF_Unarmed_Walk_Bwd_Right; /Game/Presentation/Animation/Locomotion/Remiel/LIVE_Remiel_MF_Unarmed_Walk_Bwd_Left; /Game/Presentation/Animation/Locomotion/Remiel/LIVE_Remiel_MF_Unarmed_Walk_Bwd; /Game/Presentation/Animation/Locomotion/Remiel/LIVE_Remiel_MF_Unarmed_Jog_Right; /Game/Presentation/Animation/Locomotion/Remiel/LIVE_Remiel_MF_Unarmed_Jog_Left; /Game/Presentation/Animation/Locomotion/Remiel/LIVE_Remiel_MF_Unarmed_Jog_Fwd_Right; /Game/Presentation/Animation/Locomotion/Remiel/LIVE_Remiel_MF_Unarmed_Jog_Fwd_Left; /Game/Presentation/Animation/Locomotion/Remiel/LIVE_Remiel_MF_Unarmed_Jog_Fwd; /Game/Presentation/Animation/Locomotion/Remiel/LIVE_Remiel_MF_Unarmed_Jog_Bwd_Right; /Game/Presentation/Animation/Locomotion/Remiel/LIVE_Remiel_MF_Unarmed_Jog_Bwd_Left; /Game/Presentation/Animation/Locomotion/Remiel/LIVE_Remiel_MF_Unarmed_Jog_Bwd; /Game/Presentation/Animation/Locomotion/Remiel/LIVE_Remiel_BS_Idle_Walk_Run; /Game/Presentation/Animation/Locomotion/Remiel/LIVE_Remiel_ABP_Unarmed; /Game/Presentation/Animation/Locomotion/Remiel/FIX_Remiel_MM_Land; /Game/Presentation/Animation/Locomotion/Remiel/FIX_Remiel_MM_Jump; /Game/Presentation/Animation/Locomotion/Remiel/FIX_Remiel_MM_Idle; /Game/Presentation/Animation/Locomotion/Remiel/FIX_Remiel_MM_Fall_Loop; /Game/Presentation/Animation/Locomotion/Remiel/FIX_Remiel_MF_Unarmed_Walk_Right; /Game/Presentation/Animation/Locomotion/Remiel/FIX_Remiel_MF_Unarmed_Walk_Left; /Game/Presentation/Animation/Locomotion/Remiel/FIX_Remiel_MF_Unarmed_Walk_Fwd_Right; /Game/Presentation/Animation/Locomotion/Remiel/FIX_Remiel_MF_Unarmed_Walk_Fwd_Left; /Game/Presentation/Animation/Locomotion/Remiel/FIX_Remiel_MF_Unarmed_Walk_Fwd; /Game/Presentation/Animation/Locomotion/Remiel/FIX_Remiel_MF_Unarmed_Walk_Bwd_Right; /Game/Presentation/Animation/Locomotion/Remiel/FIX_Remiel_MF_Unarmed_Walk_Bwd_Left; /Game/Presentation/Animation/Locomotion/Remiel/FIX_Remiel_MF_Unarmed_Walk_Bwd; /Game/Presentation/Animation/Locomotion/Remiel/FIX_Remiel_MF_Unarmed_Jog_Right; /Game/Presentation/Animation/Locomotion/Remiel/FIX_Remiel_MF_Unarmed_Jog_Left; /Game/Presentation/Animation/Locomotion/Remiel/FIX_Remiel_MF_Unarmed_Jog_Fwd_Right; /Game/Presentation/Animation/Locomotion/Remiel/FIX_Remiel_MF_Unarmed_Jog_Fwd_Left; /Game/Presentation/Animation/Locomotion/Remiel/FIX_Remiel_MF_Unarmed_Jog_Fwd; /Game/Presentation/Animation/Locomotion/Remiel/FIX_Remiel_MF_Unarmed_Jog_Bwd_Right; /Game/Presentation/Animation/Locomotion/Remiel/FIX_Remiel_MF_Unarmed_Jog_Bwd_Left; /Game/Presentation/Animation/Locomotion/Remiel/FIX_Remiel_MF_Unarmed_Jog_Bwd; /Game/Presentation/Animation/Locomotion/Remiel/FIX_Remiel_BS_Idle_Walk_Run; /Game/Presentation/Animation/Locomotion/Remiel/FIX_Remiel_ABP_Unarmed; /Game/Presentation/Animation/Locomotion/Remiel/FINAL_Remiel_MM_Land; /Game/Presentation/Animation/Locomotion/Remiel/FINAL_Remiel_MM_Jump; /Game/Presentation/Animation/Locomotion/Remiel/FINAL_Remiel_MM_Idle; /Game/Presentation/Animation/Locomotion/Remiel/FINAL_Remiel_MM_Fall_Loop; /Game/Presentation/Animation/Locomotion/Remiel/FINAL_Remiel_MF_Unarmed_Walk_Right; /Game/Presentation/Animation/Locomotion/Remiel/FINAL_Remiel_MF_Unarmed_Walk_Left; /Game/Presentation/Animation/Locomotion/Remiel/FINAL_Remiel_MF_Unarmed_Walk_Fwd_Right; /Game/Presentation/Animation/Locomotion/Remiel/FINAL_Remiel_MF_Unarmed_Walk_Fwd_Left; /Game/Presentation/Animation/Locomotion/Remiel/FINAL_Remiel_MF_Unarmed_Walk_Fwd; /Game/Presentation/Animation/Locomotion/Remiel/FINAL_Remiel_MF_Unarmed_Walk_Bwd_Right; /Game/Presentation/Animation/Locomotion/Remiel/FINAL_Remiel_MF_Unarmed_Walk_Bwd_Left; /Game/Presentation/Animation/Locomotion/Remiel/FINAL_Remiel_MF_Unarmed_Walk_Bwd; /Game/Presentation/Animation/Locomotion/Remiel/FINAL_Remiel_MF_Unarmed_Jog_Right; /Game/Presentation/Animation/Locomotion/Remiel/FINAL_Remiel_MF_Unarmed_Jog_Left; /Game/Presentation/Animation/Locomotion/Remiel/FINAL_Remiel_MF_Unarmed_Jog_Fwd_Right; /Game/Presentation/Animation/Locomotion/Remiel/FINAL_Remiel_MF_Unarmed_Jog_Fwd_Left; /Game/Presentation/Animation/Locomotion/Remiel/FINAL_Remiel_MF_Unarmed_Jog_Fwd; /Game/Presentation/Animation/Locomotion/Remiel/FINAL_Remiel_MF_Unarmed_Jog_Bwd_Right; /Game/Presentation/Animation/Locomotion/Remiel/FINAL_Remiel_MF_Unarmed_Jog_Bwd_Left; /Game/Presentation/Animation/Locomotion/Remiel/FINAL_Remiel_MF_Unarmed_Jog_Bwd; /Game/Presentation/Animation/Locomotion/Remiel/FINAL_Remiel_BS_Idle_Walk_Run; /Game/Presentation/Animation/Locomotion/Remiel/FINAL_Remiel_ABP_Unarmed; /Game/Presentation/Animation/Combat/Remiel_MM_HitReact_Front_Med_01; /Game/Presentation/Animation/Combat/Remiel_MM_Death_Front_01; /Game/Presentation/Animation/Combat/Remiel_MM_Attack_01; /Game/Presentation/Animation/Combat/LIVE_Remiel_MM_HitReact_Front_Med_01; /Game/Presentation/Animation/Combat/LIVE_Remiel_MM_Death_Front_01; /Game/Presentation/Animation/Combat/LIVE_Remiel_MM_ChargedAttack; /Game/Presentation/Animation/Combat/LIVE_Remiel_MM_Attack_01; /Game/Presentation/Animation/Combat/FULL_Remiel_QuaterniusDeath_Anim; /Game/Presentation/Animation/Combat/CAST_Remiel_QuaterniusCast; /Game/Assets/mmd/Character/Ramiel/Meshes/POSE_face_蕾米埃尔·黑; /Game/Assets/mmd/Character/Ramiel/Meshes/POSE_retarget_蕾米埃尔·黑; /Game/Assets/mmd/Character/Ramiel/Animations/ABP_Post_蕾米埃尔·黑; /Game/Assets/mmd/Character/Ramiel/Animations/A_face_蕾米埃尔·黑,ignored,external local archive + SHA-256 manifest required,保留,NO
待核实,Content/Assets/mmd,Content/Assets/mmd/Character/Ramiel/Rigs/IK_UEFN_蕾米埃尔·黑_Mannequin.uasset,676557,IKRigDefinition,角色 / 动作 / 重定向,,test / authoring dependency: Tools/Presentation/retarget_party.py (dynamic folder); Tools/Presentation/retarget_party.py (dynamic folder),,ignored,external local archive + SHA-256 manifest required,中,NO
待核实,Content/Assets/mmd,Content/Assets/mmd/Character/Ramiel/Rigs/IK_蕾米埃尔·黑_Mannequin.uasset,676507,IKRigDefinition,角色 / 动作 / 重定向,,test / authoring dependency: Tools/Presentation/retarget_party.py (dynamic folder); Tools/Presentation/retarget_party.py (dynamic folder),/Game/Presentation/Animation/RTG_CompleteDefeat_Remiel; /Game/Presentation/Animation/RTG_Combat_Remiel,ignored,external local archive + SHA-256 manifest required,中,NO
待核实,Content/Assets/mmd,Content/Assets/mmd/Character/Ramiel/Rigs/IK_蕾米埃尔·黑_MannequinBone.uasset,673533,IKRigDefinition,角色 / 动作 / 重定向,,test / authoring dependency: Tools/Presentation/retarget_party.py (dynamic folder); Tools/Presentation/retarget_party.py (dynamic folder),,ignored,external local archive + SHA-256 manifest required,中,NO
待核实,Content/Assets/mmd,Content/Assets/mmd/Character/Ramiel/Rigs/IK_蕾米埃尔·黑_VrmHumanoid.uasset,673809,IKRigDefinition,角色 / 动作 / 重定向,,test / authoring dependency: Tools/Presentation/retarget_party.py (dynamic folder); Tools/Presentation/retarget_party.py (dynamic folder),/Game/Presentation/Animation/RTG_Remiel,ignored,external local archive + SHA-256 manifest required,中,NO
仍被使用,Content/Assets/mmd,Content/Assets/mmd/Character/Ramiel/SP_蕾米埃尔·黑.uasset,1215,SubsurfaceProfile,蓝图 / 数据 / 其他资源,,dependency of /Game/Assets/mmd/Character/Ramiel/Materials/MI_齿,/Game/Assets/mmd/Character/Ramiel/VA_蕾米埃尔·黑_VrmAssetList; /Game/Assets/mmd/Character/Ramiel/Materials/MI_二重; /Game/Assets/mmd/Character/Ramiel/Materials/MI_体-alpha1; /Game/Assets/mmd/Character/Ramiel/Materials/MI_体-alpha2; /Game/Assets/mmd/Character/Ramiel/Materials/MI_体下; /Game/Assets/mmd/Character/Ramiel/Materials/MI_体下+; /Game/Assets/mmd/Character/Ramiel/Materials/MI_发; /Game/Assets/mmd/Character/Ramiel/Materials/MI_发+; /Game/Assets/mmd/Character/Ramiel/Materials/MI_发饰后; /Game/Assets/mmd/Character/Ramiel/Materials/MI_发饰后+; /Game/Assets/mmd/Character/Ramiel/Materials/MI_发饰金属; /Game/Assets/mmd/Character/Ramiel/Materials/MI_发饰金属+; /Game/Assets/mmd/Character/Ramiel/Materials/MI_口线; /Game/Assets/mmd/Character/Ramiel/Materials/MI_口舌; /Game/Assets/mmd/Character/Ramiel/Materials/MI_戒指; /Game/Assets/mmd/Character/Ramiel/Materials/MI_戒指+; /Game/Assets/mmd/Character/Ramiel/Materials/MI_指甲; /Game/Assets/mmd/Character/Ramiel/Materials/MI_目; /Game/Assets/mmd/Character/Ramiel/Materials/MI_目光; /Game/Assets/mmd/Character/Ramiel/Materials/MI_目光2; /Game/Assets/mmd/Character/Ramiel/Materials/MI_目光3; /Game/Assets/mmd/Character/Ramiel/Materials/MI_目影; /Game/Assets/mmd/Character/Ramiel/Materials/MI_目白; /Game/Assets/mmd/Character/Ramiel/Materials/MI_眉; /Game/Assets/mmd/Character/Ramiel/Materials/MI_睫; /Game/Assets/mmd/Character/Ramiel/Materials/MI_翅膀; /Game/Assets/mmd/Character/Ramiel/Materials/MI_肌; /Game/Assets/mmd/Character/Ramiel/Materials/MI_肌2; /Game/Assets/mmd/Character/Ramiel/Materials/MI_腿饰; /Game/Assets/mmd/Character/Ramiel/Materials/MI_腿饰金属; /Game/Assets/mmd/Character/Ramiel/Materials/MI_腿饰金属+; /Game/Assets/mmd/Character/Ramiel/Materials/MI_衣; /Game/Assets/mmd/Character/Ramiel/Materials/MI_衣+; /Game/Assets/mmd/Character/Ramiel/Materials/MI_袜-alpha; /Game/Assets/mmd/Character/Ramiel/Materials/MI_袜金属; /Game/Assets/mmd/Character/Ramiel/Materials/MI_袜金属+; /Game/Assets/mmd/Character/Ramiel/Materials/MI_面纱; /Game/Assets/mmd/Character/Ramiel/Materials/MI_鞋; /Game/Assets/mmd/Character/Ramiel/Materials/MI_鞋+; /Game/Assets/mmd/Character/Ramiel/Materials/MI_鞋饰; /Game/Assets/mmd/Character/Ramiel/Materials/MI_鞋饰+; /Game/Assets/mmd/Character/Ramiel/Materials/MI_颜; /Game/Assets/mmd/Character/Ramiel/Materials/MI_齿,ignored,external local archive + SHA-256 manifest required,保留,NO
仍被使用,Content/Assets/mmd,Content/Assets/mmd/Character/Ramiel/Textures/T_体+.uasset,4020716,Texture2D,材质 / 纹理,,dependency of /Game/Assets/mmd/Character/Ramiel/Materials/MI_鞋饰+,/Game/Assets/mmd/Character/Ramiel/VA_蕾米埃尔·黑_VrmAssetList; /Game/Assets/mmd/Character/Ramiel/Materials/MI_发饰后+; /Game/Assets/mmd/Character/Ramiel/Materials/MI_发饰后+_outline; /Game/Assets/mmd/Character/Ramiel/Materials/MI_发饰金属+; /Game/Assets/mmd/Character/Ramiel/Materials/MI_发饰金属+_outline; /Game/Assets/mmd/Character/Ramiel/Materials/MI_戒指+; /Game/Assets/mmd/Character/Ramiel/Materials/MI_戒指+_outline; /Game/Assets/mmd/Character/Ramiel/Materials/MI_腿饰金属+; /Game/Assets/mmd/Character/Ramiel/Materials/MI_腿饰金属+_outline; /Game/Assets/mmd/Character/Ramiel/Materials/MI_衣+; /Game/Assets/mmd/Character/Ramiel/Materials/MI_衣+_outline; /Game/Assets/mmd/Character/Ramiel/Materials/MI_鞋饰+; /Game/Assets/mmd/Character/Ramiel/Materials/MI_鞋饰+_outline,ignored,external local archive + SHA-256 manifest required,保留,NO
仍被使用,Content/Assets/mmd,Content/Assets/mmd/Character/Ramiel/Textures/T_体.uasset,3768038,Texture2D,材质 / 纹理,,dependency of /Game/Assets/mmd/Character/Ramiel/Materials/MI_鞋饰,/Game/Assets/mmd/Character/Ramiel/VA_蕾米埃尔·黑_VrmAssetList; /Game/Assets/mmd/Character/Ramiel/Materials/MI_体-alpha1; /Game/Assets/mmd/Character/Ramiel/Materials/MI_体-alpha1_outline; /Game/Assets/mmd/Character/Ramiel/Materials/MI_体-alpha2; /Game/Assets/mmd/Character/Ramiel/Materials/MI_体-alpha2_outline; /Game/Assets/mmd/Character/Ramiel/Materials/MI_发饰后; /Game/Assets/mmd/Character/Ramiel/Materials/MI_发饰后_outline; /Game/Assets/mmd/Character/Ramiel/Materials/MI_发饰金属; /Game/Assets/mmd/Character/Ramiel/Materials/MI_发饰金属_outline; /Game/Assets/mmd/Character/Ramiel/Materials/MI_戒指; /Game/Assets/mmd/Character/Ramiel/Materials/MI_戒指_outline; /Game/Assets/mmd/Character/Ramiel/Materials/MI_指甲; /Game/Assets/mmd/Character/Ramiel/Materials/MI_指甲_outline; /Game/Assets/mmd/Character/Ramiel/Materials/MI_肌; /Game/Assets/mmd/Character/Ramiel/Materials/MI_肌_outline; /Game/Assets/mmd/Character/Ramiel/Materials/MI_腿饰; /Game/Assets/mmd/Character/Ramiel/Materials/MI_腿饰_outline; /Game/Assets/mmd/Character/Ramiel/Materials/MI_腿饰金属; /Game/Assets/mmd/Character/Ramiel/Materials/MI_腿饰金属_outline; /Game/Assets/mmd/Character/Ramiel/Materials/MI_衣; /Game/Assets/mmd/Character/Ramiel/Materials/MI_衣_outline; /Game/Assets/mmd/Character/Ramiel/Materials/MI_鞋饰; /Game/Assets/mmd/Character/Ramiel/Materials/MI_鞋饰_outline,ignored,external local archive + SHA-256 manifest required,保留,NO
仍被使用,Content/Assets/mmd,Content/Assets/mmd/Character/Ramiel/Textures/T_体2+.uasset,2060515,Texture2D,材质 / 纹理,,dependency of /Game/Assets/mmd/Character/Ramiel/Materials/MI_鞋+,/Game/Assets/mmd/Character/Ramiel/VA_蕾米埃尔·黑_VrmAssetList; /Game/Assets/mmd/Character/Ramiel/Materials/MI_袜金属+; /Game/Assets/mmd/Character/Ramiel/Materials/MI_袜金属+_outline; /Game/Assets/mmd/Character/Ramiel/Materials/MI_鞋+; /Game/Assets/mmd/Character/Ramiel/Materials/MI_鞋+_outline,ignored,external local archive + SHA-256 manifest required,保留,NO
仍被使用,Content/Assets/mmd,Content/Assets/mmd/Character/Ramiel/Textures/T_体2.uasset,1727710,Texture2D,材质 / 纹理,,dependency of /Game/Assets/mmd/Character/Ramiel/Materials/MI_鞋,/Game/Assets/mmd/Character/Ramiel/VA_蕾米埃尔·黑_VrmAssetList; /Game/Assets/mmd/Character/Ramiel/Materials/MI_体下; /Game/Assets/mmd/Character/Ramiel/Materials/MI_体下_outline; /Game/Assets/mmd/Character/Ramiel/Materials/MI_肌2; /Game/Assets/mmd/Character/Ramiel/Materials/MI_肌2_outline; /Game/Assets/mmd/Character/Ramiel/Materials/MI_袜-alpha; /Game/Assets/mmd/Character/Ramiel/Materials/MI_袜-alpha_outline; /Game/Assets/mmd/Character/Ramiel/Materials/MI_袜金属; /Game/Assets/mmd/Character/Ramiel/Materials/MI_袜金属_outline; /Game/Assets/mmd/Character/Ramiel/Materials/MI_面纱; /Game/Assets/mmd/Character/Ramiel/Materials/MI_面纱_outline; /Game/Assets/mmd/Character/Ramiel/Materials/MI_鞋; /Game/Assets/mmd/Character/Ramiel/Materials/MI_鞋_outline,ignored,external local archive + SHA-256 manifest required,保留,NO
仍被使用,Content/Assets/mmd,Content/Assets/mmd/Character/Ramiel/Textures/T_发+.uasset,86389,Texture2D,材质 / 纹理,,dependency of /Game/Assets/mmd/Character/Ramiel/Materials/MI_发+,/Game/Assets/mmd/Character/Ramiel/VA_蕾米埃尔·黑_VrmAssetList; /Game/Assets/mmd/Character/Ramiel/Materials/MI_发+; /Game/Assets/mmd/Character/Ramiel/Materials/MI_发+_outline,ignored,external local archive + SHA-256 manifest required,保留,NO
仍被使用,Content/Assets/mmd,Content/Assets/mmd/Character/Ramiel/Textures/T_发.uasset,3935039,Texture2D,材质 / 纹理,,dependency of /Game/Assets/mmd/Character/Ramiel/Materials/MI_发,/Game/Assets/mmd/Character/Ramiel/VA_蕾米埃尔·黑_VrmAssetList; /Game/Assets/mmd/Character/Ramiel/Materials/MI_发; /Game/Assets/mmd/Character/Ramiel/Materials/MI_发_outline,ignored,external local archive + SHA-256 manifest required,保留,NO
仍被使用,Content/Assets/mmd,Content/Assets/mmd/Character/Ramiel/Textures/T_翅膀.uasset,2192101,Texture2D,材质 / 纹理,,dependency of /Game/Assets/mmd/Character/Ramiel/Materials/MI_翅膀,/Game/Assets/mmd/Character/Ramiel/VA_蕾米埃尔·黑_VrmAssetList; /Game/Assets/mmd/Character/Ramiel/Materials/MI_翅膀; /Game/Assets/mmd/Character/Ramiel/Materials/MI_翅膀_outline,ignored,external local archive + SHA-256 manifest required,保留,NO
仍被使用,Content/Assets/mmd,Content/Assets/mmd/Character/Ramiel/Textures/T_肌.uasset,145611,Texture2D,材质 / 纹理,,dependency of /Game/Assets/mmd/Character/Ramiel/Materials/MI_体下+,/Game/Assets/mmd/Character/Ramiel/VA_蕾米埃尔·黑_VrmAssetList; /Game/Assets/mmd/Character/Ramiel/Materials/MI_体下+; /Game/Assets/mmd/Character/Ramiel/Materials/MI_体下+_outline,ignored,external local archive + SHA-256 manifest required,保留,NO
仍被使用,Content/Assets/mmd,Content/Assets/mmd/Character/Ramiel/Textures/T_颜.uasset,981983,Texture2D,材质 / 纹理,,dependency of /Game/Assets/mmd/Character/Ramiel/Materials/MI_齿,/Game/Assets/mmd/Character/Ramiel/VA_蕾米埃尔·黑_VrmAssetList; /Game/Assets/mmd/Character/Ramiel/Materials/MI_二重; /Game/Assets/mmd/Character/Ramiel/Materials/MI_二重_outline; /Game/Assets/mmd/Character/Ramiel/Materials/MI_口线; /Game/Assets/mmd/Character/Ramiel/Materials/MI_口线_outline; /Game/Assets/mmd/Character/Ramiel/Materials/MI_口舌; /Game/Assets/mmd/Character/Ramiel/Materials/MI_口舌_outline; /Game/Assets/mmd/Character/Ramiel/Materials/MI_目; /Game/Assets/mmd/Character/Ramiel/Materials/MI_目_outline; /Game/Assets/mmd/Character/Ramiel/Materials/MI_目光; /Game/Assets/mmd/Character/Ramiel/Materials/MI_目光2; /Game/Assets/mmd/Character/Ramiel/Materials/MI_目光2_outline; /Game/Assets/mmd/Character/Ramiel/Materials/MI_目光3; /Game/Assets/mmd/Character/Ramiel/Materials/MI_目光3_outline; /Game/Assets/mmd/Character/Ramiel/Materials/MI_目光_outline; /Game/Assets/mmd/Character/Ramiel/Materials/MI_目白; /Game/Assets/mmd/Character/Ramiel/Materials/MI_目白_outline; /Game/Assets/mmd/Character/Ramiel/Materials/MI_眉; /Game/Assets/mmd/Character/Ramiel/Materials/MI_眉_outline; /Game/Assets/mmd/Character/Ramiel/Materials/MI_睫; /Game/Assets/mmd/Character/Ramiel/Materials/MI_睫_outline; /Game/Assets/mmd/Character/Ramiel/Materials/MI_颜; /Game/Assets/mmd/Character/Ramiel/Materials/MI_颜_outline; /Game/Assets/mmd/Character/Ramiel/Materials/MI_齿; /Game/Assets/mmd/Character/Ramiel/Materials/MI_齿_outline,ignored,external local archive + SHA-256 manifest required,保留,NO
仍被使用,Content/Assets/mmd,Content/Assets/mmd/Character/Ramiel/VA_蕾米埃尔·黑_VrmAssetList.uasset,39703,VrmAssetListObject,蓝图 / 数据 / 其他资源,,dependency of /Game/Assets/mmd/Character/Ramiel/Meshes/SK_蕾米埃尔·黑,/Game/Assets/mmd/Character/Ramiel/Meshes/SK_蕾米埃尔·黑; /Game/Assets/mmd/Character/Ramiel/VM_蕾米埃尔·黑_VrmMeta,ignored,external local archive + SHA-256 manifest required,保留,NO
仍被使用,Content/Assets/mmd,Content/Assets/mmd/Character/Ramiel/VL_蕾米埃尔·黑_VrmLicense.uasset,5016,VrmLicenseObject,蓝图 / 数据 / 其他资源,,dependency of /Game/Assets/mmd/Character/Ramiel/VA_蕾米埃尔·黑_VrmAssetList,/Game/Assets/mmd/Character/Ramiel/VA_蕾米埃尔·黑_VrmAssetList,ignored,external local archive + SHA-256 manifest required,保留,NO
仍被使用,Content/Assets/mmd,Content/Assets/mmd/Character/Ramiel/VM_蕾米埃尔·黑_VrmMeta.uasset,8463,VrmMetaObject,蓝图 / 数据 / 其他资源,,dependency of /Game/Assets/mmd/Character/Ramiel/VA_蕾米埃尔·黑_VrmAssetList,/Game/Assets/mmd/Character/Ramiel/VA_蕾米埃尔·黑_VrmAssetList,ignored,external local archive + SHA-256 manifest required,保留,NO
仍被使用,Content/Assets/mmd,Content/Assets/mmd/Character/Sparxie/Animations/A_face_星穹铁道—火花2.uasset,104659,AnimSequence,角色 / 动作 / 重定向,,dependency of /Game/Assets/mmd/Character/Sparxie/Meshes/POSE_face_星穹铁道—火花2,/Game/Assets/mmd/Character/Sparxie/Meshes/POSE_face_星穹铁道—火花2,ignored,external local archive + SHA-256 manifest required,保留,NO
仍被使用,Content/Assets/mmd,Content/Assets/mmd/Character/Sparxie/Animations/ABP_Post_星穹铁道—火花2.uasset,113829,AnimBlueprint,角色 / 动作 / 重定向,,dependency of /Game/Assets/mmd/Character/Sparxie/Meshes/SK_星穹铁道—火花2,/Game/Assets/mmd/Character/Sparxie/Meshes/SK_星穹铁道—火花2,ignored,external local archive + SHA-256 manifest required,保留,NO
待核实,Content/Assets/mmd,Content/Assets/mmd/Character/Sparxie/Animations/ABP_Sparxie.uasset,45247,AnimBlueprint,角色 / 动作 / 重定向,,test / authoring dependency: Tools/Presentation/author_content.py; Tools/Presentation/retarget_party.py (dynamic folder); Tools/Presentation/retarget_party.py (dynamic folder),/Game/Assets/mmd/Character/Sparxie/BP_Sparxie,ignored,external local archive + SHA-256 manifest required,中,NO
待核实,Content/Assets/mmd,Content/Assets/mmd/Character/Sparxie/BP_Sparxie.uasset,38942,Blueprint,蓝图 / 数据 / 其他资源,,test / authoring dependency: Tools/Presentation/retarget_party.py (dynamic folder); Tools/Presentation/retarget_party.py (dynamic folder),,ignored,external local archive + SHA-256 manifest required,中,NO
仍被使用,Content/Assets/mmd,Content/Assets/mmd/Character/Sparxie/Materials/MI_biaoq.uasset,32364,MaterialInstanceConstant,材质 / 纹理,,dependency of /Game/Assets/mmd/Character/Sparxie/Meshes/SK_星穹铁道—火花2,/Game/Assets/mmd/Character/Sparxie/Meshes/SK_星穹铁道—火花2; /Game/Assets/mmd/Character/Sparxie/VA_星穹铁道—火花2_VrmAssetList,ignored,external local archive + SHA-256 manifest required,保留,NO
仍被使用,Content/Assets/mmd,Content/Assets/mmd/Character/Sparxie/Materials/MI_biaoq_outline.uasset,25839,MaterialInstanceConstant,材质 / 纹理,,dependency of /Game/Assets/mmd/Character/Sparxie/VA_星穹铁道—火花2_VrmAssetList,/Game/Assets/mmd/Character/Sparxie/VA_星穹铁道—火花2_VrmAssetList,ignored,external local archive + SHA-256 manifest required,保留,NO
仍被使用,Content/Assets/mmd,Content/Assets/mmd/Character/Sparxie/Materials/MI_上衣+.uasset,35092,MaterialInstanceConstant,材质 / 纹理,,dependency of /Game/Assets/mmd/Character/Sparxie/Meshes/SK_星穹铁道—火花2,/Game/Assets/mmd/Character/Sparxie/Meshes/SK_星穹铁道—火花2; /Game/Assets/mmd/Character/Sparxie/VA_星穹铁道—火花2_VrmAssetList,ignored,external local archive + SHA-256 manifest required,保留,NO
仍被使用,Content/Assets/mmd,Content/Assets/mmd/Character/Sparxie/Materials/MI_上衣+_outline.uasset,25069,MaterialInstanceConstant,材质 / 纹理,,dependency of /Game/Assets/mmd/Character/Sparxie/VA_星穹铁道—火花2_VrmAssetList,/Game/Assets/mmd/Character/Sparxie/VA_星穹铁道—火花2_VrmAssetList,ignored,external local archive + SHA-256 manifest required,保留,NO
仍被使用,Content/Assets/mmd,Content/Assets/mmd/Character/Sparxie/Materials/MI_上衣.uasset,35080,MaterialInstanceConstant,材质 / 纹理,,dependency of /Game/Assets/mmd/Character/Sparxie/Meshes/SK_星穹铁道—火花2,/Game/Assets/mmd/Character/Sparxie/Meshes/SK_星穹铁道—火花2; /Game/Assets/mmd/Character/Sparxie/VA_星穹铁道—火花2_VrmAssetList,ignored,external local archive + SHA-256 manifest required,保留,NO
仍被使用,Content/Assets/mmd,Content/Assets/mmd/Character/Sparxie/Materials/MI_上衣_outline.uasset,25057,MaterialInstanceConstant,材质 / 纹理,,dependency of /Game/Assets/mmd/Character/Sparxie/VA_星穹铁道—火花2_VrmAssetList,/Game/Assets/mmd/Character/Sparxie/VA_星穹铁道—火花2_VrmAssetList,ignored,external local archive + SHA-256 manifest required,保留,NO
仍被使用,Content/Assets/mmd,Content/Assets/mmd/Character/Sparxie/Materials/MI_上衣领+.uasset,35104,MaterialInstanceConstant,材质 / 纹理,,dependency of /Game/Assets/mmd/Character/Sparxie/Meshes/SK_星穹铁道—火花2,/Game/Assets/mmd/Character/Sparxie/Meshes/SK_星穹铁道—火花2; /Game/Assets/mmd/Character/Sparxie/VA_星穹铁道—火花2_VrmAssetList,ignored,external local archive + SHA-256 manifest required,保留,NO
仍被使用,Content/Assets/mmd,Content/Assets/mmd/Character/Sparxie/Materials/MI_上衣领+_outline.uasset,25081,MaterialInstanceConstant,材质 / 纹理,,dependency of /Game/Assets/mmd/Character/Sparxie/VA_星穹铁道—火花2_VrmAssetList,/Game/Assets/mmd/Character/Sparxie/VA_星穹铁道—火花2_VrmAssetList,ignored,external local archive + SHA-256 manifest required,保留,NO
仍被使用,Content/Assets/mmd,Content/Assets/mmd/Character/Sparxie/Materials/MI_上衣领.uasset,35092,MaterialInstanceConstant,材质 / 纹理,,dependency of /Game/Assets/mmd/Character/Sparxie/Meshes/SK_星穹铁道—火花2,/Game/Assets/mmd/Character/Sparxie/Meshes/SK_星穹铁道—火花2; /Game/Assets/mmd/Character/Sparxie/VA_星穹铁道—火花2_VrmAssetList,ignored,external local archive + SHA-256 manifest required,保留,NO
仍被使用,Content/Assets/mmd,Content/Assets/mmd/Character/Sparxie/Materials/MI_上衣领_outline.uasset,25069,MaterialInstanceConstant,材质 / 纹理,,dependency of /Game/Assets/mmd/Character/Sparxie/VA_星穹铁道—火花2_VrmAssetList,/Game/Assets/mmd/Character/Sparxie/VA_星穹铁道—火花2_VrmAssetList,ignored,external local archive + SHA-256 manifest required,保留,NO
仍被使用,Content/Assets/mmd,Content/Assets/mmd/Character/Sparxie/Materials/MI_内着.uasset,34962,MaterialInstanceConstant,材质 / 纹理,,dependency of /Game/Assets/mmd/Character/Sparxie/Meshes/SK_星穹铁道—火花2,/Game/Assets/mmd/Character/Sparxie/Meshes/SK_星穹铁道—火花2; /Game/Assets/mmd/Character/Sparxie/VA_星穹铁道—火花2_VrmAssetList,ignored,external local archive + SHA-256 manifest required,保留,NO
仍被使用,Content/Assets/mmd,Content/Assets/mmd/Character/Sparxie/Materials/MI_内着_outline.uasset,25197,MaterialInstanceConstant,材质 / 纹理,,dependency of /Game/Assets/mmd/Character/Sparxie/VA_星穹铁道—火花2_VrmAssetList,/Game/Assets/mmd/Character/Sparxie/VA_星穹铁道—火花2_VrmAssetList,ignored,external local archive + SHA-256 manifest required,保留,NO
仍被使用,Content/Assets/mmd,Content/Assets/mmd/Character/Sparxie/Materials/MI_口.uasset,28297,MaterialInstanceConstant,材质 / 纹理,,dependency of /Game/Assets/mmd/Character/Sparxie/Meshes/SK_星穹铁道—火花2,/Game/Assets/mmd/Character/Sparxie/Meshes/SK_星穹铁道—火花2; /Game/Assets/mmd/Character/Sparxie/VA_星穹铁道—火花2_VrmAssetList,ignored,external local archive + SHA-256 manifest required,保留,NO
仍被使用,Content/Assets/mmd,Content/Assets/mmd/Character/Sparxie/Materials/MI_口_outline.uasset,25045,MaterialInstanceConstant,材质 / 纹理,,dependency of /Game/Assets/mmd/Character/Sparxie/VA_星穹铁道—火花2_VrmAssetList,/Game/Assets/mmd/Character/Sparxie/VA_星穹铁道—火花2_VrmAssetList,ignored,external local archive + SHA-256 manifest required,保留,NO
仍被使用,Content/Assets/mmd,Content/Assets/mmd/Character/Sparxie/Materials/MI_後結擺+.uasset,35104,MaterialInstanceConstant,材质 / 纹理,,dependency of /Game/Assets/mmd/Character/Sparxie/Meshes/SK_星穹铁道—火花2,/Game/Assets/mmd/Character/Sparxie/Meshes/SK_星穹铁道—火花2; /Game/Assets/mmd/Character/Sparxie/VA_星穹铁道—火花2_VrmAssetList,ignored,external local archive + SHA-256 manifest required,保留,NO
仍被使用,Content/Assets/mmd,Content/Assets/mmd/Character/Sparxie/Materials/MI_後結擺+_outline.uasset,25081,MaterialInstanceConstant,材质 / 纹理,,dependency of /Game/Assets/mmd/Character/Sparxie/VA_星穹铁道—火花2_VrmAssetList,/Game/Assets/mmd/Character/Sparxie/VA_星穹铁道—火花2_VrmAssetList,ignored,external local archive + SHA-256 manifest required,保留,NO
仍被使用,Content/Assets/mmd,Content/Assets/mmd/Character/Sparxie/Materials/MI_後結擺.uasset,35092,MaterialInstanceConstant,材质 / 纹理,,dependency of /Game/Assets/mmd/Character/Sparxie/Meshes/SK_星穹铁道—火花2,/Game/Assets/mmd/Character/Sparxie/Meshes/SK_星穹铁道—火花2; /Game/Assets/mmd/Character/Sparxie/VA_星穹铁道—火花2_VrmAssetList,ignored,external local archive + SHA-256 manifest required,保留,NO
仍被使用,Content/Assets/mmd,Content/Assets/mmd/Character/Sparxie/Materials/MI_後結擺_outline.uasset,25069,MaterialInstanceConstant,材质 / 纹理,,dependency of /Game/Assets/mmd/Character/Sparxie/VA_星穹铁道—火花2_VrmAssetList,/Game/Assets/mmd/Character/Sparxie/VA_星穹铁道—火花2_VrmAssetList,ignored,external local archive + SHA-256 manifest required,保留,NO
仍被使用,Content/Assets/mmd,Content/Assets/mmd/Character/Sparxie/Materials/MI_手.uasset,35068,MaterialInstanceConstant,材质 / 纹理,,dependency of /Game/Assets/mmd/Character/Sparxie/Meshes/SK_星穹铁道—火花2,/Game/Assets/mmd/Character/Sparxie/Meshes/SK_星穹铁道—火花2; /Game/Assets/mmd/Character/Sparxie/VA_星穹铁道—火花2_VrmAssetList,ignored,external local archive + SHA-256 manifest required,保留,NO
仍被使用,Content/Assets/mmd,Content/Assets/mmd/Character/Sparxie/Materials/MI_手_outline.uasset,25045,MaterialInstanceConstant,材质 / 纹理,,dependency of /Game/Assets/mmd/Character/Sparxie/VA_星穹铁道—火花2_VrmAssetList,/Game/Assets/mmd/Character/Sparxie/VA_星穹铁道—火花2_VrmAssetList,ignored,external local archive + SHA-256 manifest required,保留,NO
仍被使用,Content/Assets/mmd,Content/Assets/mmd/Character/Sparxie/Materials/MI_手套.uasset,34962,MaterialInstanceConstant,材质 / 纹理,,dependency of /Game/Assets/mmd/Character/Sparxie/Meshes/SK_星穹铁道—火花2,/Game/Assets/mmd/Character/Sparxie/Meshes/SK_星穹铁道—火花2; /Game/Assets/mmd/Character/Sparxie/VA_星穹铁道—火花2_VrmAssetList,ignored,external local archive + SHA-256 manifest required,保留,NO
仍被使用,Content/Assets/mmd,Content/Assets/mmd/Character/Sparxie/Materials/MI_手套_outline.uasset,25197,MaterialInstanceConstant,材质 / 纹理,,dependency of /Game/Assets/mmd/Character/Sparxie/VA_星穹铁道—火花2_VrmAssetList,/Game/Assets/mmd/Character/Sparxie/VA_星穹铁道—火花2_VrmAssetList,ignored,external local archive + SHA-256 manifest required,保留,NO
仍被使用,Content/Assets/mmd,Content/Assets/mmd/Character/Sparxie/Materials/MI_白目.uasset,28309,MaterialInstanceConstant,材质 / 纹理,,dependency of /Game/Assets/mmd/Character/Sparxie/Meshes/SK_星穹铁道—火花2,/Game/Assets/mmd/Character/Sparxie/Meshes/SK_星穹铁道—火花2; /Game/Assets/mmd/Character/Sparxie/VA_星穹铁道—火花2_VrmAssetList,ignored,external local archive + SHA-256 manifest required,保留,NO
仍被使用,Content/Assets/mmd,Content/Assets/mmd/Character/Sparxie/Materials/MI_白目_outline.uasset,25057,MaterialInstanceConstant,材质 / 纹理,,dependency of /Game/Assets/mmd/Character/Sparxie/VA_星穹铁道—火花2_VrmAssetList,/Game/Assets/mmd/Character/Sparxie/VA_星穹铁道—火花2_VrmAssetList,ignored,external local archive + SHA-256 manifest required,保留,NO
仍被使用,Content/Assets/mmd,Content/Assets/mmd/Character/Sparxie/Materials/MI_目.uasset,28297,MaterialInstanceConstant,材质 / 纹理,,dependency of /Game/Assets/mmd/Character/Sparxie/Meshes/SK_星穹铁道—火花2,/Game/Assets/mmd/Character/Sparxie/Meshes/SK_星穹铁道—火花2; /Game/Assets/mmd/Character/Sparxie/VA_星穹铁道—火花2_VrmAssetList,ignored,external local archive + SHA-256 manifest required,保留,NO
仍被使用,Content/Assets/mmd,Content/Assets/mmd/Character/Sparxie/Materials/MI_目_outline.uasset,25045,MaterialInstanceConstant,材质 / 纹理,,dependency of /Game/Assets/mmd/Character/Sparxie/VA_星穹铁道—火花2_VrmAssetList,/Game/Assets/mmd/Character/Sparxie/VA_星穹铁道—火花2_VrmAssetList,ignored,external local archive + SHA-256 manifest required,保留,NO
仍被使用,Content/Assets/mmd,Content/Assets/mmd/Character/Sparxie/Materials/MI_目光.uasset,28309,MaterialInstanceConstant,材质 / 纹理,,dependency of /Game/Assets/mmd/Character/Sparxie/Meshes/SK_星穹铁道—火花2,/Game/Assets/mmd/Character/Sparxie/Meshes/SK_星穹铁道—火花2; /Game/Assets/mmd/Character/Sparxie/VA_星穹铁道—火花2_VrmAssetList,ignored,external local archive + SHA-256 manifest required,保留,NO
仍被使用,Content/Assets/mmd,Content/Assets/mmd/Character/Sparxie/Materials/MI_目光_outline.uasset,25057,MaterialInstanceConstant,材质 / 纹理,,dependency of /Game/Assets/mmd/Character/Sparxie/VA_星穹铁道—火花2_VrmAssetList,/Game/Assets/mmd/Character/Sparxie/VA_星穹铁道—火花2_VrmAssetList,ignored,external local archive + SHA-256 manifest required,保留,NO
仍被使用,Content/Assets/mmd,Content/Assets/mmd/Character/Sparxie/Materials/MI_目影.uasset,25675,MaterialInstanceConstant,材质 / 纹理,,dependency of /Game/Assets/mmd/Character/Sparxie/Meshes/SK_星穹铁道—火花2,/Game/Assets/mmd/Character/Sparxie/Meshes/SK_星穹铁道—火花2; /Game/Assets/mmd/Character/Sparxie/VA_星穹铁道—火花2_VrmAssetList,ignored,external local archive + SHA-256 manifest required,保留,NO
仍被使用,Content/Assets/mmd,Content/Assets/mmd/Character/Sparxie/Materials/MI_目影_outline.uasset,25057,MaterialInstanceConstant,材质 / 纹理,,dependency of /Game/Assets/mmd/Character/Sparxie/VA_星穹铁道—火花2_VrmAssetList,/Game/Assets/mmd/Character/Sparxie/VA_星穹铁道—火花2_VrmAssetList,ignored,external local archive + SHA-256 manifest required,保留,NO
仍被使用,Content/Assets/mmd,Content/Assets/mmd/Character/Sparxie/Materials/MI_眉睫.uasset,28309,MaterialInstanceConstant,材质 / 纹理,,dependency of /Game/Assets/mmd/Character/Sparxie/Meshes/SK_星穹铁道—火花2,/Game/Assets/mmd/Character/Sparxie/Meshes/SK_星穹铁道—火花2; /Game/Assets/mmd/Character/Sparxie/VA_星穹铁道—火花2_VrmAssetList,ignored,external local archive + SHA-256 manifest required,保留,NO
仍被使用,Content/Assets/mmd,Content/Assets/mmd/Character/Sparxie/Materials/MI_眉睫_outline.uasset,25057,MaterialInstanceConstant,材质 / 纹理,,dependency of /Game/Assets/mmd/Character/Sparxie/VA_星穹铁道—火花2_VrmAssetList,/Game/Assets/mmd/Character/Sparxie/VA_星穹铁道—火花2_VrmAssetList,ignored,external local archive + SHA-256 manifest required,保留,NO
仍被使用,Content/Assets/mmd,Content/Assets/mmd/Character/Sparxie/Materials/MI_肌.uasset,35068,MaterialInstanceConstant,材质 / 纹理,,dependency of /Game/Assets/mmd/Character/Sparxie/Meshes/SK_星穹铁道—火花2,/Game/Assets/mmd/Character/Sparxie/Meshes/SK_星穹铁道—火花2; /Game/Assets/mmd/Character/Sparxie/VA_星穹铁道—火花2_VrmAssetList,ignored,external local archive + SHA-256 manifest required,保留,NO
仍被使用,Content/Assets/mmd,Content/Assets/mmd/Character/Sparxie/Materials/MI_肌_outline.uasset,25045,MaterialInstanceConstant,材质 / 纹理,,dependency of /Game/Assets/mmd/Character/Sparxie/VA_星穹铁道—火花2_VrmAssetList,/Game/Assets/mmd/Character/Sparxie/VA_星穹铁道—火花2_VrmAssetList,ignored,external local archive + SHA-256 manifest required,保留,NO
仍被使用,Content/Assets/mmd,Content/Assets/mmd/Character/Sparxie/Materials/MI_肩飾+.uasset,35092,MaterialInstanceConstant,材质 / 纹理,,dependency of /Game/Assets/mmd/Character/Sparxie/Meshes/SK_星穹铁道—火花2,/Game/Assets/mmd/Character/Sparxie/Meshes/SK_星穹铁道—火花2; /Game/Assets/mmd/Character/Sparxie/VA_星穹铁道—火花2_VrmAssetList,ignored,external local archive + SHA-256 manifest required,保留,NO
仍被使用,Content/Assets/mmd,Content/Assets/mmd/Character/Sparxie/Materials/MI_肩飾+_outline.uasset,25069,MaterialInstanceConstant,材质 / 纹理,,dependency of /Game/Assets/mmd/Character/Sparxie/VA_星穹铁道—火花2_VrmAssetList,/Game/Assets/mmd/Character/Sparxie/VA_星穹铁道—火花2_VrmAssetList,ignored,external local archive + SHA-256 manifest required,保留,NO
仍被使用,Content/Assets/mmd,Content/Assets/mmd/Character/Sparxie/Materials/MI_肩飾.uasset,35080,MaterialInstanceConstant,材质 / 纹理,,dependency of /Game/Assets/mmd/Character/Sparxie/Meshes/SK_星穹铁道—火花2,/Game/Assets/mmd/Character/Sparxie/Meshes/SK_星穹铁道—火花2; /Game/Assets/mmd/Character/Sparxie/VA_星穹铁道—火花2_VrmAssetList,ignored,external local archive + SHA-256 manifest required,保留,NO
仍被使用,Content/Assets/mmd,Content/Assets/mmd/Character/Sparxie/Materials/MI_肩飾_outline.uasset,25057,MaterialInstanceConstant,材质 / 纹理,,dependency of /Game/Assets/mmd/Character/Sparxie/VA_星穹铁道—火花2_VrmAssetList,/Game/Assets/mmd/Character/Sparxie/VA_星穹铁道—火花2_VrmAssetList,ignored,external local archive + SHA-256 manifest required,保留,NO
仍被使用,Content/Assets/mmd,Content/Assets/mmd/Character/Sparxie/Materials/MI_腰帶.uasset,35080,MaterialInstanceConstant,材质 / 纹理,,dependency of /Game/Assets/mmd/Character/Sparxie/Meshes/SK_星穹铁道—火花2,/Game/Assets/mmd/Character/Sparxie/Meshes/SK_星穹铁道—火花2; /Game/Assets/mmd/Character/Sparxie/VA_星穹铁道—火花2_VrmAssetList,ignored,external local archive + SHA-256 manifest required,保留,NO
仍被使用,Content/Assets/mmd,Content/Assets/mmd/Character/Sparxie/Materials/MI_腰帶_outline.uasset,25057,MaterialInstanceConstant,材质 / 纹理,,dependency of /Game/Assets/mmd/Character/Sparxie/VA_星穹铁道—火花2_VrmAssetList,/Game/Assets/mmd/Character/Sparxie/VA_星穹铁道—火花2_VrmAssetList,ignored,external local archive + SHA-256 manifest required,保留,NO
仍被使用,Content/Assets/mmd,Content/Assets/mmd/Character/Sparxie/Materials/MI_腰帶結.uasset,35092,MaterialInstanceConstant,材质 / 纹理,,dependency of /Game/Assets/mmd/Character/Sparxie/Meshes/SK_星穹铁道—火花2,/Game/Assets/mmd/Character/Sparxie/Meshes/SK_星穹铁道—火花2; /Game/Assets/mmd/Character/Sparxie/VA_星穹铁道—火花2_VrmAssetList,ignored,external local archive + SHA-256 manifest required,保留,NO
仍被使用,Content/Assets/mmd,Content/Assets/mmd/Character/Sparxie/Materials/MI_腰帶結_outline.uasset,25069,MaterialInstanceConstant,材质 / 纹理,,dependency of /Game/Assets/mmd/Character/Sparxie/VA_星穹铁道—火花2_VrmAssetList,/Game/Assets/mmd/Character/Sparxie/VA_星穹铁道—火花2_VrmAssetList,ignored,external local archive + SHA-256 manifest required,保留,NO
仍被使用,Content/Assets/mmd,Content/Assets/mmd/Character/Sparxie/Materials/MI_腰结花边+.uasset,35116,MaterialInstanceConstant,材质 / 纹理,,dependency of /Game/Assets/mmd/Character/Sparxie/Meshes/SK_星穹铁道—火花2,/Game/Assets/mmd/Character/Sparxie/Meshes/SK_星穹铁道—火花2; /Game/Assets/mmd/Character/Sparxie/VA_星穹铁道—火花2_VrmAssetList,ignored,external local archive + SHA-256 manifest required,保留,NO
仍被使用,Content/Assets/mmd,Content/Assets/mmd/Character/Sparxie/Materials/MI_腰结花边+_outline.uasset,25093,MaterialInstanceConstant,材质 / 纹理,,dependency of /Game/Assets/mmd/Character/Sparxie/VA_星穹铁道—火花2_VrmAssetList,/Game/Assets/mmd/Character/Sparxie/VA_星穹铁道—火花2_VrmAssetList,ignored,external local archive + SHA-256 manifest required,保留,NO
仍被使用,Content/Assets/mmd,Content/Assets/mmd/Character/Sparxie/Materials/MI_腰结花边.uasset,35104,MaterialInstanceConstant,材质 / 纹理,,dependency of /Game/Assets/mmd/Character/Sparxie/Meshes/SK_星穹铁道—火花2,/Game/Assets/mmd/Character/Sparxie/Meshes/SK_星穹铁道—火花2; /Game/Assets/mmd/Character/Sparxie/VA_星穹铁道—火花2_VrmAssetList,ignored,external local archive + SHA-256 manifest required,保留,NO
仍被使用,Content/Assets/mmd,Content/Assets/mmd/Character/Sparxie/Materials/MI_腰结花边_outline.uasset,25081,MaterialInstanceConstant,材质 / 纹理,,dependency of /Game/Assets/mmd/Character/Sparxie/VA_星穹铁道—火花2_VrmAssetList,/Game/Assets/mmd/Character/Sparxie/VA_星穹铁道—火花2_VrmAssetList,ignored,external local archive + SHA-256 manifest required,保留,NO
仍被使用,Content/Assets/mmd,Content/Assets/mmd/Character/Sparxie/Materials/MI_腿环靴子.uasset,34986,MaterialInstanceConstant,材质 / 纹理,,dependency of /Game/Assets/mmd/Character/Sparxie/Meshes/SK_星穹铁道—火花2,/Game/Assets/mmd/Character/Sparxie/Meshes/SK_星穹铁道—火花2; /Game/Assets/mmd/Character/Sparxie/VA_星穹铁道—火花2_VrmAssetList,ignored,external local archive + SHA-256 manifest required,保留,NO
仍被使用,Content/Assets/mmd,Content/Assets/mmd/Character/Sparxie/Materials/MI_腿环靴子_outline.uasset,25221,MaterialInstanceConstant,材质 / 纹理,,dependency of /Game/Assets/mmd/Character/Sparxie/VA_星穹铁道—火花2_VrmAssetList,/Game/Assets/mmd/Character/Sparxie/VA_星穹铁道—火花2_VrmAssetList,ignored,external local archive + SHA-256 manifest required,保留,NO
仍被使用,Content/Assets/mmd,Content/Assets/mmd/Character/Sparxie/Materials/MI_舌.uasset,28297,MaterialInstanceConstant,材质 / 纹理,,dependency of /Game/Assets/mmd/Character/Sparxie/Meshes/SK_星穹铁道—火花2,/Game/Assets/mmd/Character/Sparxie/Meshes/SK_星穹铁道—火花2; /Game/Assets/mmd/Character/Sparxie/VA_星穹铁道—火花2_VrmAssetList,ignored,external local archive + SHA-256 manifest required,保留,NO
仍被使用,Content/Assets/mmd,Content/Assets/mmd/Character/Sparxie/Materials/MI_舌_outline.uasset,25045,MaterialInstanceConstant,材质 / 纹理,,dependency of /Game/Assets/mmd/Character/Sparxie/VA_星穹铁道—火花2_VrmAssetList,/Game/Assets/mmd/Character/Sparxie/VA_星穹铁道—火花2_VrmAssetList,ignored,external local archive + SHA-256 manifest required,保留,NO
仍被使用,Content/Assets/mmd,Content/Assets/mmd/Character/Sparxie/Materials/MI_袖.uasset,35068,MaterialInstanceConstant,材质 / 纹理,,dependency of /Game/Assets/mmd/Character/Sparxie/Meshes/SK_星穹铁道—火花2,/Game/Assets/mmd/Character/Sparxie/Meshes/SK_星穹铁道—火花2; /Game/Assets/mmd/Character/Sparxie/VA_星穹铁道—火花2_VrmAssetList,ignored,external local archive + SHA-256 manifest required,保留,NO
仍被使用,Content/Assets/mmd,Content/Assets/mmd/Character/Sparxie/Materials/MI_袖_outline.uasset,25045,MaterialInstanceConstant,材质 / 纹理,,dependency of /Game/Assets/mmd/Character/Sparxie/VA_星穹铁道—火花2_VrmAssetList,/Game/Assets/mmd/Character/Sparxie/VA_星穹铁道—火花2_VrmAssetList,ignored,external local archive + SHA-256 manifest required,保留,NO
仍被使用,Content/Assets/mmd,Content/Assets/mmd/Character/Sparxie/Materials/MI_袖花边+.uasset,35104,MaterialInstanceConstant,材质 / 纹理,,dependency of /Game/Assets/mmd/Character/Sparxie/Meshes/SK_星穹铁道—火花2,/Game/Assets/mmd/Character/Sparxie/Meshes/SK_星穹铁道—火花2; /Game/Assets/mmd/Character/Sparxie/VA_星穹铁道—火花2_VrmAssetList,ignored,external local archive + SHA-256 manifest required,保留,NO
仍被使用,Content/Assets/mmd,Content/Assets/mmd/Character/Sparxie/Materials/MI_袖花边+_outline.uasset,25081,MaterialInstanceConstant,材质 / 纹理,,dependency of /Game/Assets/mmd/Character/Sparxie/VA_星穹铁道—火花2_VrmAssetList,/Game/Assets/mmd/Character/Sparxie/VA_星穹铁道—火花2_VrmAssetList,ignored,external local archive + SHA-256 manifest required,保留,NO
仍被使用,Content/Assets/mmd,Content/Assets/mmd/Character/Sparxie/Materials/MI_袖花边.uasset,35092,MaterialInstanceConstant,材质 / 纹理,,dependency of /Game/Assets/mmd/Character/Sparxie/Meshes/SK_星穹铁道—火花2,/Game/Assets/mmd/Character/Sparxie/Meshes/SK_星穹铁道—火花2; /Game/Assets/mmd/Character/Sparxie/VA_星穹铁道—火花2_VrmAssetList,ignored,external local archive + SHA-256 manifest required,保留,NO
仍被使用,Content/Assets/mmd,Content/Assets/mmd/Character/Sparxie/Materials/MI_袖花边_outline.uasset,25069,MaterialInstanceConstant,材质 / 纹理,,dependency of /Game/Assets/mmd/Character/Sparxie/VA_星穹铁道—火花2_VrmAssetList,/Game/Assets/mmd/Character/Sparxie/VA_星穹铁道—火花2_VrmAssetList,ignored,external local archive + SHA-256 manifest required,保留,NO
仍被使用,Content/Assets/mmd,Content/Assets/mmd/Character/Sparxie/Materials/MI_裙+.uasset,35080,MaterialInstanceConstant,材质 / 纹理,,dependency of /Game/Assets/mmd/Character/Sparxie/Meshes/SK_星穹铁道—火花2,/Game/Assets/mmd/Character/Sparxie/Meshes/SK_星穹铁道—火花2; /Game/Assets/mmd/Character/Sparxie/VA_星穹铁道—火花2_VrmAssetList,ignored,external local archive + SHA-256 manifest required,保留,NO
仍被使用,Content/Assets/mmd,Content/Assets/mmd/Character/Sparxie/Materials/MI_裙+_outline.uasset,25057,MaterialInstanceConstant,材质 / 纹理,,dependency of /Game/Assets/mmd/Character/Sparxie/VA_星穹铁道—火花2_VrmAssetList,/Game/Assets/mmd/Character/Sparxie/VA_星穹铁道—火花2_VrmAssetList,ignored,external local archive + SHA-256 manifest required,保留,NO
仍被使用,Content/Assets/mmd,Content/Assets/mmd/Character/Sparxie/Materials/MI_裙.uasset,35068,MaterialInstanceConstant,材质 / 纹理,,dependency of /Game/Assets/mmd/Character/Sparxie/Meshes/SK_星穹铁道—火花2,/Game/Assets/mmd/Character/Sparxie/Meshes/SK_星穹铁道—火花2; /Game/Assets/mmd/Character/Sparxie/VA_星穹铁道—火花2_VrmAssetList,ignored,external local archive + SHA-256 manifest required,保留,NO
仍被使用,Content/Assets/mmd,Content/Assets/mmd/Character/Sparxie/Materials/MI_裙_outline.uasset,25045,MaterialInstanceConstant,材质 / 纹理,,dependency of /Game/Assets/mmd/Character/Sparxie/VA_星穹铁道—火花2_VrmAssetList,/Game/Assets/mmd/Character/Sparxie/VA_星穹铁道—火花2_VrmAssetList,ignored,external local archive + SHA-256 manifest required,保留,NO
仍被使用,Content/Assets/mmd,Content/Assets/mmd/Character/Sparxie/Materials/MI_裙末結.uasset,35092,MaterialInstanceConstant,材质 / 纹理,,dependency of /Game/Assets/mmd/Character/Sparxie/Meshes/SK_星穹铁道—火花2,/Game/Assets/mmd/Character/Sparxie/Meshes/SK_星穹铁道—火花2; /Game/Assets/mmd/Character/Sparxie/VA_星穹铁道—火花2_VrmAssetList,ignored,external local archive + SHA-256 manifest required,保留,NO
仍被使用,Content/Assets/mmd,Content/Assets/mmd/Character/Sparxie/Materials/MI_裙末結_outline.uasset,25069,MaterialInstanceConstant,材质 / 纹理,,dependency of /Game/Assets/mmd/Character/Sparxie/VA_星穹铁道—火花2_VrmAssetList,/Game/Assets/mmd/Character/Sparxie/VA_星穹铁道—火花2_VrmAssetList,ignored,external local archive + SHA-256 manifest required,保留,NO
仍被使用,Content/Assets/mmd,Content/Assets/mmd/Character/Sparxie/Materials/MI_足2.uasset,35080,MaterialInstanceConstant,材质 / 纹理,,dependency of /Game/Assets/mmd/Character/Sparxie/Meshes/SK_星穹铁道—火花2,/Game/Assets/mmd/Character/Sparxie/Meshes/SK_星穹铁道—火花2; /Game/Assets/mmd/Character/Sparxie/VA_星穹铁道—火花2_VrmAssetList,ignored,external local archive + SHA-256 manifest required,保留,NO
仍被使用,Content/Assets/mmd,Content/Assets/mmd/Character/Sparxie/Materials/MI_足2_outline.uasset,25057,MaterialInstanceConstant,材质 / 纹理,,dependency of /Game/Assets/mmd/Character/Sparxie/VA_星穹铁道—火花2_VrmAssetList,/Game/Assets/mmd/Character/Sparxie/VA_星穹铁道—火花2_VrmAssetList,ignored,external local archive + SHA-256 manifest required,保留,NO
仍被使用,Content/Assets/mmd,Content/Assets/mmd/Character/Sparxie/Materials/MI_鏡片+.uasset,35092,MaterialInstanceConstant,材质 / 纹理,,dependency of /Game/Assets/mmd/Character/Sparxie/Meshes/SK_星穹铁道—火花2,/Game/Assets/mmd/Character/Sparxie/Meshes/SK_星穹铁道—火花2; /Game/Assets/mmd/Character/Sparxie/VA_星穹铁道—火花2_VrmAssetList,ignored,external local archive + SHA-256 manifest required,保留,NO
仍被使用,Content/Assets/mmd,Content/Assets/mmd/Character/Sparxie/Materials/MI_鏡片+_outline.uasset,25069,MaterialInstanceConstant,材质 / 纹理,,dependency of /Game/Assets/mmd/Character/Sparxie/VA_星穹铁道—火花2_VrmAssetList,/Game/Assets/mmd/Character/Sparxie/VA_星穹铁道—火花2_VrmAssetList,ignored,external local archive + SHA-256 manifest required,保留,NO
仍被使用,Content/Assets/mmd,Content/Assets/mmd/Character/Sparxie/Materials/MI_鏡片.uasset,35080,MaterialInstanceConstant,材质 / 纹理,,dependency of /Game/Assets/mmd/Character/Sparxie/Meshes/SK_星穹铁道—火花2,/Game/Assets/mmd/Character/Sparxie/Meshes/SK_星穹铁道—火花2; /Game/Assets/mmd/Character/Sparxie/VA_星穹铁道—火花2_VrmAssetList,ignored,external local archive + SHA-256 manifest required,保留,NO
仍被使用,Content/Assets/mmd,Content/Assets/mmd/Character/Sparxie/Materials/MI_鏡片_outline.uasset,25057,MaterialInstanceConstant,材质 / 纹理,,dependency of /Game/Assets/mmd/Character/Sparxie/VA_星穹铁道—火花2_VrmAssetList,/Game/Assets/mmd/Character/Sparxie/VA_星穹铁道—火花2_VrmAssetList,ignored,external local archive + SHA-256 manifest required,保留,NO
仍被使用,Content/Assets/mmd,Content/Assets/mmd/Character/Sparxie/Materials/MI_面纹.uasset,35080,MaterialInstanceConstant,材质 / 纹理,,dependency of /Game/Assets/mmd/Character/Sparxie/Meshes/SK_星穹铁道—火花2,/Game/Assets/mmd/Character/Sparxie/Meshes/SK_星穹铁道—火花2; /Game/Assets/mmd/Character/Sparxie/VA_星穹铁道—火花2_VrmAssetList,ignored,external local archive + SHA-256 manifest required,保留,NO
仍被使用,Content/Assets/mmd,Content/Assets/mmd/Character/Sparxie/Materials/MI_面纹_outline.uasset,25057,MaterialInstanceConstant,材质 / 纹理,,dependency of /Game/Assets/mmd/Character/Sparxie/VA_星穹铁道—火花2_VrmAssetList,/Game/Assets/mmd/Character/Sparxie/VA_星穹铁道—火花2_VrmAssetList,ignored,external local archive + SHA-256 manifest required,保留,NO
仍被使用,Content/Assets/mmd,Content/Assets/mmd/Character/Sparxie/Materials/MI_領結.uasset,35080,MaterialInstanceConstant,材质 / 纹理,,dependency of /Game/Assets/mmd/Character/Sparxie/Meshes/SK_星穹铁道—火花2,/Game/Assets/mmd/Character/Sparxie/Meshes/SK_星穹铁道—火花2; /Game/Assets/mmd/Character/Sparxie/VA_星穹铁道—火花2_VrmAssetList,ignored,external local archive + SHA-256 manifest required,保留,NO
仍被使用,Content/Assets/mmd,Content/Assets/mmd/Character/Sparxie/Materials/MI_領結_outline.uasset,25057,MaterialInstanceConstant,材质 / 纹理,,dependency of /Game/Assets/mmd/Character/Sparxie/VA_星穹铁道—火花2_VrmAssetList,/Game/Assets/mmd/Character/Sparxie/VA_星穹铁道—火花2_VrmAssetList,ignored,external local archive + SHA-256 manifest required,保留,NO
仍被使用,Content/Assets/mmd,Content/Assets/mmd/Character/Sparxie/Materials/MI_頭首飾.uasset,35092,MaterialInstanceConstant,材质 / 纹理,,dependency of /Game/Assets/mmd/Character/Sparxie/Meshes/SK_星穹铁道—火花2,/Game/Assets/mmd/Character/Sparxie/Meshes/SK_星穹铁道—火花2; /Game/Assets/mmd/Character/Sparxie/VA_星穹铁道—火花2_VrmAssetList,ignored,external local archive + SHA-256 manifest required,保留,NO
仍被使用,Content/Assets/mmd,Content/Assets/mmd/Character/Sparxie/Materials/MI_頭首飾_outline.uasset,25069,MaterialInstanceConstant,材质 / 纹理,,dependency of /Game/Assets/mmd/Character/Sparxie/VA_星穹铁道—火花2_VrmAssetList,/Game/Assets/mmd/Character/Sparxie/VA_星穹铁道—火花2_VrmAssetList,ignored,external local archive + SHA-256 manifest required,保留,NO
仍被使用,Content/Assets/mmd,Content/Assets/mmd/Character/Sparxie/Materials/MI_頭首飾金.uasset,35104,MaterialInstanceConstant,材质 / 纹理,,dependency of /Game/Assets/mmd/Character/Sparxie/Meshes/SK_星穹铁道—火花2,/Game/Assets/mmd/Character/Sparxie/Meshes/SK_星穹铁道—火花2; /Game/Assets/mmd/Character/Sparxie/VA_星穹铁道—火花2_VrmAssetList,ignored,external local archive + SHA-256 manifest required,保留,NO
仍被使用,Content/Assets/mmd,Content/Assets/mmd/Character/Sparxie/Materials/MI_頭首飾金_outline.uasset,25081,MaterialInstanceConstant,材质 / 纹理,,dependency of /Game/Assets/mmd/Character/Sparxie/VA_星穹铁道—火花2_VrmAssetList,/Game/Assets/mmd/Character/Sparxie/VA_星穹铁道—火花2_VrmAssetList,ignored,external local archive + SHA-256 manifest required,保留,NO
仍被使用,Content/Assets/mmd,Content/Assets/mmd/Character/Sparxie/Materials/MI_顏+.uasset,26802,MaterialInstanceConstant,材质 / 纹理,,dependency of /Game/Assets/mmd/Character/Sparxie/Meshes/SK_星穹铁道—火花2,/Game/Assets/mmd/Character/Sparxie/Meshes/SK_星穹铁道—火花2; /Game/Assets/mmd/Character/Sparxie/VA_星穹铁道—火花2_VrmAssetList,ignored,external local archive + SHA-256 manifest required,保留,NO
仍被使用,Content/Assets/mmd,Content/Assets/mmd/Character/Sparxie/Materials/MI_顏+_outline.uasset,25553,MaterialInstanceConstant,材质 / 纹理,,dependency of /Game/Assets/mmd/Character/Sparxie/VA_星穹铁道—火花2_VrmAssetList,/Game/Assets/mmd/Character/Sparxie/VA_星穹铁道—火花2_VrmAssetList,ignored,external local archive + SHA-256 manifest required,保留,NO
仍被使用,Content/Assets/mmd,Content/Assets/mmd/Character/Sparxie/Materials/MI_顏.uasset,28297,MaterialInstanceConstant,材质 / 纹理,,dependency of /Game/Assets/mmd/Character/Sparxie/Meshes/SK_星穹铁道—火花2,/Game/Assets/mmd/Character/Sparxie/Meshes/SK_星穹铁道—火花2; /Game/Assets/mmd/Character/Sparxie/VA_星穹铁道—火花2_VrmAssetList,ignored,external local archive + SHA-256 manifest required,保留,NO
仍被使用,Content/Assets/mmd,Content/Assets/mmd/Character/Sparxie/Materials/MI_顏_outline.uasset,25045,MaterialInstanceConstant,材质 / 纹理,,dependency of /Game/Assets/mmd/Character/Sparxie/VA_星穹铁道—火花2_VrmAssetList,/Game/Assets/mmd/Character/Sparxie/VA_星穹铁道—火花2_VrmAssetList,ignored,external local archive + SHA-256 manifest required,保留,NO
仍被使用,Content/Assets/mmd,Content/Assets/mmd/Character/Sparxie/Materials/MI_髪.uasset,30107,MaterialInstanceConstant,材质 / 纹理,,dependency of /Game/Assets/mmd/Character/Sparxie/Meshes/SK_星穹铁道—火花2,/Game/Assets/mmd/Character/Sparxie/Meshes/SK_星穹铁道—火花2; /Game/Assets/mmd/Character/Sparxie/VA_星穹铁道—火花2_VrmAssetList,ignored,external local archive + SHA-256 manifest required,保留,NO
仍被使用,Content/Assets/mmd,Content/Assets/mmd/Character/Sparxie/Materials/MI_髪_outline.uasset,25045,MaterialInstanceConstant,材质 / 纹理,,dependency of /Game/Assets/mmd/Character/Sparxie/VA_星穹铁道—火花2_VrmAssetList,/Game/Assets/mmd/Character/Sparxie/VA_星穹铁道—火花2_VrmAssetList,ignored,external local archive + SHA-256 manifest required,保留,NO
仍被使用,Content/Assets/mmd,Content/Assets/mmd/Character/Sparxie/Materials/MI_齒.uasset,28297,MaterialInstanceConstant,材质 / 纹理,,dependency of /Game/Assets/mmd/Character/Sparxie/Meshes/SK_星穹铁道—火花2,/Game/Assets/mmd/Character/Sparxie/Meshes/SK_星穹铁道—火花2; /Game/Assets/mmd/Character/Sparxie/VA_星穹铁道—火花2_VrmAssetList,ignored,external local archive + SHA-256 manifest required,保留,NO
仍被使用,Content/Assets/mmd,Content/Assets/mmd/Character/Sparxie/Materials/MI_齒_outline.uasset,25045,MaterialInstanceConstant,材质 / 纹理,,dependency of /Game/Assets/mmd/Character/Sparxie/VA_星穹铁道—火花2_VrmAssetList,/Game/Assets/mmd/Character/Sparxie/VA_星穹铁道—火花2_VrmAssetList,ignored,external local archive + SHA-256 manifest required,保留,NO
仍被使用,Content/Assets/mmd,Content/Assets/mmd/Character/Sparxie/Meshes/POSE_face_星穹铁道—火花2.uasset,60363,PoseAsset,蓝图 / 数据 / 其他资源,,dependency of /Game/Assets/mmd/Character/Sparxie/VA_星穹铁道—火花2_VrmAssetList,/Game/Assets/mmd/Character/Sparxie/VA_星穹铁道—火花2_VrmAssetList,ignored,external local archive + SHA-256 manifest required,保留,NO
仍被使用,Content/Assets/mmd,Content/Assets/mmd/Character/Sparxie/Meshes/POSE_retarget_星穹铁道—火花2.uasset,428793,PoseAsset,蓝图 / 数据 / 其他资源,,dependency of /Game/Assets/mmd/Character/Sparxie/VA_星穹铁道—火花2_VrmAssetList,/Game/Assets/mmd/Character/Sparxie/VA_星穹铁道—火花2_VrmAssetList,ignored,external local archive + SHA-256 manifest required,保留,NO
仍被使用,Content/Assets/mmd,Content/Assets/mmd/Character/Sparxie/Meshes/SK_星穹铁道—火花2.uasset,12226273,SkeletalMesh,角色 / 动作 / 重定向,,dependency of /Game/Data/VerticalSlice/Characters/DA_Character_Huohua,/Game/Presentation/Animation/RTG_Playable_Huohua; /Game/Assets/mmd/Character/Sparxie/Rigs/IK_星穹铁道—火花2_VrmHumanoid; /Game/Presentation/Animation/RTG_CompleteDefeat_Huohua; /Game/Assets/mmd/Character/Sparxie/Rigs/IK_星穹铁道—火花2_Mannequin; /Game/Presentation/Animation/RTG_Combat_Huohua; /Game/Presentation/Animation/PLAY_MM_Land; /Game/Assets/mmd/Character/Sparxie/Meshes/SKEL_星穹铁道—火花2; /Game/Presentation/Animation/PLAY_MM_Jump; /Game/Presentation/Animation/PLAY_MM_Idle1; /Game/Presentation/Animation/PLAY_MM_Fall_Loop; /Game/Presentation/Animation/PLAY_MF_Unarmed_Walk_Right; /Game/Presentation/Animation/PLAY_MF_Unarmed_Walk_Left; /Game/Presentation/Animation/PLAY_MF_Unarmed_Walk_Fwd_Right; /Game/Presentation/Animation/PLAY_MF_Unarmed_Walk_Fwd_Left; /Game/Presentation/Animation/PLAY_MF_Unarmed_Walk_Fwd; /Game/Presentation/Animation/PLAY_MF_Unarmed_Walk_Bwd_Right; /Game/Presentation/Animation/PLAY_MF_Unarmed_Walk_Bwd_Left; /Game/Presentation/Animation/PLAY_MF_Unarmed_Walk_Bwd; /Game/Presentation/Animation/PLAY_MF_Unarmed_Jog_Right; /Game/Presentation/Animation/PLAY_MF_Unarmed_Jog_Left; /Game/Presentation/Animation/PLAY_MF_Unarmed_Jog_Fwd_Right; /Game/Presentation/Animation/PLAY_MF_Unarmed_Jog_Fwd_Left; /Game/Presentation/Animation/PLAY_MF_Unarmed_Jog_Fwd; /Game/Presentation/Animation/PLAY_MF_Unarmed_Jog_Bwd_Right; /Game/Presentation/Animation/PLAY_MF_Unarmed_Jog_Bwd_Left; /Game/Presentation/Animation/PLAY_MF_Unarmed_Jog_Bwd; /Game/Presentation/Animation/PLAY_BS_Idle_Walk_Run; /Game/Presentation/Animation/ABP_Playable_Huohua; /Game/Presentation/Animation/Locomotion/Huohua/LIVE_Huohua_MM_Land; /Game/Presentation/Animation/Locomotion/Huohua/LIVE_Huohua_MM_Jump; /Game/Presentation/Animation/Locomotion/Huohua/LIVE_Huohua_MM_Idle; /Game/Presentation/Animation/Locomotion/Huohua/LIVE_Huohua_MM_Fall_Loop; /Game/Presentation/Animation/Locomotion/Huohua/LIVE_Huohua_MF_Unarmed_Walk_Right; /Game/Presentation/Animation/Locomotion/Huohua/LIVE_Huohua_MF_Unarmed_Walk_Left; /Game/Presentation/Animation/Locomotion/Huohua/LIVE_Huohua_MF_Unarmed_Walk_Fwd_Right; /Game/Presentation/Animation/Locomotion/Huohua/LIVE_Huohua_MF_Unarmed_Walk_Fwd_Left; /Game/Presentation/Animation/Locomotion/Huohua/LIVE_Huohua_MF_Unarmed_Walk_Fwd; /Game/Presentation/Animation/Locomotion/Huohua/LIVE_Huohua_MF_Unarmed_Walk_Bwd_Right; /Game/Presentation/Animation/Locomotion/Huohua/LIVE_Huohua_MF_Unarmed_Walk_Bwd_Left; /Game/Presentation/Animation/Locomotion/Huohua/LIVE_Huohua_MF_Unarmed_Walk_Bwd; /Game/Presentation/Animation/Locomotion/Huohua/LIVE_Huohua_MF_Unarmed_Jog_Right; /Game/Presentation/Animation/Locomotion/Huohua/LIVE_Huohua_MF_Unarmed_Jog_Left; /Game/Presentation/Animation/Locomotion/Huohua/LIVE_Huohua_MF_Unarmed_Jog_Fwd_Right; /Game/Presentation/Animation/Locomotion/Huohua/LIVE_Huohua_MF_Unarmed_Jog_Fwd_Left; /Game/Presentation/Animation/Locomotion/Huohua/LIVE_Huohua_MF_Unarmed_Jog_Fwd; /Game/Presentation/Animation/Locomotion/Huohua/LIVE_Huohua_MF_Unarmed_Jog_Bwd_Right; /Game/Presentation/Animation/Locomotion/Huohua/LIVE_Huohua_MF_Unarmed_Jog_Bwd_Left; /Game/Presentation/Animation/Locomotion/Huohua/LIVE_Huohua_MF_Unarmed_Jog_Bwd; /Game/Presentation/Animation/Locomotion/Huohua/LIVE_Huohua_BS_Idle_Walk_Run; /Game/Presentation/Animation/Locomotion/Huohua/LIVE_Huohua_ABP_Unarmed; /Game/Presentation/Animation/Locomotion/Huohua/FIX_Huohua_MM_Land; /Game/Presentation/Animation/Locomotion/Huohua/FIX_Huohua_MM_Jump; /Game/Presentation/Animation/Locomotion/Huohua/FIX_Huohua_MM_Idle; /Game/Presentation/Animation/Locomotion/Huohua/FIX_Huohua_MM_Fall_Loop; /Game/Presentation/Animation/Locomotion/Huohua/FIX_Huohua_MF_Unarmed_Walk_Right; /Game/Presentation/Animation/Locomotion/Huohua/FIX_Huohua_MF_Unarmed_Walk_Left; /Game/Presentation/Animation/Locomotion/Huohua/FIX_Huohua_MF_Unarmed_Walk_Fwd_Right; /Game/Presentation/Animation/Locomotion/Huohua/FIX_Huohua_MF_Unarmed_Walk_Fwd_Left; /Game/Presentation/Animation/Locomotion/Huohua/FIX_Huohua_MF_Unarmed_Walk_Fwd; /Game/Presentation/Animation/Locomotion/Huohua/FIX_Huohua_MF_Unarmed_Walk_Bwd_Right; /Game/Presentation/Animation/Locomotion/Huohua/FIX_Huohua_MF_Unarmed_Walk_Bwd_Left; /Game/Presentation/Animation/Locomotion/Huohua/FIX_Huohua_MF_Unarmed_Walk_Bwd; /Game/Presentation/Animation/Locomotion/Huohua/FIX_Huohua_MF_Unarmed_Jog_Right; /Game/Presentation/Animation/Locomotion/Huohua/FIX_Huohua_MF_Unarmed_Jog_Left; /Game/Presentation/Animation/Locomotion/Huohua/FIX_Huohua_MF_Unarmed_Jog_Fwd_Right; /Game/Presentation/Animation/Locomotion/Huohua/FIX_Huohua_MF_Unarmed_Jog_Fwd_Left; /Game/Presentation/Animation/Locomotion/Huohua/FIX_Huohua_MF_Unarmed_Jog_Fwd; /Game/Presentation/Animation/Locomotion/Huohua/FIX_Huohua_MF_Unarmed_Jog_Bwd_Right; /Game/Presentation/Animation/Locomotion/Huohua/FIX_Huohua_MF_Unarmed_Jog_Bwd_Left; /Game/Presentation/Animation/Locomotion/Huohua/FIX_Huohua_MF_Unarmed_Jog_Bwd; /Game/Presentation/Animation/Locomotion/Huohua/FIX_Huohua_BS_Idle_Walk_Run; /Game/Presentation/Animation/Locomotion/Huohua/FIX_Huohua_ABP_Unarmed; /Game/Presentation/Animation/Locomotion/Huohua/FINAL_Huohua_MM_Land; /Game/Presentation/Animation/Locomotion/Huohua/FINAL_Huohua_MM_Jump; /Game/Presentation/Animation/Locomotion/Huohua/FINAL_Huohua_MM_Idle; /Game/Presentation/Animation/Locomotion/Huohua/FINAL_Huohua_MM_Fall_Loop; /Game/Presentation/Animation/Locomotion/Huohua/FINAL_Huohua_MF_Unarmed_Walk_Right; /Game/Presentation/Animation/Locomotion/Huohua/FINAL_Huohua_MF_Unarmed_Walk_Left; /Game/Presentation/Animation/Locomotion/Huohua/FINAL_Huohua_MF_Unarmed_Walk_Fwd_Right; /Game/Presentation/Animation/Locomotion/Huohua/FINAL_Huohua_MF_Unarmed_Walk_Fwd_Left; /Game/Presentation/Animation/Locomotion/Huohua/FINAL_Huohua_MF_Unarmed_Walk_Fwd; /Game/Presentation/Animation/Locomotion/Huohua/FINAL_Huohua_MF_Unarmed_Walk_Bwd_Right; /Game/Presentation/Animation/Locomotion/Huohua/FINAL_Huohua_MF_Unarmed_Walk_Bwd_Left; /Game/Presentation/Animation/Locomotion/Huohua/FINAL_Huohua_MF_Unarmed_Walk_Bwd; /Game/Presentation/Animation/Locomotion/Huohua/FINAL_Huohua_MF_Unarmed_Jog_Right; /Game/Presentation/Animation/Locomotion/Huohua/FINAL_Huohua_MF_Unarmed_Jog_Left; /Game/Presentation/Animation/Locomotion/Huohua/FINAL_Huohua_MF_Unarmed_Jog_Fwd_Right; /Game/Presentation/Animation/Locomotion/Huohua/FINAL_Huohua_MF_Unarmed_Jog_Fwd_Left; /Game/Presentation/Animation/Locomotion/Huohua/FINAL_Huohua_MF_Unarmed_Jog_Fwd; /Game/Presentation/Animation/Locomotion/Huohua/FINAL_Huohua_MF_Unarmed_Jog_Bwd_Right; /Game/Presentation/Animation/Locomotion/Huohua/FINAL_Huohua_MF_Unarmed_Jog_Bwd_Left; /Game/Presentation/Animation/Locomotion/Huohua/FINAL_Huohua_MF_Unarmed_Jog_Bwd; /Game/Presentation/Animation/Locomotion/Huohua/FINAL_Huohua_BS_Idle_Walk_Run; /Game/Presentation/Animation/Locomotion/Huohua/FINAL_Huohua_ABP_Unarmed; /Game/Presentation/Animation/Combat/LIVE_Huohua_MM_HitReact_Front_Med_01; /Game/Presentation/Animation/Combat/LIVE_Huohua_MM_Death_Front_01; /Game/Presentation/Animation/Combat/LIVE_Huohua_MM_ChargedAttack; /Game/Presentation/Animation/Combat/LIVE_Huohua_MM_Attack_01; /Game/Presentation/Animation/Combat/Huohua_MM_HitReact_Front_Med_01; /Game/Presentation/Animation/Combat/Huohua_MM_Death_Front_01; /Game/Presentation/Animation/Combat/Huohua_MM_Attack_01; /Game/Presentation/Animation/Combat/FULL_Huohua_QuaterniusDeath_Anim; /Game/Data/VerticalSlice/Characters/DA_Character_Huohua; /Game/Assets/mmd/Character/Sparxie/VM_星穹铁道—火花2_VrmMeta; /Game/Assets/mmd/Character/Sparxie/VA_星穹铁道—火花2_VrmAssetList; /Game/Assets/mmd/Character/Sparxie/Meshes/POSE_retarget_星穹铁道—火花2; /Game/Assets/mmd/Character/Sparxie/Meshes/POSE_face_星穹铁道—火花2; /Game/Assets/mmd/Character/Sparxie/BP_Sparxie; /Game/Assets/mmd/Character/Sparxie/Rigs/RTG_星穹铁道—火花2_Mannequin; /Game/Assets/mmd/Character/Sparxie/Rigs/IK_星穹铁道—火花2_MannequinBone; /Game/Assets/mmd/Character/Sparxie/Rigs/IK_UEFN_星穹铁道—火花2_Mannequin; /Game/Assets/mmd/Character/Sparxie/Animations/ABP_Post_星穹铁道—火花2; /Game/Assets/mmd/Character/Sparxie/Animations/A_face_星穹铁道—火花2,ignored,external local archive + SHA-256 manifest required,保留,NO
仍被使用,Content/Assets/mmd,Content/Assets/mmd/Character/Sparxie/Meshes/SKEL_星穹铁道—火花2.uasset,126300,Skeleton,角色 / 动作 / 重定向,,dependency of /Game/Presentation/Animation/Combat/FULL_Huohua_QuaterniusDeath_Anim,/Game/Assets/mmd/Character/Sparxie/Meshes/SK_星穹铁道—火花2; /Game/Presentation/Animation/PLAY_MM_Land; /Game/Presentation/Animation/PLAY_MM_Jump; /Game/Presentation/Animation/PLAY_MM_Idle1; /Game/Presentation/Animation/PLAY_MM_Fall_Loop; /Game/Presentation/Animation/PLAY_MF_Unarmed_Walk_Right; /Game/Presentation/Animation/PLAY_MF_Unarmed_Walk_Left; /Game/Presentation/Animation/PLAY_MF_Unarmed_Walk_Fwd_Right; /Game/Presentation/Animation/PLAY_MF_Unarmed_Walk_Fwd_Left; /Game/Presentation/Animation/PLAY_MF_Unarmed_Walk_Fwd; /Game/Presentation/Animation/PLAY_MF_Unarmed_Walk_Bwd_Right; /Game/Presentation/Animation/PLAY_MF_Unarmed_Walk_Bwd_Left; /Game/Presentation/Animation/PLAY_MF_Unarmed_Walk_Bwd; /Game/Presentation/Animation/PLAY_MF_Unarmed_Jog_Right; /Game/Presentation/Animation/PLAY_MF_Unarmed_Jog_Left; /Game/Presentation/Animation/PLAY_MF_Unarmed_Jog_Fwd_Right; /Game/Presentation/Animation/PLAY_MF_Unarmed_Jog_Fwd_Left; /Game/Presentation/Animation/PLAY_MF_Unarmed_Jog_Fwd; /Game/Presentation/Animation/PLAY_MF_Unarmed_Jog_Bwd_Right; /Game/Presentation/Animation/PLAY_MF_Unarmed_Jog_Bwd_Left; /Game/Presentation/Animation/PLAY_MF_Unarmed_Jog_Bwd; /Game/Presentation/Animation/PLAY_BS_Idle_Walk_Run; /Game/Presentation/Animation/ABP_Playable_Huohua; /Game/Presentation/Animation/Locomotion/Huohua/LIVE_Huohua_MM_Land; /Game/Presentation/Animation/Locomotion/Huohua/LIVE_Huohua_MM_Jump; /Game/Presentation/Animation/Locomotion/Huohua/LIVE_Huohua_MM_Idle; /Game/Presentation/Animation/Locomotion/Huohua/LIVE_Huohua_MM_Fall_Loop; /Game/Presentation/Animation/Locomotion/Huohua/LIVE_Huohua_MF_Unarmed_Walk_Right; /Game/Presentation/Animation/Locomotion/Huohua/LIVE_Huohua_MF_Unarmed_Walk_Left; /Game/Presentation/Animation/Locomotion/Huohua/LIVE_Huohua_MF_Unarmed_Walk_Fwd_Right; /Game/Presentation/Animation/Locomotion/Huohua/LIVE_Huohua_MF_Unarmed_Walk_Fwd_Left; /Game/Presentation/Animation/Locomotion/Huohua/LIVE_Huohua_MF_Unarmed_Walk_Fwd; /Game/Presentation/Animation/Locomotion/Huohua/LIVE_Huohua_MF_Unarmed_Walk_Bwd_Right; /Game/Presentation/Animation/Locomotion/Huohua/LIVE_Huohua_MF_Unarmed_Walk_Bwd_Left; /Game/Presentation/Animation/Locomotion/Huohua/LIVE_Huohua_MF_Unarmed_Walk_Bwd; /Game/Presentation/Animation/Locomotion/Huohua/LIVE_Huohua_MF_Unarmed_Jog_Right; /Game/Presentation/Animation/Locomotion/Huohua/LIVE_Huohua_MF_Unarmed_Jog_Left; /Game/Presentation/Animation/Locomotion/Huohua/LIVE_Huohua_MF_Unarmed_Jog_Fwd_Right; /Game/Presentation/Animation/Locomotion/Huohua/LIVE_Huohua_MF_Unarmed_Jog_Fwd_Left; /Game/Presentation/Animation/Locomotion/Huohua/LIVE_Huohua_MF_Unarmed_Jog_Fwd; /Game/Presentation/Animation/Locomotion/Huohua/LIVE_Huohua_MF_Unarmed_Jog_Bwd_Right; /Game/Presentation/Animation/Locomotion/Huohua/LIVE_Huohua_MF_Unarmed_Jog_Bwd_Left; /Game/Presentation/Animation/Locomotion/Huohua/LIVE_Huohua_MF_Unarmed_Jog_Bwd; /Game/Presentation/Animation/Locomotion/Huohua/LIVE_Huohua_BS_Idle_Walk_Run; /Game/Presentation/Animation/Locomotion/Huohua/LIVE_Huohua_ABP_Unarmed; /Game/Presentation/Animation/Locomotion/Huohua/FIX_Huohua_MM_Land; /Game/Presentation/Animation/Locomotion/Huohua/FIX_Huohua_MM_Jump; /Game/Presentation/Animation/Locomotion/Huohua/FIX_Huohua_MM_Idle; /Game/Presentation/Animation/Locomotion/Huohua/FIX_Huohua_MM_Fall_Loop; /Game/Presentation/Animation/Locomotion/Huohua/FIX_Huohua_MF_Unarmed_Walk_Right; /Game/Presentation/Animation/Locomotion/Huohua/FIX_Huohua_MF_Unarmed_Walk_Left; /Game/Presentation/Animation/Locomotion/Huohua/FIX_Huohua_MF_Unarmed_Walk_Fwd_Right; /Game/Presentation/Animation/Locomotion/Huohua/FIX_Huohua_MF_Unarmed_Walk_Fwd_Left; /Game/Presentation/Animation/Locomotion/Huohua/FIX_Huohua_MF_Unarmed_Walk_Fwd; /Game/Presentation/Animation/Locomotion/Huohua/FIX_Huohua_MF_Unarmed_Walk_Bwd_Right; /Game/Presentation/Animation/Locomotion/Huohua/FIX_Huohua_MF_Unarmed_Walk_Bwd_Left; /Game/Presentation/Animation/Locomotion/Huohua/FIX_Huohua_MF_Unarmed_Walk_Bwd; /Game/Presentation/Animation/Locomotion/Huohua/FIX_Huohua_MF_Unarmed_Jog_Right; /Game/Presentation/Animation/Locomotion/Huohua/FIX_Huohua_MF_Unarmed_Jog_Left; /Game/Presentation/Animation/Locomotion/Huohua/FIX_Huohua_MF_Unarmed_Jog_Fwd_Right; /Game/Presentation/Animation/Locomotion/Huohua/FIX_Huohua_MF_Unarmed_Jog_Fwd_Left; /Game/Presentation/Animation/Locomotion/Huohua/FIX_Huohua_MF_Unarmed_Jog_Fwd; /Game/Presentation/Animation/Locomotion/Huohua/FIX_Huohua_MF_Unarmed_Jog_Bwd_Right; /Game/Presentation/Animation/Locomotion/Huohua/FIX_Huohua_MF_Unarmed_Jog_Bwd_Left; /Game/Presentation/Animation/Locomotion/Huohua/FIX_Huohua_MF_Unarmed_Jog_Bwd; /Game/Presentation/Animation/Locomotion/Huohua/FIX_Huohua_BS_Idle_Walk_Run; /Game/Presentation/Animation/Locomotion/Huohua/FIX_Huohua_ABP_Unarmed; /Game/Presentation/Animation/Locomotion/Huohua/FINAL_Huohua_MM_Land; /Game/Presentation/Animation/Locomotion/Huohua/FINAL_Huohua_MM_Jump; /Game/Presentation/Animation/Locomotion/Huohua/FINAL_Huohua_MM_Idle; /Game/Presentation/Animation/Locomotion/Huohua/FINAL_Huohua_MM_Fall_Loop; /Game/Presentation/Animation/Locomotion/Huohua/FINAL_Huohua_MF_Unarmed_Walk_Right; /Game/Presentation/Animation/Locomotion/Huohua/FINAL_Huohua_MF_Unarmed_Walk_Left; /Game/Presentation/Animation/Locomotion/Huohua/FINAL_Huohua_MF_Unarmed_Walk_Fwd_Right; /Game/Presentation/Animation/Locomotion/Huohua/FINAL_Huohua_MF_Unarmed_Walk_Fwd_Left; /Game/Presentation/Animation/Locomotion/Huohua/FINAL_Huohua_MF_Unarmed_Walk_Fwd; /Game/Presentation/Animation/Locomotion/Huohua/FINAL_Huohua_MF_Unarmed_Walk_Bwd_Right; /Game/Presentation/Animation/Locomotion/Huohua/FINAL_Huohua_MF_Unarmed_Walk_Bwd_Left; /Game/Presentation/Animation/Locomotion/Huohua/FINAL_Huohua_MF_Unarmed_Walk_Bwd; /Game/Presentation/Animation/Locomotion/Huohua/FINAL_Huohua_MF_Unarmed_Jog_Right; /Game/Presentation/Animation/Locomotion/Huohua/FINAL_Huohua_MF_Unarmed_Jog_Left; /Game/Presentation/Animation/Locomotion/Huohua/FINAL_Huohua_MF_Unarmed_Jog_Fwd_Right; /Game/Presentation/Animation/Locomotion/Huohua/FINAL_Huohua_MF_Unarmed_Jog_Fwd_Left; /Game/Presentation/Animation/Locomotion/Huohua/FINAL_Huohua_MF_Unarmed_Jog_Fwd; /Game/Presentation/Animation/Locomotion/Huohua/FINAL_Huohua_MF_Unarmed_Jog_Bwd_Right; /Game/Presentation/Animation/Locomotion/Huohua/FINAL_Huohua_MF_Unarmed_Jog_Bwd_Left; /Game/Presentation/Animation/Locomotion/Huohua/FINAL_Huohua_MF_Unarmed_Jog_Bwd; /Game/Presentation/Animation/Locomotion/Huohua/FINAL_Huohua_BS_Idle_Walk_Run; /Game/Presentation/Animation/Locomotion/Huohua/FINAL_Huohua_ABP_Unarmed; /Game/Presentation/Animation/Combat/LIVE_Huohua_MM_HitReact_Front_Med_01; /Game/Presentation/Animation/Combat/LIVE_Huohua_MM_Death_Front_01; /Game/Presentation/Animation/Combat/LIVE_Huohua_MM_ChargedAttack; /Game/Presentation/Animation/Combat/LIVE_Huohua_MM_Attack_01; /Game/Presentation/Animation/Combat/Huohua_MM_HitReact_Front_Med_01; /Game/Presentation/Animation/Combat/Huohua_MM_Death_Front_01; /Game/Presentation/Animation/Combat/Huohua_MM_Attack_01; /Game/Presentation/Animation/Combat/FULL_Huohua_QuaterniusDeath_Anim; /Game/Assets/mmd/Character/Sparxie/Meshes/POSE_retarget_星穹铁道—火花2; /Game/Assets/mmd/Character/Sparxie/Meshes/POSE_face_星穹铁道—火花2; /Game/Assets/mmd/Character/Sparxie/Animations/ABP_Sparxie; /Game/Assets/mmd/Character/Sparxie/Animations/ABP_Post_星穹铁道—火花2; /Game/Assets/mmd/Character/Sparxie/Animations/A_face_星穹铁道—火花2,ignored,external local archive + SHA-256 manifest required,保留,NO
待核实,Content/Assets/mmd,Content/Assets/mmd/Character/Sparxie/Rigs/IK_UEFN_星穹铁道—火花2_Mannequin.uasset,321080,IKRigDefinition,角色 / 动作 / 重定向,,test / authoring dependency: Tools/Presentation/retarget_party.py (dynamic folder); Tools/Presentation/retarget_party.py (dynamic folder),,ignored,external local archive + SHA-256 manifest required,中,NO
待核实,Content/Assets/mmd,Content/Assets/mmd/Character/Sparxie/Rigs/IK_星穹铁道—火花2_Mannequin.uasset,321030,IKRigDefinition,角色 / 动作 / 重定向,,test / authoring dependency: Tools/Presentation/retarget_party.py (dynamic folder); Tools/Presentation/retarget_party.py (dynamic folder),/Game/Presentation/Animation/RTG_CompleteDefeat_Huohua; /Game/Presentation/Animation/RTG_Combat_Huohua; /Game/Assets/mmd/Character/Sparxie/Rigs/RTG_星穹铁道—火花2_Mannequin,ignored,external local archive + SHA-256 manifest required,中,NO
待核实,Content/Assets/mmd,Content/Assets/mmd/Character/Sparxie/Rigs/IK_星穹铁道—火花2_MannequinBone.uasset,318056,IKRigDefinition,角色 / 动作 / 重定向,,test / authoring dependency: Tools/Presentation/retarget_party.py (dynamic folder); Tools/Presentation/retarget_party.py (dynamic folder),,ignored,external local archive + SHA-256 manifest required,中,NO
待核实,Content/Assets/mmd,Content/Assets/mmd/Character/Sparxie/Rigs/IK_星穹铁道—火花2_VrmHumanoid.uasset,318332,IKRigDefinition,角色 / 动作 / 重定向,,test / authoring dependency: Tools/Presentation/retarget_party.py (dynamic folder); Tools/Presentation/retarget_party.py (dynamic folder),/Game/Presentation/Animation/RTG_Playable_Huohua,ignored,external local archive + SHA-256 manifest required,中,NO
待核实,Content/Assets/mmd,Content/Assets/mmd/Character/Sparxie/Rigs/RTG_星穹铁道—火花2_Mannequin.uasset,24824,IKRetargeter,角色 / 动作 / 重定向,,test / authoring dependency: Tools/Presentation/retarget_party.py (dynamic folder); Tools/Presentation/retarget_party.py (dynamic folder),/Game/Assets/mmd/Character/Sparxie/Animations/ABP_Sparxie,ignored,external local archive + SHA-256 manifest required,中,NO
仍被使用,Content/Assets/mmd,Content/Assets/mmd/Character/Sparxie/SP_星穹铁道—火花2.uasset,1239,SubsurfaceProfile,蓝图 / 数据 / 其他资源,,dependency of /Game/Assets/mmd/Character/Sparxie/Materials/MI_頭首飾,/Game/Assets/mmd/Character/Sparxie/VA_星穹铁道—火花2_VrmAssetList; /Game/Assets/mmd/Character/Sparxie/Materials/MI_齒; /Game/Assets/mmd/Character/Sparxie/Materials/MI_髪; /Game/Assets/mmd/Character/Sparxie/Materials/MI_顏; /Game/Assets/mmd/Character/Sparxie/Materials/MI_顏+; /Game/Assets/mmd/Character/Sparxie/Materials/MI_頭首飾金; /Game/Assets/mmd/Character/Sparxie/Materials/MI_biaoq; /Game/Assets/mmd/Character/Sparxie/Materials/MI_上衣; /Game/Assets/mmd/Character/Sparxie/Materials/MI_上衣+; /Game/Assets/mmd/Character/Sparxie/Materials/MI_上衣领; /Game/Assets/mmd/Character/Sparxie/Materials/MI_上衣领+; /Game/Assets/mmd/Character/Sparxie/Materials/MI_内着; /Game/Assets/mmd/Character/Sparxie/Materials/MI_口; /Game/Assets/mmd/Character/Sparxie/Materials/MI_後結擺; /Game/Assets/mmd/Character/Sparxie/Materials/MI_後結擺+; /Game/Assets/mmd/Character/Sparxie/Materials/MI_手; /Game/Assets/mmd/Character/Sparxie/Materials/MI_手套; /Game/Assets/mmd/Character/Sparxie/Materials/MI_白目; /Game/Assets/mmd/Character/Sparxie/Materials/MI_目; /Game/Assets/mmd/Character/Sparxie/Materials/MI_目光; /Game/Assets/mmd/Character/Sparxie/Materials/MI_目影; /Game/Assets/mmd/Character/Sparxie/Materials/MI_眉睫; /Game/Assets/mmd/Character/Sparxie/Materials/MI_肌; /Game/Assets/mmd/Character/Sparxie/Materials/MI_肩飾; /Game/Assets/mmd/Character/Sparxie/Materials/MI_肩飾+; /Game/Assets/mmd/Character/Sparxie/Materials/MI_腰帶; /Game/Assets/mmd/Character/Sparxie/Materials/MI_腰帶結; /Game/Assets/mmd/Character/Sparxie/Materials/MI_腰结花边; /Game/Assets/mmd/Character/Sparxie/Materials/MI_腰结花边+; /Game/Assets/mmd/Character/Sparxie/Materials/MI_腿环靴子; /Game/Assets/mmd/Character/Sparxie/Materials/MI_舌; /Game/Assets/mmd/Character/Sparxie/Materials/MI_袖; /Game/Assets/mmd/Character/Sparxie/Materials/MI_袖花边; /Game/Assets/mmd/Character/Sparxie/Materials/MI_袖花边+; /Game/Assets/mmd/Character/Sparxie/Materials/MI_裙; /Game/Assets/mmd/Character/Sparxie/Materials/MI_裙+; /Game/Assets/mmd/Character/Sparxie/Materials/MI_裙末結; /Game/Assets/mmd/Character/Sparxie/Materials/MI_足2; /Game/Assets/mmd/Character/Sparxie/Materials/MI_鏡片; /Game/Assets/mmd/Character/Sparxie/Materials/MI_鏡片+; /Game/Assets/mmd/Character/Sparxie/Materials/MI_面纹; /Game/Assets/mmd/Character/Sparxie/Materials/MI_領結; /Game/Assets/mmd/Character/Sparxie/Materials/MI_頭首飾,ignored,external local archive + SHA-256 manifest required,保留,NO
仍被使用,Content/Assets/mmd,Content/Assets/mmd/Character/Sparxie/Textures/T_bq.uasset,147499,Texture2D,材质 / 纹理,,dependency of /Game/Assets/mmd/Character/Sparxie/Materials/MI_biaoq,/Game/Assets/mmd/Character/Sparxie/VA_星穹铁道—火花2_VrmAssetList; /Game/Assets/mmd/Character/Sparxie/Materials/MI_biaoq; /Game/Assets/mmd/Character/Sparxie/Materials/MI_biaoq_outline,ignored,external local archive + SHA-256 manifest required,保留,NO
仍被使用,Content/Assets/mmd,Content/Assets/mmd/Character/Sparxie/Textures/T_衣.uasset,5664771,Texture2D,材质 / 纹理,,dependency of /Game/Assets/mmd/Character/Sparxie/Materials/MI_頭首飾,/Game/Assets/mmd/Character/Sparxie/VA_星穹铁道—火花2_VrmAssetList; /Game/Assets/mmd/Character/Sparxie/Materials/MI_頭首飾金_outline; /Game/Assets/mmd/Character/Sparxie/Materials/MI_頭首飾金; /Game/Assets/mmd/Character/Sparxie/Materials/MI_頭首飾_outline; /Game/Assets/mmd/Character/Sparxie/Materials/MI_上衣; /Game/Assets/mmd/Character/Sparxie/Materials/MI_上衣+; /Game/Assets/mmd/Character/Sparxie/Materials/MI_上衣+_outline; /Game/Assets/mmd/Character/Sparxie/Materials/MI_上衣_outline; /Game/Assets/mmd/Character/Sparxie/Materials/MI_上衣领; /Game/Assets/mmd/Character/Sparxie/Materials/MI_上衣领+; /Game/Assets/mmd/Character/Sparxie/Materials/MI_上衣领+_outline; /Game/Assets/mmd/Character/Sparxie/Materials/MI_上衣领_outline; /Game/Assets/mmd/Character/Sparxie/Materials/MI_後結擺; /Game/Assets/mmd/Character/Sparxie/Materials/MI_後結擺+; /Game/Assets/mmd/Character/Sparxie/Materials/MI_後結擺+_outline; /Game/Assets/mmd/Character/Sparxie/Materials/MI_後結擺_outline; /Game/Assets/mmd/Character/Sparxie/Materials/MI_手; /Game/Assets/mmd/Character/Sparxie/Materials/MI_手_outline; /Game/Assets/mmd/Character/Sparxie/Materials/MI_肌; /Game/Assets/mmd/Character/Sparxie/Materials/MI_肌_outline; /Game/Assets/mmd/Character/Sparxie/Materials/MI_肩飾; /Game/Assets/mmd/Character/Sparxie/Materials/MI_肩飾+; /Game/Assets/mmd/Character/Sparxie/Materials/MI_肩飾+_outline; /Game/Assets/mmd/Character/Sparxie/Materials/MI_肩飾_outline; /Game/Assets/mmd/Character/Sparxie/Materials/MI_腰帶; /Game/Assets/mmd/Character/Sparxie/Materials/MI_腰帶_outline; /Game/Assets/mmd/Character/Sparxie/Materials/MI_腰帶結; /Game/Assets/mmd/Character/Sparxie/Materials/MI_腰帶結_outline; /Game/Assets/mmd/Character/Sparxie/Materials/MI_腰结花边; /Game/Assets/mmd/Character/Sparxie/Materials/MI_腰结花边+; /Game/Assets/mmd/Character/Sparxie/Materials/MI_腰结花边+_outline; /Game/Assets/mmd/Character/Sparxie/Materials/MI_腰结花边_outline; /Game/Assets/mmd/Character/Sparxie/Materials/MI_袖; /Game/Assets/mmd/Character/Sparxie/Materials/MI_袖_outline; /Game/Assets/mmd/Character/Sparxie/Materials/MI_袖花边; /Game/Assets/mmd/Character/Sparxie/Materials/MI_袖花边+; /Game/Assets/mmd/Character/Sparxie/Materials/MI_袖花边+_outline; /Game/Assets/mmd/Character/Sparxie/Materials/MI_袖花边_outline; /Game/Assets/mmd/Character/Sparxie/Materials/MI_裙; /Game/Assets/mmd/Character/Sparxie/Materials/MI_裙+; /Game/Assets/mmd/Character/Sparxie/Materials/MI_裙+_outline; /Game/Assets/mmd/Character/Sparxie/Materials/MI_裙_outline; /Game/Assets/mmd/Character/Sparxie/Materials/MI_裙末結; /Game/Assets/mmd/Character/Sparxie/Materials/MI_裙末結_outline; /Game/Assets/mmd/Character/Sparxie/Materials/MI_足2; /Game/Assets/mmd/Character/Sparxie/Materials/MI_足2_outline; /Game/Assets/mmd/Character/Sparxie/Materials/MI_鏡片; /Game/Assets/mmd/Character/Sparxie/Materials/MI_鏡片+; /Game/Assets/mmd/Character/Sparxie/Materials/MI_鏡片+_outline; /Game/Assets/mmd/Character/Sparxie/Materials/MI_鏡片_outline; /Game/Assets/mmd/Character/Sparxie/Materials/MI_面纹; /Game/Assets/mmd/Character/Sparxie/Materials/MI_面纹_outline; /Game/Assets/mmd/Character/Sparxie/Materials/MI_領結; /Game/Assets/mmd/Character/Sparxie/Materials/MI_領結_outline; /Game/Assets/mmd/Character/Sparxie/Materials/MI_頭首飾,ignored,external local archive + SHA-256 manifest required,保留,NO
仍被使用,Content/Assets/mmd,Content/Assets/mmd/Character/Sparxie/Textures/T_衣N.uasset,5468975,Texture2D,材质 / 纹理,,dependency of /Game/Assets/mmd/Character/Sparxie/Materials/MI_腿环靴子,/Game/Assets/mmd/Character/Sparxie/VA_星穹铁道—火花2_VrmAssetList; /Game/Assets/mmd/Character/Sparxie/Materials/MI_内着; /Game/Assets/mmd/Character/Sparxie/Materials/MI_内着_outline; /Game/Assets/mmd/Character/Sparxie/Materials/MI_手套; /Game/Assets/mmd/Character/Sparxie/Materials/MI_手套_outline; /Game/Assets/mmd/Character/Sparxie/Materials/MI_腿环靴子; /Game/Assets/mmd/Character/Sparxie/Materials/MI_腿环靴子_outline,ignored,external local archive + SHA-256 manifest required,保留,NO
仍被使用,Content/Assets/mmd,Content/Assets/mmd/Character/Sparxie/Textures/T_颜.uasset,292332,Texture2D,材质 / 纹理,,dependency of /Game/Assets/mmd/Character/Sparxie/Materials/MI_舌,/Game/Assets/mmd/Character/Sparxie/VA_星穹铁道—火花2_VrmAssetList; /Game/Assets/mmd/Character/Sparxie/Materials/MI_齒_outline; /Game/Assets/mmd/Character/Sparxie/Materials/MI_齒; /Game/Assets/mmd/Character/Sparxie/Materials/MI_顏_outline; /Game/Assets/mmd/Character/Sparxie/Materials/MI_顏; /Game/Assets/mmd/Character/Sparxie/Materials/MI_口; /Game/Assets/mmd/Character/Sparxie/Materials/MI_口_outline; /Game/Assets/mmd/Character/Sparxie/Materials/MI_白目; /Game/Assets/mmd/Character/Sparxie/Materials/MI_白目_outline; /Game/Assets/mmd/Character/Sparxie/Materials/MI_目; /Game/Assets/mmd/Character/Sparxie/Materials/MI_目_outline; /Game/Assets/mmd/Character/Sparxie/Materials/MI_目光; /Game/Assets/mmd/Character/Sparxie/Materials/MI_目光_outline; /Game/Assets/mmd/Character/Sparxie/Materials/MI_眉睫; /Game/Assets/mmd/Character/Sparxie/Materials/MI_眉睫_outline; /Game/Assets/mmd/Character/Sparxie/Materials/MI_舌; /Game/Assets/mmd/Character/Sparxie/Materials/MI_舌_outline,ignored,external local archive + SHA-256 manifest required,保留,NO
仍被使用,Content/Assets/mmd,Content/Assets/mmd/Character/Sparxie/Textures/T_颜赤.uasset,106685,Texture2D,材质 / 纹理,,dependency of /Game/Assets/mmd/Character/Sparxie/Materials/MI_顏+,/Game/Assets/mmd/Character/Sparxie/VA_星穹铁道—火花2_VrmAssetList; /Game/Assets/mmd/Character/Sparxie/Materials/MI_顏+_outline; /Game/Assets/mmd/Character/Sparxie/Materials/MI_顏+,ignored,external local archive + SHA-256 manifest required,保留,NO
仍被使用,Content/Assets/mmd,Content/Assets/mmd/Character/Sparxie/Textures/T_髪.uasset,1253073,Texture2D,材质 / 纹理,,dependency of /Game/Assets/mmd/Character/Sparxie/Materials/MI_髪,/Game/Assets/mmd/Character/Sparxie/VA_星穹铁道—火花2_VrmAssetList; /Game/Assets/mmd/Character/Sparxie/Materials/MI_髪_outline; /Game/Assets/mmd/Character/Sparxie/Materials/MI_髪,ignored,external local archive + SHA-256 manifest required,保留,NO
仍被使用,Content/Assets/mmd,Content/Assets/mmd/Character/Sparxie/Textures/T_黑.uasset,5680,Texture2D,材质 / 纹理,,dependency of /Game/Assets/mmd/Character/Sparxie/Materials/MI_目影,/Game/Assets/mmd/Character/Sparxie/VA_星穹铁道—火花2_VrmAssetList; /Game/Assets/mmd/Character/Sparxie/Materials/MI_目影; /Game/Assets/mmd/Character/Sparxie/Materials/MI_目影_outline,ignored,external local archive + SHA-256 manifest required,保留,NO
仍被使用,Content/Assets/mmd,Content/Assets/mmd/Character/Sparxie/VA_星穹铁道—火花2_VrmAssetList.uasset,40793,VrmAssetListObject,蓝图 / 数据 / 其他资源,,dependency of /Game/Assets/mmd/Character/Sparxie/Meshes/SK_星穹铁道—火花2,/Game/Assets/mmd/Character/Sparxie/Meshes/SK_星穹铁道—火花2; /Game/Assets/mmd/Character/Sparxie/VM_星穹铁道—火花2_VrmMeta,ignored,external local archive + SHA-256 manifest required,保留,NO
仍被使用,Content/Assets/mmd,Content/Assets/mmd/Character/Sparxie/VL_星穹铁道—火花2_VrmLicense.uasset,5040,VrmLicenseObject,蓝图 / 数据 / 其他资源,,dependency of /Game/Assets/mmd/Character/Sparxie/VA_星穹铁道—火花2_VrmAssetList,/Game/Assets/mmd/Character/Sparxie/VA_星穹铁道—火花2_VrmAssetList,ignored,external local archive + SHA-256 manifest required,保留,NO
仍被使用,Content/Assets/mmd,Content/Assets/mmd/Character/Sparxie/VM_星穹铁道—火花2_VrmMeta.uasset,9550,VrmMetaObject,蓝图 / 数据 / 其他资源,,dependency of /Game/Assets/mmd/Character/Sparxie/VA_星穹铁道—火花2_VrmAssetList,/Game/Assets/mmd/Character/Sparxie/VA_星穹铁道—火花2_VrmAssetList,ignored,external local archive + SHA-256 manifest required,保留,NO
仍被使用,Content/Assets/mmd,Content/Assets/mmd/Character/Velina/Animations/A_face_维琳娜6.uasset,104704,AnimSequence,角色 / 动作 / 重定向,,dependency of /Game/Assets/mmd/Character/Velina/Meshes/POSE_face_维琳娜6,/Game/Assets/mmd/Character/Velina/Meshes/POSE_face_维琳娜6,ignored,external local archive + SHA-256 manifest required,保留,NO
仍被使用,Content/Assets/mmd,Content/Assets/mmd/Character/Velina/Animations/ABP_Post_维琳娜6.uasset,114068,AnimBlueprint,角色 / 动作 / 重定向,,dependency of /Game/Assets/mmd/Character/Velina/Meshes/SK_维琳娜6,/Game/Assets/mmd/Character/Velina/Meshes/SK_维琳娜6,ignored,external local archive + SHA-256 manifest required,保留,NO
待核实,Content/Assets/mmd,Content/Assets/mmd/Character/Velina/Animations/ABP_Velina_Unarmed.uasset,386847,AnimBlueprint,角色 / 动作 / 重定向,,test / authoring dependency: Tools/Presentation/author_content.py; Tools/Presentation/retarget_party.py; Tools/Presentation/retarget_party.py (dynamic folder); Tools/Presentation/retarget_party.py (dynamic folder),/Game/Assets/mmd/Character/Velina/BP_Velina,ignored,external local archive + SHA-256 manifest required,中,NO
待核实,Content/Assets/mmd,Content/Assets/mmd/Character/Velina/Animations/Attack/MM_Attack_01.uasset,1008800,AnimSequence,角色 / 动作 / 重定向,,test / authoring dependency: Tools/Presentation/retarget_party.py (dynamic folder); Tools/Presentation/retarget_party.py (dynamic folder),,ignored,external local archive + SHA-256 manifest required,中,NO
待核实,Content/Assets/mmd,Content/Assets/mmd/Character/Velina/Animations/Attack/MM_Attack_02.uasset,1005715,AnimSequence,角色 / 动作 / 重定向,,test / authoring dependency: Tools/Presentation/retarget_party.py (dynamic folder); Tools/Presentation/retarget_party.py (dynamic folder),,ignored,external local archive + SHA-256 manifest required,中,NO
待核实,Content/Assets/mmd,Content/Assets/mmd/Character/Velina/Animations/Attack/MM_Attack_03.uasset,1070633,AnimSequence,角色 / 动作 / 重定向,,test / authoring dependency: Tools/Presentation/retarget_party.py (dynamic folder); Tools/Presentation/retarget_party.py (dynamic folder),,ignored,external local archive + SHA-256 manifest required,中,NO
待核实,Content/Assets/mmd,Content/Assets/mmd/Character/Velina/Animations/Attack/MM_ChargedAttack.uasset,1087787,AnimSequence,角色 / 动作 / 重定向,,test / authoring dependency: Tools/Presentation/retarget_party.py (dynamic folder); Tools/Presentation/retarget_party.py (dynamic folder),,ignored,external local archive + SHA-256 manifest required,中,NO
待核实,Content/Assets/mmd,Content/Assets/mmd/Character/Velina/Animations/BS_Idle_Walk_Run.uasset,53131,BlendSpace,蓝图 / 数据 / 其他资源,,test / authoring dependency: Tools/Presentation/retarget_party.py (dynamic folder); Tools/Presentation/retarget_party.py (dynamic folder),/Game/Presentation/Animation/ABP_Playable_Verina; /Game/Assets/mmd/Character/Velina/Animations/ABP_Velina_Unarmed,ignored,external local archive + SHA-256 manifest required,中,NO
待核实,Content/Assets/mmd,Content/Assets/mmd/Character/Velina/Animations/Jog/MF_Unarmed_Jog_Bwd.uasset,1187386,AnimSequence,角色 / 动作 / 重定向,,test / authoring dependency: Tools/Presentation/retarget_party.py (dynamic folder); Tools/Presentation/retarget_party.py (dynamic folder),/Game/Assets/mmd/Character/Velina/Animations/BS_Idle_Walk_Run,ignored,external local archive + SHA-256 manifest required,中,NO
待核实,Content/Assets/mmd,Content/Assets/mmd/Character/Velina/Animations/Jog/MF_Unarmed_Jog_Bwd_Left.uasset,1186302,AnimSequence,角色 / 动作 / 重定向,,test / authoring dependency: Tools/Presentation/retarget_party.py (dynamic folder); Tools/Presentation/retarget_party.py (dynamic folder),/Game/Assets/mmd/Character/Velina/Animations/BS_Idle_Walk_Run,ignored,external local archive + SHA-256 manifest required,中,NO
待核实,Content/Assets/mmd,Content/Assets/mmd/Character/Velina/Animations/Jog/MF_Unarmed_Jog_Bwd_Right.uasset,1186202,AnimSequence,角色 / 动作 / 重定向,,test / authoring dependency: Tools/Presentation/retarget_party.py (dynamic folder); Tools/Presentation/retarget_party.py (dynamic folder),/Game/Assets/mmd/Character/Velina/Animations/BS_Idle_Walk_Run,ignored,external local archive + SHA-256 manifest required,中,NO
待核实,Content/Assets/mmd,Content/Assets/mmd/Character/Velina/Animations/Jog/MF_Unarmed_Jog_Fwd.uasset,1236823,AnimSequence,角色 / 动作 / 重定向,,test / authoring dependency: Tools/Presentation/retarget_party.py (dynamic folder); Tools/Presentation/retarget_party.py (dynamic folder),/Game/Assets/mmd/Character/Velina/Animations/BS_Idle_Walk_Run,ignored,external local archive + SHA-256 manifest required,中,NO
待核实,Content/Assets/mmd,Content/Assets/mmd/Character/Velina/Animations/Jog/MF_Unarmed_Jog_Fwd_Left.uasset,1235501,AnimSequence,角色 / 动作 / 重定向,,test / authoring dependency: Tools/Presentation/retarget_party.py (dynamic folder); Tools/Presentation/retarget_party.py (dynamic folder),/Game/Assets/mmd/Character/Velina/Animations/BS_Idle_Walk_Run,ignored,external local archive + SHA-256 manifest required,中,NO
待核实,Content/Assets/mmd,Content/Assets/mmd/Character/Velina/Animations/Jog/MF_Unarmed_Jog_Fwd_Right.uasset,1235492,AnimSequence,角色 / 动作 / 重定向,,test / authoring dependency: Tools/Presentation/retarget_party.py (dynamic folder); Tools/Presentation/retarget_party.py (dynamic folder),/Game/Assets/mmd/Character/Velina/Animations/BS_Idle_Walk_Run,ignored,external local archive + SHA-256 manifest required,中,NO
待核实,Content/Assets/mmd,Content/Assets/mmd/Character/Velina/Animations/Jog/MF_Unarmed_Jog_Left.uasset,1193648,AnimSequence,角色 / 动作 / 重定向,,test / authoring dependency: Tools/Presentation/retarget_party.py (dynamic folder); Tools/Presentation/retarget_party.py (dynamic folder),/Game/Assets/mmd/Character/Velina/Animations/BS_Idle_Walk_Run,ignored,external local archive + SHA-256 manifest required,中,NO
待核实,Content/Assets/mmd,Content/Assets/mmd/Character/Velina/Animations/Jog/MF_Unarmed_Jog_Right.uasset,1230369,AnimSequence,角色 / 动作 / 重定向,,test / authoring dependency: Tools/Presentation/retarget_party.py (dynamic folder); Tools/Presentation/retarget_party.py (dynamic folder),/Game/Assets/mmd/Character/Velina/Animations/BS_Idle_Walk_Run,ignored,external local archive + SHA-256 manifest required,中,NO
待核实,Content/Assets/mmd,Content/Assets/mmd/Character/Velina/Animations/Jump/MM_Fall_Loop.uasset,1447272,AnimSequence,角色 / 动作 / 重定向,,test / authoring dependency: Tools/Presentation/retarget_party.py (dynamic folder); Tools/Presentation/retarget_party.py (dynamic folder),/Game/Presentation/Animation/ABP_Playable_Verina; /Game/Assets/mmd/Character/Velina/Animations/ABP_Velina_Unarmed,ignored,external local archive + SHA-256 manifest required,中,NO
待核实,Content/Assets/mmd,Content/Assets/mmd/Character/Velina/Animations/Jump/MM_Jump.uasset,1071372,AnimSequence,角色 / 动作 / 重定向,,test / authoring dependency: Tools/Presentation/retarget_party.py (dynamic folder); Tools/Presentation/retarget_party.py (dynamic folder),/Game/Presentation/Animation/ABP_Playable_Verina; /Game/Assets/mmd/Character/Velina/Animations/ABP_Velina_Unarmed,ignored,external local archive + SHA-256 manifest required,中,NO
待核实,Content/Assets/mmd,Content/Assets/mmd/Character/Velina/Animations/Jump/MM_Land.uasset,1072182,AnimSequence,角色 / 动作 / 重定向,,test / authoring dependency: Tools/Presentation/retarget_party.py (dynamic folder); Tools/Presentation/retarget_party.py (dynamic folder),/Game/Presentation/Animation/ABP_Playable_Verina; /Game/Assets/mmd/Character/Velina/Animations/ABP_Velina_Unarmed,ignored,external local archive + SHA-256 manifest required,中,NO
待核实,Content/Assets/mmd,Content/Assets/mmd/Character/Velina/Animations/MM_Dash.uasset,1384382,AnimSequence,角色 / 动作 / 重定向,,test / authoring dependency: Tools/Presentation/retarget_party.py (dynamic folder); Tools/Presentation/retarget_party.py (dynamic folder),,ignored,external local archive + SHA-256 manifest required,中,NO
待核实,Content/Assets/mmd,Content/Assets/mmd/Character/Velina/Animations/MM_Idle.uasset,906025,AnimSequence,角色 / 动作 / 重定向,,test / authoring dependency: Tools/Presentation/retarget_party.py (dynamic folder); Tools/Presentation/retarget_party.py (dynamic folder),,ignored,external local archive + SHA-256 manifest required,中,NO
待核实,Content/Assets/mmd,Content/Assets/mmd/Character/Velina/Animations/MM_Idle1.uasset,2262867,AnimSequence,角色 / 动作 / 重定向,,test / authoring dependency: Tools/Presentation/retarget_party.py (dynamic folder); Tools/Presentation/retarget_party.py (dynamic folder),/Game/Presentation/Animation/ABP_Playable_Verina; /Game/Assets/mmd/Character/Velina/Animations/BS_Idle_Walk_Run; /Game/Assets/mmd/Character/Velina/Animations/ABP_Velina_Unarmed,ignored,external local archive + SHA-256 manifest required,中,NO
待核实,Content/Assets/mmd,Content/Assets/mmd/Character/Velina/Animations/MM_WallJump.uasset,953554,AnimSequence,角色 / 动作 / 重定向,,test / authoring dependency: Tools/Presentation/retarget_party.py (dynamic folder); Tools/Presentation/retarget_party.py (dynamic folder),,ignored,external local archive + SHA-256 manifest required,中,NO
待核实,Content/Assets/mmd,Content/Assets/mmd/Character/Velina/Animations/Walk/MF_Unarmed_Walk_Bwd.uasset,1304415,AnimSequence,角色 / 动作 / 重定向,,test / authoring dependency: Tools/Presentation/retarget_party.py (dynamic folder); Tools/Presentation/retarget_party.py (dynamic folder),/Game/Assets/mmd/Character/Velina/Animations/BS_Idle_Walk_Run,ignored,external local archive + SHA-256 manifest required,中,NO
待核实,Content/Assets/mmd,Content/Assets/mmd/Character/Velina/Animations/Walk/MF_Unarmed_Walk_Bwd_Left.uasset,1303392,AnimSequence,角色 / 动作 / 重定向,,test / authoring dependency: Tools/Presentation/retarget_party.py (dynamic folder); Tools/Presentation/retarget_party.py (dynamic folder),/Game/Assets/mmd/Character/Velina/Animations/BS_Idle_Walk_Run,ignored,external local archive + SHA-256 manifest required,中,NO
待核实,Content/Assets/mmd,Content/Assets/mmd/Character/Velina/Animations/Walk/MF_Unarmed_Walk_Bwd_Right.uasset,1303162,AnimSequence,角色 / 动作 / 重定向,,test / authoring dependency: Tools/Presentation/retarget_party.py (dynamic folder); Tools/Presentation/retarget_party.py (dynamic folder),/Game/Assets/mmd/Character/Velina/Animations/BS_Idle_Walk_Run,ignored,external local archive + SHA-256 manifest required,中,NO
待核实,Content/Assets/mmd,Content/Assets/mmd/Character/Velina/Animations/Walk/MF_Unarmed_Walk_Fwd.uasset,1188255,AnimSequence,角色 / 动作 / 重定向,,test / authoring dependency: Tools/Presentation/retarget_party.py (dynamic folder); Tools/Presentation/retarget_party.py (dynamic folder),/Game/Assets/mmd/Character/Velina/Animations/BS_Idle_Walk_Run,ignored,external local archive + SHA-256 manifest required,中,NO
待核实,Content/Assets/mmd,Content/Assets/mmd/Character/Velina/Animations/Walk/MF_Unarmed_Walk_Fwd_Left.uasset,1186943,AnimSequence,角色 / 动作 / 重定向,,test / authoring dependency: Tools/Presentation/retarget_party.py (dynamic folder); Tools/Presentation/retarget_party.py (dynamic folder),/Game/Assets/mmd/Character/Velina/Animations/BS_Idle_Walk_Run,ignored,external local archive + SHA-256 manifest required,中,NO
待核实,Content/Assets/mmd,Content/Assets/mmd/Character/Velina/Animations/Walk/MF_Unarmed_Walk_Fwd_Right.uasset,1186776,AnimSequence,角色 / 动作 / 重定向,,test / authoring dependency: Tools/Presentation/retarget_party.py (dynamic folder); Tools/Presentation/retarget_party.py (dynamic folder),/Game/Assets/mmd/Character/Velina/Animations/BS_Idle_Walk_Run,ignored,external local archive + SHA-256 manifest required,中,NO
待核实,Content/Assets/mmd,Content/Assets/mmd/Character/Velina/Animations/Walk/MF_Unarmed_Walk_Left.uasset,1194105,AnimSequence,角色 / 动作 / 重定向,,test / authoring dependency: Tools/Presentation/retarget_party.py (dynamic folder); Tools/Presentation/retarget_party.py (dynamic folder),/Game/Assets/mmd/Character/Velina/Animations/BS_Idle_Walk_Run,ignored,external local archive + SHA-256 manifest required,中,NO
待核实,Content/Assets/mmd,Content/Assets/mmd/Character/Velina/Animations/Walk/MF_Unarmed_Walk_Right.uasset,1193680,AnimSequence,角色 / 动作 / 重定向,,test / authoring dependency: Tools/Presentation/retarget_party.py (dynamic folder); Tools/Presentation/retarget_party.py (dynamic folder),/Game/Assets/mmd/Character/Velina/Animations/BS_Idle_Walk_Run,ignored,external local archive + SHA-256 manifest required,中,NO
待核实,Content/Assets/mmd,Content/Assets/mmd/Character/Velina/BP_Velina.uasset,37374,Blueprint,蓝图 / 数据 / 其他资源,,test / authoring dependency: Tools/Presentation/retarget_party.py (dynamic folder); Tools/Presentation/retarget_party.py (dynamic folder),,ignored,external local archive + SHA-256 manifest required,中,NO
仍被使用,Content/Assets/mmd,Content/Assets/mmd/Character/Velina/Materials/MI_上衣.uasset,32850,MaterialInstanceConstant,材质 / 纹理,,dependency of /Game/Assets/mmd/Character/Velina/Meshes/SK_维琳娜6,/Game/Assets/mmd/Character/Velina/Meshes/SK_维琳娜6; /Game/Assets/mmd/Character/Velina/VA_维琳娜6_VrmAssetList,ignored,external local archive + SHA-256 manifest required,保留,NO
仍被使用,Content/Assets/mmd,Content/Assets/mmd/Character/Velina/Materials/MI_上衣_outline.uasset,25055,MaterialInstanceConstant,材质 / 纹理,,dependency of /Game/Assets/mmd/Character/Velina/VA_维琳娜6_VrmAssetList,/Game/Assets/mmd/Character/Velina/VA_维琳娜6_VrmAssetList,ignored,external local archive + SHA-256 manifest required,保留,NO
仍被使用,Content/Assets/mmd,Content/Assets/mmd/Character/Velina/Materials/MI_下体贴身衣物.uasset,31002,MaterialInstanceConstant,材质 / 纹理,,dependency of /Game/Assets/mmd/Character/Velina/Meshes/SK_维琳娜6,/Game/Assets/mmd/Character/Velina/Meshes/SK_维琳娜6; /Game/Assets/mmd/Character/Velina/VA_维琳娜6_VrmAssetList,ignored,external local archive + SHA-256 manifest required,保留,NO
仍被使用,Content/Assets/mmd,Content/Assets/mmd/Character/Velina/Materials/MI_下体贴身衣物_outline.uasset,25103,MaterialInstanceConstant,材质 / 纹理,,dependency of /Game/Assets/mmd/Character/Velina/VA_维琳娜6_VrmAssetList,/Game/Assets/mmd/Character/Velina/VA_维琳娜6_VrmAssetList,ignored,external local archive + SHA-256 manifest required,保留,NO
仍被使用,Content/Assets/mmd,Content/Assets/mmd/Character/Velina/Materials/MI_下裙.uasset,30954,MaterialInstanceConstant,材质 / 纹理,,dependency of /Game/Assets/mmd/Character/Velina/Meshes/SK_维琳娜6,/Game/Assets/mmd/Character/Velina/Meshes/SK_维琳娜6; /Game/Assets/mmd/Character/Velina/VA_维琳娜6_VrmAssetList,ignored,external local archive + SHA-256 manifest required,保留,NO
仍被使用,Content/Assets/mmd,Content/Assets/mmd/Character/Velina/Materials/MI_下裙_outline.uasset,25055,MaterialInstanceConstant,材质 / 纹理,,dependency of /Game/Assets/mmd/Character/Velina/VA_维琳娜6_VrmAssetList,/Game/Assets/mmd/Character/Velina/VA_维琳娜6_VrmAssetList,ignored,external local archive + SHA-256 manifest required,保留,NO
仍被使用,Content/Assets/mmd,Content/Assets/mmd/Character/Velina/Materials/MI_二重.uasset,27834,MaterialInstanceConstant,材质 / 纹理,,dependency of /Game/Assets/mmd/Character/Velina/Meshes/SK_维琳娜6,/Game/Assets/mmd/Character/Velina/Meshes/SK_维琳娜6; /Game/Assets/mmd/Character/Velina/VA_维琳娜6_VrmAssetList,ignored,external local archive + SHA-256 manifest required,保留,NO
仍被使用,Content/Assets/mmd,Content/Assets/mmd/Character/Velina/Materials/MI_二重_outline.uasset,25051,MaterialInstanceConstant,材质 / 纹理,,dependency of /Game/Assets/mmd/Character/Velina/VA_维琳娜6_VrmAssetList,/Game/Assets/mmd/Character/Velina/VA_维琳娜6_VrmAssetList,ignored,external local archive + SHA-256 manifest required,保留,NO
仍被使用,Content/Assets/mmd,Content/Assets/mmd/Character/Velina/Materials/MI_前发.uasset,30277,MaterialInstanceConstant,材质 / 纹理,,dependency of /Game/Assets/mmd/Character/Velina/Meshes/SK_维琳娜6,/Game/Assets/mmd/Character/Velina/Meshes/SK_维琳娜6; /Game/Assets/mmd/Character/Velina/VA_维琳娜6_VrmAssetList,ignored,external local archive + SHA-256 manifest required,保留,NO
仍被使用,Content/Assets/mmd,Content/Assets/mmd/Character/Velina/Materials/MI_前发_outline.uasset,25051,MaterialInstanceConstant,材质 / 纹理,,dependency of /Game/Assets/mmd/Character/Velina/VA_维琳娜6_VrmAssetList,/Game/Assets/mmd/Character/Velina/VA_维琳娜6_VrmAssetList,ignored,external local archive + SHA-256 manifest required,保留,NO
仍被使用,Content/Assets/mmd,Content/Assets/mmd/Character/Velina/Materials/MI_发+.uasset,26850,MaterialInstanceConstant,材质 / 纹理,,dependency of /Game/Assets/mmd/Character/Velina/Meshes/SK_维琳娜6,/Game/Assets/mmd/Character/Velina/Meshes/SK_维琳娜6; /Game/Assets/mmd/Character/Velina/VA_维琳娜6_VrmAssetList,ignored,external local archive + SHA-256 manifest required,保留,NO
仍被使用,Content/Assets/mmd,Content/Assets/mmd/Character/Velina/Materials/MI_发+_outline.uasset,25542,MaterialInstanceConstant,材质 / 纹理,,dependency of /Game/Assets/mmd/Character/Velina/VA_维琳娜6_VrmAssetList,/Game/Assets/mmd/Character/Velina/VA_维琳娜6_VrmAssetList,ignored,external local archive + SHA-256 manifest required,保留,NO
仍被使用,Content/Assets/mmd,Content/Assets/mmd/Character/Velina/Materials/MI_口舌.uasset,27834,MaterialInstanceConstant,材质 / 纹理,,dependency of /Game/Assets/mmd/Character/Velina/Meshes/SK_维琳娜6,/Game/Assets/mmd/Character/Velina/Meshes/SK_维琳娜6; /Game/Assets/mmd/Character/Velina/VA_维琳娜6_VrmAssetList,ignored,external local archive + SHA-256 manifest required,保留,NO
仍被使用,Content/Assets/mmd,Content/Assets/mmd/Character/Velina/Materials/MI_口舌_outline.uasset,25051,MaterialInstanceConstant,材质 / 纹理,,dependency of /Game/Assets/mmd/Character/Velina/VA_维琳娜6_VrmAssetList,/Game/Assets/mmd/Character/Velina/VA_维琳娜6_VrmAssetList,ignored,external local archive + SHA-256 manifest required,保留,NO
仍被使用,Content/Assets/mmd,Content/Assets/mmd/Character/Velina/Materials/MI_后发.uasset,30277,MaterialInstanceConstant,材质 / 纹理,,dependency of /Game/Assets/mmd/Character/Velina/Meshes/SK_维琳娜6,/Game/Assets/mmd/Character/Velina/Meshes/SK_维琳娜6; /Game/Assets/mmd/Character/Velina/VA_维琳娜6_VrmAssetList,ignored,external local archive + SHA-256 manifest required,保留,NO
仍被使用,Content/Assets/mmd,Content/Assets/mmd/Character/Velina/Materials/MI_后发_outline.uasset,25051,MaterialInstanceConstant,材质 / 纹理,,dependency of /Game/Assets/mmd/Character/Velina/VA_维琳娜6_VrmAssetList,/Game/Assets/mmd/Character/Velina/VA_维琳娜6_VrmAssetList,ignored,external local archive + SHA-256 manifest required,保留,NO
仍被使用,Content/Assets/mmd,Content/Assets/mmd/Character/Velina/Materials/MI_后发带中.uasset,30301,MaterialInstanceConstant,材质 / 纹理,,dependency of /Game/Assets/mmd/Character/Velina/Meshes/SK_维琳娜6,/Game/Assets/mmd/Character/Velina/Meshes/SK_维琳娜6; /Game/Assets/mmd/Character/Velina/VA_维琳娜6_VrmAssetList,ignored,external local archive + SHA-256 manifest required,保留,NO
仍被使用,Content/Assets/mmd,Content/Assets/mmd/Character/Velina/Materials/MI_后发带中_outline.uasset,25075,MaterialInstanceConstant,材质 / 纹理,,dependency of /Game/Assets/mmd/Character/Velina/VA_维琳娜6_VrmAssetList,/Game/Assets/mmd/Character/Velina/VA_维琳娜6_VrmAssetList,ignored,external local archive + SHA-256 manifest required,保留,NO
仍被使用,Content/Assets/mmd,Content/Assets/mmd/Character/Velina/Materials/MI_后发带内.uasset,30301,MaterialInstanceConstant,材质 / 纹理,,dependency of /Game/Assets/mmd/Character/Velina/Meshes/SK_维琳娜6,/Game/Assets/mmd/Character/Velina/Meshes/SK_维琳娜6; /Game/Assets/mmd/Character/Velina/VA_维琳娜6_VrmAssetList,ignored,external local archive + SHA-256 manifest required,保留,NO
仍被使用,Content/Assets/mmd,Content/Assets/mmd/Character/Velina/Materials/MI_后发带内_outline.uasset,25075,MaterialInstanceConstant,材质 / 纹理,,dependency of /Game/Assets/mmd/Character/Velina/VA_维琳娜6_VrmAssetList,/Game/Assets/mmd/Character/Velina/VA_维琳娜6_VrmAssetList,ignored,external local archive + SHA-256 manifest required,保留,NO
仍被使用,Content/Assets/mmd,Content/Assets/mmd/Character/Velina/Materials/MI_后发带外.uasset,30301,MaterialInstanceConstant,材质 / 纹理,,dependency of /Game/Assets/mmd/Character/Velina/Meshes/SK_维琳娜6,/Game/Assets/mmd/Character/Velina/Meshes/SK_维琳娜6; /Game/Assets/mmd/Character/Velina/VA_维琳娜6_VrmAssetList,ignored,external local archive + SHA-256 manifest required,保留,NO
仍被使用,Content/Assets/mmd,Content/Assets/mmd/Character/Velina/Materials/MI_后发带外_outline.uasset,25075,MaterialInstanceConstant,材质 / 纹理,,dependency of /Game/Assets/mmd/Character/Velina/VA_维琳娜6_VrmAssetList,/Game/Assets/mmd/Character/Velina/VA_维琳娜6_VrmAssetList,ignored,external local archive + SHA-256 manifest required,保留,NO
仍被使用,Content/Assets/mmd,Content/Assets/mmd/Character/Velina/Materials/MI_后发辫子.uasset,30301,MaterialInstanceConstant,材质 / 纹理,,dependency of /Game/Assets/mmd/Character/Velina/Meshes/SK_维琳娜6,/Game/Assets/mmd/Character/Velina/Meshes/SK_维琳娜6; /Game/Assets/mmd/Character/Velina/VA_维琳娜6_VrmAssetList,ignored,external local archive + SHA-256 manifest required,保留,NO
仍被使用,Content/Assets/mmd,Content/Assets/mmd/Character/Velina/Materials/MI_后发辫子_outline.uasset,25075,MaterialInstanceConstant,材质 / 纹理,,dependency of /Game/Assets/mmd/Character/Velina/VA_维琳娜6_VrmAssetList,/Game/Assets/mmd/Character/Velina/VA_维琳娜6_VrmAssetList,ignored,external local archive + SHA-256 manifest required,保留,NO
仍被使用,Content/Assets/mmd,Content/Assets/mmd/Character/Velina/Materials/MI_头饰.uasset,30277,MaterialInstanceConstant,材质 / 纹理,,dependency of /Game/Assets/mmd/Character/Velina/Meshes/SK_维琳娜6,/Game/Assets/mmd/Character/Velina/Meshes/SK_维琳娜6; /Game/Assets/mmd/Character/Velina/VA_维琳娜6_VrmAssetList,ignored,external local archive + SHA-256 manifest required,保留,NO
仍被使用,Content/Assets/mmd,Content/Assets/mmd/Character/Velina/Materials/MI_头饰_outline.uasset,25051,MaterialInstanceConstant,材质 / 纹理,,dependency of /Game/Assets/mmd/Character/Velina/VA_维琳娜6_VrmAssetList,/Game/Assets/mmd/Character/Velina/VA_维琳娜6_VrmAssetList,ignored,external local archive + SHA-256 manifest required,保留,NO
仍被使用,Content/Assets/mmd,Content/Assets/mmd/Character/Velina/Materials/MI_手套.uasset,32850,MaterialInstanceConstant,材质 / 纹理,,dependency of /Game/Assets/mmd/Character/Velina/Meshes/SK_维琳娜6,/Game/Assets/mmd/Character/Velina/Meshes/SK_维琳娜6; /Game/Assets/mmd/Character/Velina/VA_维琳娜6_VrmAssetList,ignored,external local archive + SHA-256 manifest required,保留,NO
仍被使用,Content/Assets/mmd,Content/Assets/mmd/Character/Velina/Materials/MI_手套_outline.uasset,25055,MaterialInstanceConstant,材质 / 纹理,,dependency of /Game/Assets/mmd/Character/Velina/VA_维琳娜6_VrmAssetList,/Game/Assets/mmd/Character/Velina/VA_维琳娜6_VrmAssetList,ignored,external local archive + SHA-256 manifest required,保留,NO
仍被使用,Content/Assets/mmd,Content/Assets/mmd/Character/Velina/Materials/MI_手套皮肤.uasset,31017,MaterialInstanceConstant,材质 / 纹理,,dependency of /Game/Assets/mmd/Character/Velina/Meshes/SK_维琳娜6,/Game/Assets/mmd/Character/Velina/Meshes/SK_维琳娜6; /Game/Assets/mmd/Character/Velina/VA_维琳娜6_VrmAssetList,ignored,external local archive + SHA-256 manifest required,保留,NO
仍被使用,Content/Assets/mmd,Content/Assets/mmd/Character/Velina/Materials/MI_手套皮肤_outline.uasset,25651,MaterialInstanceConstant,材质 / 纹理,,dependency of /Game/Assets/mmd/Character/Velina/VA_维琳娜6_VrmAssetList,/Game/Assets/mmd/Character/Velina/VA_维琳娜6_VrmAssetList,ignored,external local archive + SHA-256 manifest required,保留,NO
仍被使用,Content/Assets/mmd,Content/Assets/mmd/Character/Velina/Materials/MI_目光彩.uasset,27846,MaterialInstanceConstant,材质 / 纹理,,dependency of /Game/Assets/mmd/Character/Velina/Meshes/SK_维琳娜6,/Game/Assets/mmd/Character/Velina/Meshes/SK_维琳娜6; /Game/Assets/mmd/Character/Velina/VA_维琳娜6_VrmAssetList,ignored,external local archive + SHA-256 manifest required,保留,NO
仍被使用,Content/Assets/mmd,Content/Assets/mmd/Character/Velina/Materials/MI_目光彩_outline.uasset,25063,MaterialInstanceConstant,材质 / 纹理,,dependency of /Game/Assets/mmd/Character/Velina/VA_维琳娜6_VrmAssetList,/Game/Assets/mmd/Character/Velina/VA_维琳娜6_VrmAssetList,ignored,external local archive + SHA-256 manifest required,保留,NO
仍被使用,Content/Assets/mmd,Content/Assets/mmd/Character/Velina/Materials/MI_目光白.uasset,27846,MaterialInstanceConstant,材质 / 纹理,,dependency of /Game/Assets/mmd/Character/Velina/Meshes/SK_维琳娜6,/Game/Assets/mmd/Character/Velina/Meshes/SK_维琳娜6; /Game/Assets/mmd/Character/Velina/VA_维琳娜6_VrmAssetList,ignored,external local archive + SHA-256 manifest required,保留,NO
仍被使用,Content/Assets/mmd,Content/Assets/mmd/Character/Velina/Materials/MI_目光白_outline.uasset,25063,MaterialInstanceConstant,材质 / 纹理,,dependency of /Game/Assets/mmd/Character/Velina/VA_维琳娜6_VrmAssetList,/Game/Assets/mmd/Character/Velina/VA_维琳娜6_VrmAssetList,ignored,external local archive + SHA-256 manifest required,保留,NO
仍被使用,Content/Assets/mmd,Content/Assets/mmd/Character/Velina/Materials/MI_眉毛.uasset,27834,MaterialInstanceConstant,材质 / 纹理,,dependency of /Game/Assets/mmd/Character/Velina/Meshes/SK_维琳娜6,/Game/Assets/mmd/Character/Velina/Meshes/SK_维琳娜6; /Game/Assets/mmd/Character/Velina/VA_维琳娜6_VrmAssetList,ignored,external local archive + SHA-256 manifest required,保留,NO
仍被使用,Content/Assets/mmd,Content/Assets/mmd/Character/Velina/Materials/MI_眉毛_outline.uasset,25051,MaterialInstanceConstant,材质 / 纹理,,dependency of /Game/Assets/mmd/Character/Velina/VA_维琳娜6_VrmAssetList,/Game/Assets/mmd/Character/Velina/VA_维琳娜6_VrmAssetList,ignored,external local archive + SHA-256 manifest required,保留,NO
仍被使用,Content/Assets/mmd,Content/Assets/mmd/Character/Velina/Materials/MI_眼影.uasset,27834,MaterialInstanceConstant,材质 / 纹理,,dependency of /Game/Assets/mmd/Character/Velina/Meshes/SK_维琳娜6,/Game/Assets/mmd/Character/Velina/Meshes/SK_维琳娜6; /Game/Assets/mmd/Character/Velina/VA_维琳娜6_VrmAssetList,ignored,external local archive + SHA-256 manifest required,保留,NO
仍被使用,Content/Assets/mmd,Content/Assets/mmd/Character/Velina/Materials/MI_眼影_outline.uasset,25051,MaterialInstanceConstant,材质 / 纹理,,dependency of /Game/Assets/mmd/Character/Velina/VA_维琳娜6_VrmAssetList,/Game/Assets/mmd/Character/Velina/VA_维琳娜6_VrmAssetList,ignored,external local archive + SHA-256 manifest required,保留,NO
仍被使用,Content/Assets/mmd,Content/Assets/mmd/Character/Velina/Materials/MI_眼白.uasset,27834,MaterialInstanceConstant,材质 / 纹理,,dependency of /Game/Assets/mmd/Character/Velina/Meshes/SK_维琳娜6,/Game/Assets/mmd/Character/Velina/Meshes/SK_维琳娜6; /Game/Assets/mmd/Character/Velina/VA_维琳娜6_VrmAssetList,ignored,external local archive + SHA-256 manifest required,保留,NO
仍被使用,Content/Assets/mmd,Content/Assets/mmd/Character/Velina/Materials/MI_眼白_outline.uasset,25051,MaterialInstanceConstant,材质 / 纹理,,dependency of /Game/Assets/mmd/Character/Velina/VA_维琳娜6_VrmAssetList,/Game/Assets/mmd/Character/Velina/VA_维琳娜6_VrmAssetList,ignored,external local archive + SHA-256 manifest required,保留,NO
仍被使用,Content/Assets/mmd,Content/Assets/mmd/Character/Velina/Materials/MI_眼瞳.uasset,27834,MaterialInstanceConstant,材质 / 纹理,,dependency of /Game/Assets/mmd/Character/Velina/Meshes/SK_维琳娜6,/Game/Assets/mmd/Character/Velina/Meshes/SK_维琳娜6; /Game/Assets/mmd/Character/Velina/VA_维琳娜6_VrmAssetList,ignored,external local archive + SHA-256 manifest required,保留,NO
仍被使用,Content/Assets/mmd,Content/Assets/mmd/Character/Velina/Materials/MI_眼瞳_outline.uasset,25051,MaterialInstanceConstant,材质 / 纹理,,dependency of /Game/Assets/mmd/Character/Velina/VA_维琳娜6_VrmAssetList,/Game/Assets/mmd/Character/Velina/VA_维琳娜6_VrmAssetList,ignored,external local archive + SHA-256 manifest required,保留,NO
仍被使用,Content/Assets/mmd,Content/Assets/mmd/Character/Velina/Materials/MI_睫毛.uasset,27834,MaterialInstanceConstant,材质 / 纹理,,dependency of /Game/Assets/mmd/Character/Velina/Meshes/SK_维琳娜6,/Game/Assets/mmd/Character/Velina/Meshes/SK_维琳娜6; /Game/Assets/mmd/Character/Velina/VA_维琳娜6_VrmAssetList,ignored,external local archive + SHA-256 manifest required,保留,NO
仍被使用,Content/Assets/mmd,Content/Assets/mmd/Character/Velina/Materials/MI_睫毛_outline.uasset,25051,MaterialInstanceConstant,材质 / 纹理,,dependency of /Game/Assets/mmd/Character/Velina/VA_维琳娜6_VrmAssetList,/Game/Assets/mmd/Character/Velina/VA_维琳娜6_VrmAssetList,ignored,external local archive + SHA-256 manifest required,保留,NO
仍被使用,Content/Assets/mmd,Content/Assets/mmd/Character/Velina/Materials/MI_耳饰.uasset,30277,MaterialInstanceConstant,材质 / 纹理,,dependency of /Game/Assets/mmd/Character/Velina/Meshes/SK_维琳娜6,/Game/Assets/mmd/Character/Velina/Meshes/SK_维琳娜6; /Game/Assets/mmd/Character/Velina/VA_维琳娜6_VrmAssetList,ignored,external local archive + SHA-256 manifest required,保留,NO
仍被使用,Content/Assets/mmd,Content/Assets/mmd/Character/Velina/Materials/MI_耳饰_outline.uasset,25051,MaterialInstanceConstant,材质 / 纹理,,dependency of /Game/Assets/mmd/Character/Velina/VA_维琳娜6_VrmAssetList,/Game/Assets/mmd/Character/Velina/VA_维琳娜6_VrmAssetList,ignored,external local archive + SHA-256 manifest required,保留,NO
仍被使用,Content/Assets/mmd,Content/Assets/mmd/Character/Velina/Materials/MI_胸衣.uasset,32850,MaterialInstanceConstant,材质 / 纹理,,dependency of /Game/Assets/mmd/Character/Velina/Meshes/SK_维琳娜6,/Game/Assets/mmd/Character/Velina/Meshes/SK_维琳娜6; /Game/Assets/mmd/Character/Velina/VA_维琳娜6_VrmAssetList,ignored,external local archive + SHA-256 manifest required,保留,NO
仍被使用,Content/Assets/mmd,Content/Assets/mmd/Character/Velina/Materials/MI_胸衣_outline.uasset,25055,MaterialInstanceConstant,材质 / 纹理,,dependency of /Game/Assets/mmd/Character/Velina/VA_维琳娜6_VrmAssetList,/Game/Assets/mmd/Character/Velina/VA_维琳娜6_VrmAssetList,ignored,external local archive + SHA-256 manifest required,保留,NO
仍被使用,Content/Assets/mmd,Content/Assets/mmd/Character/Velina/Materials/MI_脸.uasset,27822,MaterialInstanceConstant,材质 / 纹理,,dependency of /Game/Assets/mmd/Character/Velina/Meshes/SK_维琳娜6,/Game/Assets/mmd/Character/Velina/Meshes/SK_维琳娜6; /Game/Assets/mmd/Character/Velina/VA_维琳娜6_VrmAssetList,ignored,external local archive + SHA-256 manifest required,保留,NO
仍被使用,Content/Assets/mmd,Content/Assets/mmd/Character/Velina/Materials/MI_脸_outline.uasset,25039,MaterialInstanceConstant,材质 / 纹理,,dependency of /Game/Assets/mmd/Character/Velina/VA_维琳娜6_VrmAssetList,/Game/Assets/mmd/Character/Velina/VA_维琳娜6_VrmAssetList,ignored,external local archive + SHA-256 manifest required,保留,NO
仍被使用,Content/Assets/mmd,Content/Assets/mmd/Character/Velina/Materials/MI_腿网.uasset,30954,MaterialInstanceConstant,材质 / 纹理,,dependency of /Game/Assets/mmd/Character/Velina/Meshes/SK_维琳娜6,/Game/Assets/mmd/Character/Velina/Meshes/SK_维琳娜6; /Game/Assets/mmd/Character/Velina/VA_维琳娜6_VrmAssetList,ignored,external local archive + SHA-256 manifest required,保留,NO
仍被使用,Content/Assets/mmd,Content/Assets/mmd/Character/Velina/Materials/MI_腿网_outline.uasset,25055,MaterialInstanceConstant,材质 / 纹理,,dependency of /Game/Assets/mmd/Character/Velina/VA_维琳娜6_VrmAssetList,/Game/Assets/mmd/Character/Velina/VA_维琳娜6_VrmAssetList,ignored,external local archive + SHA-256 manifest required,保留,NO
仍被使用,Content/Assets/mmd,Content/Assets/mmd/Character/Velina/Materials/MI_腿部皮肤.uasset,27281,MaterialInstanceConstant,材质 / 纹理,,dependency of /Game/Assets/mmd/Character/Velina/Meshes/SK_维琳娜6,/Game/Assets/mmd/Character/Velina/Meshes/SK_维琳娜6; /Game/Assets/mmd/Character/Velina/VA_维琳娜6_VrmAssetList,ignored,external local archive + SHA-256 manifest required,保留,NO
仍被使用,Content/Assets/mmd,Content/Assets/mmd/Character/Velina/Materials/MI_腿部皮肤_outline.uasset,25604,MaterialInstanceConstant,材质 / 纹理,,dependency of /Game/Assets/mmd/Character/Velina/VA_维琳娜6_VrmAssetList,/Game/Assets/mmd/Character/Velina/VA_维琳娜6_VrmAssetList,ignored,external local archive + SHA-256 manifest required,保留,NO
仍被使用,Content/Assets/mmd,Content/Assets/mmd/Character/Velina/Materials/MI_裙带.uasset,30954,MaterialInstanceConstant,材质 / 纹理,,dependency of /Game/Assets/mmd/Character/Velina/Meshes/SK_维琳娜6,/Game/Assets/mmd/Character/Velina/Meshes/SK_维琳娜6; /Game/Assets/mmd/Character/Velina/VA_维琳娜6_VrmAssetList,ignored,external local archive + SHA-256 manifest required,保留,NO
仍被使用,Content/Assets/mmd,Content/Assets/mmd/Character/Velina/Materials/MI_裙带_outline.uasset,25055,MaterialInstanceConstant,材质 / 纹理,,dependency of /Game/Assets/mmd/Character/Velina/VA_维琳娜6_VrmAssetList,/Game/Assets/mmd/Character/Velina/VA_维琳娜6_VrmAssetList,ignored,external local archive + SHA-256 manifest required,保留,NO
仍被使用,Content/Assets/mmd,Content/Assets/mmd/Character/Velina/Materials/MI_裙饰1.uasset,30966,MaterialInstanceConstant,材质 / 纹理,,dependency of /Game/Assets/mmd/Character/Velina/Meshes/SK_维琳娜6,/Game/Assets/mmd/Character/Velina/Meshes/SK_维琳娜6; /Game/Assets/mmd/Character/Velina/VA_维琳娜6_VrmAssetList,ignored,external local archive + SHA-256 manifest required,保留,NO
仍被使用,Content/Assets/mmd,Content/Assets/mmd/Character/Velina/Materials/MI_裙饰1_outline.uasset,25067,MaterialInstanceConstant,材质 / 纹理,,dependency of /Game/Assets/mmd/Character/Velina/VA_维琳娜6_VrmAssetList,/Game/Assets/mmd/Character/Velina/VA_维琳娜6_VrmAssetList,ignored,external local archive + SHA-256 manifest required,保留,NO
仍被使用,Content/Assets/mmd,Content/Assets/mmd/Character/Velina/Materials/MI_裙饰2.uasset,30966,MaterialInstanceConstant,材质 / 纹理,,dependency of /Game/Assets/mmd/Character/Velina/Meshes/SK_维琳娜6,/Game/Assets/mmd/Character/Velina/Meshes/SK_维琳娜6; /Game/Assets/mmd/Character/Velina/VA_维琳娜6_VrmAssetList,ignored,external local archive + SHA-256 manifest required,保留,NO
仍被使用,Content/Assets/mmd,Content/Assets/mmd/Character/Velina/Materials/MI_裙饰2_outline.uasset,25067,MaterialInstanceConstant,材质 / 纹理,,dependency of /Game/Assets/mmd/Character/Velina/VA_维琳娜6_VrmAssetList,/Game/Assets/mmd/Character/Velina/VA_维琳娜6_VrmAssetList,ignored,external local archive + SHA-256 manifest required,保留,NO
仍被使用,Content/Assets/mmd,Content/Assets/mmd/Character/Velina/Materials/MI_身体.uasset,32850,MaterialInstanceConstant,材质 / 纹理,,dependency of /Game/Assets/mmd/Character/Velina/Meshes/SK_维琳娜6,/Game/Assets/mmd/Character/Velina/Meshes/SK_维琳娜6; /Game/Assets/mmd/Character/Velina/VA_维琳娜6_VrmAssetList,ignored,external local archive + SHA-256 manifest required,保留,NO
仍被使用,Content/Assets/mmd,Content/Assets/mmd/Character/Velina/Materials/MI_身体_outline.uasset,25055,MaterialInstanceConstant,材质 / 纹理,,dependency of /Game/Assets/mmd/Character/Velina/VA_维琳娜6_VrmAssetList,/Game/Assets/mmd/Character/Velina/VA_维琳娜6_VrmAssetList,ignored,external local archive + SHA-256 manifest required,保留,NO
仍被使用,Content/Assets/mmd,Content/Assets/mmd/Character/Velina/Materials/MI_鞋子.uasset,30954,MaterialInstanceConstant,材质 / 纹理,,dependency of /Game/Assets/mmd/Character/Velina/Meshes/SK_维琳娜6,/Game/Assets/mmd/Character/Velina/Meshes/SK_维琳娜6; /Game/Assets/mmd/Character/Velina/VA_维琳娜6_VrmAssetList,ignored,external local archive + SHA-256 manifest required,保留,NO
仍被使用,Content/Assets/mmd,Content/Assets/mmd/Character/Velina/Materials/MI_鞋子_outline.uasset,25055,MaterialInstanceConstant,材质 / 纹理,,dependency of /Game/Assets/mmd/Character/Velina/VA_维琳娜6_VrmAssetList,/Game/Assets/mmd/Character/Velina/VA_维琳娜6_VrmAssetList,ignored,external local archive + SHA-256 manifest required,保留,NO
仍被使用,Content/Assets/mmd,Content/Assets/mmd/Character/Velina/Materials/MI_首.uasset,32838,MaterialInstanceConstant,材质 / 纹理,,dependency of /Game/Assets/mmd/Character/Velina/Meshes/SK_维琳娜6,/Game/Assets/mmd/Character/Velina/Meshes/SK_维琳娜6; /Game/Assets/mmd/Character/Velina/VA_维琳娜6_VrmAssetList,ignored,external local archive + SHA-256 manifest required,保留,NO
仍被使用,Content/Assets/mmd,Content/Assets/mmd/Character/Velina/Materials/MI_首_outline.uasset,25043,MaterialInstanceConstant,材质 / 纹理,,dependency of /Game/Assets/mmd/Character/Velina/VA_维琳娜6_VrmAssetList,/Game/Assets/mmd/Character/Velina/VA_维琳娜6_VrmAssetList,ignored,external local archive + SHA-256 manifest required,保留,NO
仍被使用,Content/Assets/mmd,Content/Assets/mmd/Character/Velina/Materials/MI_齿.uasset,27822,MaterialInstanceConstant,材质 / 纹理,,dependency of /Game/Assets/mmd/Character/Velina/Meshes/SK_维琳娜6,/Game/Assets/mmd/Character/Velina/Meshes/SK_维琳娜6; /Game/Assets/mmd/Character/Velina/VA_维琳娜6_VrmAssetList,ignored,external local archive + SHA-256 manifest required,保留,NO
仍被使用,Content/Assets/mmd,Content/Assets/mmd/Character/Velina/Materials/MI_齿_outline.uasset,25039,MaterialInstanceConstant,材质 / 纹理,,dependency of /Game/Assets/mmd/Character/Velina/VA_维琳娜6_VrmAssetList,/Game/Assets/mmd/Character/Velina/VA_维琳娜6_VrmAssetList,ignored,external local archive + SHA-256 manifest required,保留,NO
仍被使用,Content/Assets/mmd,Content/Assets/mmd/Character/Velina/Meshes/POSE_face_维琳娜6.uasset,60229,PoseAsset,蓝图 / 数据 / 其他资源,,dependency of /Game/Assets/mmd/Character/Velina/VA_维琳娜6_VrmAssetList,/Game/Assets/mmd/Character/Velina/VA_维琳娜6_VrmAssetList,ignored,external local archive + SHA-256 manifest required,保留,NO
仍被使用,Content/Assets/mmd,Content/Assets/mmd/Character/Velina/Meshes/POSE_retarget_维琳娜6.uasset,832757,PoseAsset,蓝图 / 数据 / 其他资源,,dependency of /Game/Assets/mmd/Character/Velina/VA_维琳娜6_VrmAssetList,/Game/Assets/mmd/Character/Velina/VA_维琳娜6_VrmAssetList,ignored,external local archive + SHA-256 manifest required,保留,NO
仍被使用,Content/Assets/mmd,Content/Assets/mmd/Character/Velina/Meshes/SK_维琳娜6.uasset,12196400,SkeletalMesh,角色 / 动作 / 重定向,,dependency of /Game/Data/VerticalSlice/Characters/DA_Character_Verina,/Game/Presentation/Animation/RTG_Remiel; /Game/Assets/mmd/Character/Velina/Rigs/IK_维琳娜6_VrmHumanoid; /Game/Presentation/Animation/RTG_Playable_Huohua; /Game/Presentation/Animation/RTG_EvernightMoon; /Game/Presentation/Animation/RTG_CompleteDefeat_Verina; /Game/Assets/mmd/Character/Velina/Rigs/IK_维琳娜6_Mannequin; /Game/Presentation/Animation/RTG_Combat_Verina; /Game/Assets/mmd/Character/Velina/Meshes/SKEL_维琳娜6; /Game/Assets/mmd/Character/Velina/Animations/MM_Idle1; /Game/Assets/mmd/Character/Velina/Animations/BS_Idle_Walk_Run; /Game/Assets/mmd/Character/Velina/Animations/Jump/MM_Fall_Loop; /Game/Assets/mmd/Character/Velina/Animations/Jump/MM_Jump; /Game/Assets/mmd/Character/Velina/Animations/Jump/MM_Land; /Game/Presentation/Animation/Locomotion/Verina/LIVE_Verina_MM_Land; /Game/Presentation/Animation/Locomotion/Verina/LIVE_Verina_MM_Jump; /Game/Presentation/Animation/Locomotion/Verina/LIVE_Verina_MM_Idle; /Game/Presentation/Animation/Locomotion/Verina/LIVE_Verina_MM_Fall_Loop; /Game/Presentation/Animation/Locomotion/Verina/LIVE_Verina_MF_Unarmed_Walk_Right; /Game/Presentation/Animation/Locomotion/Verina/LIVE_Verina_MF_Unarmed_Walk_Left; /Game/Presentation/Animation/Locomotion/Verina/LIVE_Verina_MF_Unarmed_Walk_Fwd_Right; /Game/Presentation/Animation/Locomotion/Verina/LIVE_Verina_MF_Unarmed_Walk_Fwd_Left; /Game/Presentation/Animation/Locomotion/Verina/LIVE_Verina_MF_Unarmed_Walk_Fwd; /Game/Presentation/Animation/Locomotion/Verina/LIVE_Verina_MF_Unarmed_Walk_Bwd_Right; /Game/Presentation/Animation/Locomotion/Verina/LIVE_Verina_MF_Unarmed_Walk_Bwd_Left; /Game/Presentation/Animation/Locomotion/Verina/LIVE_Verina_MF_Unarmed_Walk_Bwd; /Game/Presentation/Animation/Locomotion/Verina/LIVE_Verina_MF_Unarmed_Jog_Right; /Game/Presentation/Animation/Locomotion/Verina/LIVE_Verina_MF_Unarmed_Jog_Left; /Game/Presentation/Animation/Locomotion/Verina/LIVE_Verina_MF_Unarmed_Jog_Fwd_Right; /Game/Presentation/Animation/Locomotion/Verina/LIVE_Verina_MF_Unarmed_Jog_Fwd_Left; /Game/Presentation/Animation/Locomotion/Verina/LIVE_Verina_MF_Unarmed_Jog_Fwd; /Game/Presentation/Animation/Locomotion/Verina/LIVE_Verina_MF_Unarmed_Jog_Bwd_Right; /Game/Presentation/Animation/Locomotion/Verina/LIVE_Verina_MF_Unarmed_Jog_Bwd_Left; /Game/Presentation/Animation/Locomotion/Verina/LIVE_Verina_MF_Unarmed_Jog_Bwd; /Game/Presentation/Animation/Locomotion/Verina/LIVE_Verina_BS_Idle_Walk_Run; /Game/Presentation/Animation/Locomotion/Verina/LIVE_Verina_ABP_Unarmed; /Game/Presentation/Animation/Locomotion/Verina/FIX_Verina_MM_Land; /Game/Presentation/Animation/Locomotion/Verina/FIX_Verina_MM_Jump; /Game/Presentation/Animation/Locomotion/Verina/FIX_Verina_MM_Idle; /Game/Presentation/Animation/Locomotion/Verina/FIX_Verina_MM_Fall_Loop; /Game/Presentation/Animation/Locomotion/Verina/FIX_Verina_MF_Unarmed_Walk_Right; /Game/Presentation/Animation/Locomotion/Verina/FIX_Verina_MF_Unarmed_Walk_Left; /Game/Presentation/Animation/Locomotion/Verina/FIX_Verina_MF_Unarmed_Walk_Fwd_Right; /Game/Presentation/Animation/Locomotion/Verina/FIX_Verina_MF_Unarmed_Walk_Fwd_Left; /Game/Presentation/Animation/Locomotion/Verina/FIX_Verina_MF_Unarmed_Walk_Fwd; /Game/Presentation/Animation/Locomotion/Verina/FIX_Verina_MF_Unarmed_Walk_Bwd_Right; /Game/Presentation/Animation/Locomotion/Verina/FIX_Verina_MF_Unarmed_Walk_Bwd_Left; /Game/Presentation/Animation/Locomotion/Verina/FIX_Verina_MF_Unarmed_Walk_Bwd; /Game/Presentation/Animation/Locomotion/Verina/FIX_Verina_MF_Unarmed_Jog_Right; /Game/Presentation/Animation/Locomotion/Verina/FIX_Verina_MF_Unarmed_Jog_Left; /Game/Presentation/Animation/Locomotion/Verina/FIX_Verina_MF_Unarmed_Jog_Fwd_Right; /Game/Presentation/Animation/Locomotion/Verina/FIX_Verina_MF_Unarmed_Jog_Fwd_Left; /Game/Presentation/Animation/Locomotion/Verina/FIX_Verina_MF_Unarmed_Jog_Fwd; /Game/Presentation/Animation/Locomotion/Verina/FIX_Verina_MF_Unarmed_Jog_Bwd_Right; /Game/Presentation/Animation/Locomotion/Verina/FIX_Verina_MF_Unarmed_Jog_Bwd_Left; /Game/Presentation/Animation/Locomotion/Verina/FIX_Verina_MF_Unarmed_Jog_Bwd; /Game/Presentation/Animation/Locomotion/Verina/FIX_Verina_BS_Idle_Walk_Run; /Game/Presentation/Animation/Locomotion/Verina/FIX_Verina_ABP_Unarmed; /Game/Presentation/Animation/Locomotion/Verina/FINAL_Verina_MM_Land; /Game/Presentation/Animation/Locomotion/Verina/FINAL_Verina_MM_Jump; /Game/Presentation/Animation/Locomotion/Verina/FINAL_Verina_MM_Idle; /Game/Presentation/Animation/Locomotion/Verina/FINAL_Verina_MM_Fall_Loop; /Game/Presentation/Animation/Locomotion/Verina/FINAL_Verina_MF_Unarmed_Walk_Right; /Game/Presentation/Animation/Locomotion/Verina/FINAL_Verina_MF_Unarmed_Walk_Left; /Game/Presentation/Animation/Locomotion/Verina/FINAL_Verina_MF_Unarmed_Walk_Fwd_Right; /Game/Presentation/Animation/Locomotion/Verina/FINAL_Verina_MF_Unarmed_Walk_Fwd_Left; /Game/Presentation/Animation/Locomotion/Verina/FINAL_Verina_MF_Unarmed_Walk_Fwd; /Game/Presentation/Animation/Locomotion/Verina/FINAL_Verina_MF_Unarmed_Walk_Bwd_Right; /Game/Presentation/Animation/Locomotion/Verina/FINAL_Verina_MF_Unarmed_Walk_Bwd_Left; /Game/Presentation/Animation/Locomotion/Verina/FINAL_Verina_MF_Unarmed_Walk_Bwd; /Game/Presentation/Animation/Locomotion/Verina/FINAL_Verina_MF_Unarmed_Jog_Right; /Game/Presentation/Animation/Locomotion/Verina/FINAL_Verina_MF_Unarmed_Jog_Left; /Game/Presentation/Animation/Locomotion/Verina/FINAL_Verina_MF_Unarmed_Jog_Fwd_Right; /Game/Presentation/Animation/Locomotion/Verina/FINAL_Verina_MF_Unarmed_Jog_Fwd_Left; /Game/Presentation/Animation/Locomotion/Verina/FINAL_Verina_MF_Unarmed_Jog_Fwd; /Game/Presentation/Animation/Locomotion/Verina/FINAL_Verina_MF_Unarmed_Jog_Bwd_Right; /Game/Presentation/Animation/Locomotion/Verina/FINAL_Verina_MF_Unarmed_Jog_Bwd_Left; /Game/Presentation/Animation/Locomotion/Verina/FINAL_Verina_MF_Unarmed_Jog_Bwd; /Game/Presentation/Animation/Locomotion/Verina/FINAL_Verina_BS_Idle_Walk_Run; /Game/Presentation/Animation/Locomotion/Verina/FINAL_Verina_ABP_Unarmed; /Game/Presentation/Animation/Combat/Verina_MM_HitReact_Front_Med_01; /Game/Presentation/Animation/Combat/Verina_MM_Death_Front_01; /Game/Presentation/Animation/Combat/Verina_MM_Attack_01; /Game/Presentation/Animation/Combat/LIVE_Verina_MM_HitReact_Front_Med_01; /Game/Presentation/Animation/Combat/LIVE_Verina_MM_Death_Front_01; /Game/Presentation/Animation/Combat/LIVE_Verina_MM_ChargedAttack; /Game/Presentation/Animation/Combat/LIVE_Verina_MM_Attack_01; /Game/Presentation/Animation/Combat/FULL_Verina_QuaterniusDeath_Anim; /Game/Presentation/Animation/Combat/CAST_Verina_QuaterniusHeal; /Game/Presentation/Animation/Combat/CAST_Verina_QuaterniusCast; /Game/Data/VerticalSlice/Characters/DA_Character_Verina; /Game/Assets/mmd/Character/Velina/VM_维琳娜6_VrmMeta; /Game/Assets/mmd/Character/Velina/VA_维琳娜6_VrmAssetList; /Game/Assets/mmd/Character/Velina/Meshes/POSE_retarget_维琳娜6; /Game/Assets/mmd/Character/Velina/Meshes/POSE_face_维琳娜6; /Game/Assets/mmd/Character/Velina/BP_Velina; /Game/Assets/mmd/Character/Velina/Animations/ABP_Velina_Unarmed; /Game/Assets/mmd/Character/Velina/Rigs/RTG_维琳娜6_Mannequin; /Game/Assets/mmd/Character/Velina/Rigs/IK_维琳娜6_MannequinBone; /Game/Assets/mmd/Character/Velina/Rigs/IK_UEFN_维琳娜6_Mannequin; /Game/Assets/mmd/Character/Velina/Animations/ABP_Post_维琳娜6; /Game/Assets/mmd/Character/Velina/Animations/A_face_维琳娜6; /Game/Assets/mmd/Character/Velina/Animations/MM_WallJump; /Game/Assets/mmd/Character/Velina/Animations/MM_Idle; /Game/Assets/mmd/Character/Velina/Animations/MM_Dash; /Game/Assets/mmd/Character/Velina/Animations/Jog/MF_Unarmed_Jog_Bwd; /Game/Assets/mmd/Character/Velina/Animations/Jog/MF_Unarmed_Jog_Bwd_Left; /Game/Assets/mmd/Character/Velina/Animations/Jog/MF_Unarmed_Jog_Bwd_Right; /Game/Assets/mmd/Character/Velina/Animations/Jog/MF_Unarmed_Jog_Fwd; /Game/Assets/mmd/Character/Velina/Animations/Jog/MF_Unarmed_Jog_Fwd_Left; /Game/Assets/mmd/Character/Velina/Animations/Jog/MF_Unarmed_Jog_Fwd_Right; /Game/Assets/mmd/Character/Velina/Animations/Jog/MF_Unarmed_Jog_Left; /Game/Assets/mmd/Character/Velina/Animations/Jog/MF_Unarmed_Jog_Right; /Game/Assets/mmd/Character/Velina/Animations/Walk/MF_Unarmed_Walk_Bwd; /Game/Assets/mmd/Character/Velina/Animations/Walk/MF_Unarmed_Walk_Bwd_Left; /Game/Assets/mmd/Character/Velina/Animations/Walk/MF_Unarmed_Walk_Bwd_Right; /Game/Assets/mmd/Character/Velina/Animations/Walk/MF_Unarmed_Walk_Fwd; /Game/Assets/mmd/Character/Velina/Animations/Walk/MF_Unarmed_Walk_Fwd_Left; /Game/Assets/mmd/Character/Velina/Animations/Walk/MF_Unarmed_Walk_Fwd_Right; /Game/Assets/mmd/Character/Velina/Animations/Walk/MF_Unarmed_Walk_Left; /Game/Assets/mmd/Character/Velina/Animations/Walk/MF_Unarmed_Walk_Right; /Game/Assets/mmd/Character/Velina/Animations/Attack/MM_ChargedAttack; /Game/Assets/mmd/Character/Velina/Animations/Attack/MM_Attack_03; /Game/Assets/mmd/Character/Velina/Animations/Attack/MM_Attack_02; /Game/Assets/mmd/Character/Velina/Animations/Attack/MM_Attack_01,ignored,external local archive + SHA-256 manifest required,保留,NO
仍被使用,Content/Assets/mmd,Content/Assets/mmd/Character/Velina/Meshes/SKEL_维琳娜6.uasset,191263,Skeleton,角色 / 动作 / 重定向,,dependency of /Game/Presentation/Animation/Combat/CAST_Verina_QuaterniusCast,/Game/Assets/mmd/Character/Velina/Meshes/SK_维琳娜6; /Game/Presentation/Animation/ABP_Playable_Verina; /Game/Assets/mmd/Character/Velina/Animations/MM_Idle1; /Game/Assets/mmd/Character/Velina/Animations/BS_Idle_Walk_Run; /Game/Assets/mmd/Character/Velina/Animations/Jump/MM_Fall_Loop; /Game/Assets/mmd/Character/Velina/Animations/Jump/MM_Jump; /Game/Assets/mmd/Character/Velina/Animations/Jump/MM_Land; /Game/Presentation/Animation/Locomotion/Verina/LIVE_Verina_MM_Land; /Game/Presentation/Animation/Locomotion/Verina/LIVE_Verina_MM_Jump; /Game/Presentation/Animation/Locomotion/Verina/LIVE_Verina_MM_Idle; /Game/Presentation/Animation/Locomotion/Verina/LIVE_Verina_MM_Fall_Loop; /Game/Presentation/Animation/Locomotion/Verina/LIVE_Verina_MF_Unarmed_Walk_Right; /Game/Presentation/Animation/Locomotion/Verina/LIVE_Verina_MF_Unarmed_Walk_Left; /Game/Presentation/Animation/Locomotion/Verina/LIVE_Verina_MF_Unarmed_Walk_Fwd_Right; /Game/Presentation/Animation/Locomotion/Verina/LIVE_Verina_MF_Unarmed_Walk_Fwd_Left; /Game/Presentation/Animation/Locomotion/Verina/LIVE_Verina_MF_Unarmed_Walk_Fwd; /Game/Presentation/Animation/Locomotion/Verina/LIVE_Verina_MF_Unarmed_Walk_Bwd_Right; /Game/Presentation/Animation/Locomotion/Verina/LIVE_Verina_MF_Unarmed_Walk_Bwd_Left; /Game/Presentation/Animation/Locomotion/Verina/LIVE_Verina_MF_Unarmed_Walk_Bwd; /Game/Presentation/Animation/Locomotion/Verina/LIVE_Verina_MF_Unarmed_Jog_Right; /Game/Presentation/Animation/Locomotion/Verina/LIVE_Verina_MF_Unarmed_Jog_Left; /Game/Presentation/Animation/Locomotion/Verina/LIVE_Verina_MF_Unarmed_Jog_Fwd_Right; /Game/Presentation/Animation/Locomotion/Verina/LIVE_Verina_MF_Unarmed_Jog_Fwd_Left; /Game/Presentation/Animation/Locomotion/Verina/LIVE_Verina_MF_Unarmed_Jog_Fwd; /Game/Presentation/Animation/Locomotion/Verina/LIVE_Verina_MF_Unarmed_Jog_Bwd_Right; /Game/Presentation/Animation/Locomotion/Verina/LIVE_Verina_MF_Unarmed_Jog_Bwd_Left; /Game/Presentation/Animation/Locomotion/Verina/LIVE_Verina_MF_Unarmed_Jog_Bwd; /Game/Presentation/Animation/Locomotion/Verina/LIVE_Verina_BS_Idle_Walk_Run; /Game/Presentation/Animation/Locomotion/Verina/LIVE_Verina_ABP_Unarmed; /Game/Presentation/Animation/Locomotion/Verina/FIX_Verina_MM_Land; /Game/Presentation/Animation/Locomotion/Verina/FIX_Verina_MM_Jump; /Game/Presentation/Animation/Locomotion/Verina/FIX_Verina_MM_Idle; /Game/Presentation/Animation/Locomotion/Verina/FIX_Verina_MM_Fall_Loop; /Game/Presentation/Animation/Locomotion/Verina/FIX_Verina_MF_Unarmed_Walk_Right; /Game/Presentation/Animation/Locomotion/Verina/FIX_Verina_MF_Unarmed_Walk_Left; /Game/Presentation/Animation/Locomotion/Verina/FIX_Verina_MF_Unarmed_Walk_Fwd_Right; /Game/Presentation/Animation/Locomotion/Verina/FIX_Verina_MF_Unarmed_Walk_Fwd_Left; /Game/Presentation/Animation/Locomotion/Verina/FIX_Verina_MF_Unarmed_Walk_Fwd; /Game/Presentation/Animation/Locomotion/Verina/FIX_Verina_MF_Unarmed_Walk_Bwd_Right; /Game/Presentation/Animation/Locomotion/Verina/FIX_Verina_MF_Unarmed_Walk_Bwd_Left; /Game/Presentation/Animation/Locomotion/Verina/FIX_Verina_MF_Unarmed_Walk_Bwd; /Game/Presentation/Animation/Locomotion/Verina/FIX_Verina_MF_Unarmed_Jog_Right; /Game/Presentation/Animation/Locomotion/Verina/FIX_Verina_MF_Unarmed_Jog_Left; /Game/Presentation/Animation/Locomotion/Verina/FIX_Verina_MF_Unarmed_Jog_Fwd_Right; /Game/Presentation/Animation/Locomotion/Verina/FIX_Verina_MF_Unarmed_Jog_Fwd_Left; /Game/Presentation/Animation/Locomotion/Verina/FIX_Verina_MF_Unarmed_Jog_Fwd; /Game/Presentation/Animation/Locomotion/Verina/FIX_Verina_MF_Unarmed_Jog_Bwd_Right; /Game/Presentation/Animation/Locomotion/Verina/FIX_Verina_MF_Unarmed_Jog_Bwd_Left; /Game/Presentation/Animation/Locomotion/Verina/FIX_Verina_MF_Unarmed_Jog_Bwd; /Game/Presentation/Animation/Locomotion/Verina/FIX_Verina_BS_Idle_Walk_Run; /Game/Presentation/Animation/Locomotion/Verina/FIX_Verina_ABP_Unarmed; /Game/Presentation/Animation/Locomotion/Verina/FINAL_Verina_MM_Land; /Game/Presentation/Animation/Locomotion/Verina/FINAL_Verina_MM_Jump; /Game/Presentation/Animation/Locomotion/Verina/FINAL_Verina_MM_Idle; /Game/Presentation/Animation/Locomotion/Verina/FINAL_Verina_MM_Fall_Loop; /Game/Presentation/Animation/Locomotion/Verina/FINAL_Verina_MF_Unarmed_Walk_Right; /Game/Presentation/Animation/Locomotion/Verina/FINAL_Verina_MF_Unarmed_Walk_Left; /Game/Presentation/Animation/Locomotion/Verina/FINAL_Verina_MF_Unarmed_Walk_Fwd_Right; /Game/Presentation/Animation/Locomotion/Verina/FINAL_Verina_MF_Unarmed_Walk_Fwd_Left; /Game/Presentation/Animation/Locomotion/Verina/FINAL_Verina_MF_Unarmed_Walk_Fwd; /Game/Presentation/Animation/Locomotion/Verina/FINAL_Verina_MF_Unarmed_Walk_Bwd_Right; /Game/Presentation/Animation/Locomotion/Verina/FINAL_Verina_MF_Unarmed_Walk_Bwd_Left; /Game/Presentation/Animation/Locomotion/Verina/FINAL_Verina_MF_Unarmed_Walk_Bwd; /Game/Presentation/Animation/Locomotion/Verina/FINAL_Verina_MF_Unarmed_Jog_Right; /Game/Presentation/Animation/Locomotion/Verina/FINAL_Verina_MF_Unarmed_Jog_Left; /Game/Presentation/Animation/Locomotion/Verina/FINAL_Verina_MF_Unarmed_Jog_Fwd_Right; /Game/Presentation/Animation/Locomotion/Verina/FINAL_Verina_MF_Unarmed_Jog_Fwd_Left; /Game/Presentation/Animation/Locomotion/Verina/FINAL_Verina_MF_Unarmed_Jog_Fwd; /Game/Presentation/Animation/Locomotion/Verina/FINAL_Verina_MF_Unarmed_Jog_Bwd_Right; /Game/Presentation/Animation/Locomotion/Verina/FINAL_Verina_MF_Unarmed_Jog_Bwd_Left; /Game/Presentation/Animation/Locomotion/Verina/FINAL_Verina_MF_Unarmed_Jog_Bwd; /Game/Presentation/Animation/Locomotion/Verina/FINAL_Verina_BS_Idle_Walk_Run; /Game/Presentation/Animation/Locomotion/Verina/FINAL_Verina_ABP_Unarmed; /Game/Presentation/Animation/Combat/Verina_MM_HitReact_Front_Med_01; /Game/Presentation/Animation/Combat/Verina_MM_Death_Front_01; /Game/Presentation/Animation/Combat/Verina_MM_Attack_01; /Game/Presentation/Animation/Combat/LIVE_Verina_MM_HitReact_Front_Med_01; /Game/Presentation/Animation/Combat/LIVE_Verina_MM_Death_Front_01; /Game/Presentation/Animation/Combat/LIVE_Verina_MM_ChargedAttack; /Game/Presentation/Animation/Combat/LIVE_Verina_MM_Attack_01; /Game/Presentation/Animation/Combat/FULL_Verina_QuaterniusDeath_Anim; /Game/Presentation/Animation/Combat/CAST_Verina_QuaterniusHeal; /Game/Presentation/Animation/Combat/CAST_Verina_QuaterniusCast; /Game/Assets/mmd/Character/Velina/Meshes/POSE_retarget_维琳娜6; /Game/Assets/mmd/Character/Velina/Meshes/POSE_face_维琳娜6; /Game/Assets/mmd/Character/Velina/Animations/ABP_Velina_Unarmed; /Game/Assets/mmd/Character/Velina/Animations/ABP_Post_维琳娜6; /Game/Assets/mmd/Character/Velina/Animations/A_face_维琳娜6; /Game/Assets/mmd/Character/Velina/Animations/MM_WallJump; /Game/Assets/mmd/Character/Velina/Animations/MM_Idle; /Game/Assets/mmd/Character/Velina/Animations/MM_Dash; /Game/Assets/mmd/Character/Velina/Animations/Jog/MF_Unarmed_Jog_Bwd; /Game/Assets/mmd/Character/Velina/Animations/Jog/MF_Unarmed_Jog_Bwd_Left; /Game/Assets/mmd/Character/Velina/Animations/Jog/MF_Unarmed_Jog_Bwd_Right; /Game/Assets/mmd/Character/Velina/Animations/Jog/MF_Unarmed_Jog_Fwd; /Game/Assets/mmd/Character/Velina/Animations/Jog/MF_Unarmed_Jog_Fwd_Left; /Game/Assets/mmd/Character/Velina/Animations/Jog/MF_Unarmed_Jog_Fwd_Right; /Game/Assets/mmd/Character/Velina/Animations/Jog/MF_Unarmed_Jog_Left; /Game/Assets/mmd/Character/Velina/Animations/Jog/MF_Unarmed_Jog_Right; /Game/Assets/mmd/Character/Velina/Animations/Walk/MF_Unarmed_Walk_Bwd; /Game/Assets/mmd/Character/Velina/Animations/Walk/MF_Unarmed_Walk_Bwd_Left; /Game/Assets/mmd/Character/Velina/Animations/Walk/MF_Unarmed_Walk_Bwd_Right; /Game/Assets/mmd/Character/Velina/Animations/Walk/MF_Unarmed_Walk_Fwd; /Game/Assets/mmd/Character/Velina/Animations/Walk/MF_Unarmed_Walk_Fwd_Left; /Game/Assets/mmd/Character/Velina/Animations/Walk/MF_Unarmed_Walk_Fwd_Right; /Game/Assets/mmd/Character/Velina/Animations/Walk/MF_Unarmed_Walk_Left; /Game/Assets/mmd/Character/Velina/Animations/Walk/MF_Unarmed_Walk_Right; /Game/Assets/mmd/Character/Velina/Animations/Attack/MM_ChargedAttack; /Game/Assets/mmd/Character/Velina/Animations/Attack/MM_Attack_03; /Game/Assets/mmd/Character/Velina/Animations/Attack/MM_Attack_02; /Game/Assets/mmd/Character/Velina/Animations/Attack/MM_Attack_01,ignored,external local archive + SHA-256 manifest required,保留,NO
待核实,Content/Assets/mmd,Content/Assets/mmd/Character/Velina/Rigs/IK_UEFN_维琳娜6_Mannequin.uasset,604443,IKRigDefinition,角色 / 动作 / 重定向,,test / authoring dependency: Tools/Presentation/retarget_party.py (dynamic folder); Tools/Presentation/retarget_party.py (dynamic folder),,ignored,external local archive + SHA-256 manifest required,中,NO
待核实,Content/Assets/mmd,Content/Assets/mmd/Character/Velina/Rigs/IK_维琳娜6_Mannequin.uasset,604393,IKRigDefinition,角色 / 动作 / 重定向,,test / authoring dependency: Tools/Presentation/retarget_party.py (dynamic folder); Tools/Presentation/retarget_party.py (dynamic folder),/Game/Presentation/Animation/RTG_CompleteDefeat_Verina; /Game/Presentation/Animation/RTG_Combat_Verina; /Game/Assets/mmd/Character/Velina/Rigs/RTG_维琳娜6_Mannequin,ignored,external local archive + SHA-256 manifest required,中,NO
待核实,Content/Assets/mmd,Content/Assets/mmd/Character/Velina/Rigs/IK_维琳娜6_MannequinBone.uasset,601419,IKRigDefinition,角色 / 动作 / 重定向,,test / authoring dependency: Tools/Presentation/retarget_party.py (dynamic folder); Tools/Presentation/retarget_party.py (dynamic folder),,ignored,external local archive + SHA-256 manifest required,中,NO
待核实,Content/Assets/mmd,Content/Assets/mmd/Character/Velina/Rigs/IK_维琳娜6_VrmHumanoid.uasset,601695,IKRigDefinition,角色 / 动作 / 重定向,,test / authoring dependency: Tools/Presentation/retarget_party.py; Tools/Presentation/retarget_party.py (dynamic folder); Tools/Presentation/retarget_party.py (dynamic folder),/Game/Presentation/Animation/RTG_Remiel; /Game/Presentation/Animation/RTG_Playable_Huohua; /Game/Presentation/Animation/RTG_EvernightMoon,ignored,external local archive + SHA-256 manifest required,中,NO
待核实,Content/Assets/mmd,Content/Assets/mmd/Character/Velina/Rigs/RTG_维琳娜6_Mannequin.uasset,39553,IKRetargeter,角色 / 动作 / 重定向,,test / authoring dependency: Tools/Presentation/retarget_party.py (dynamic folder); Tools/Presentation/retarget_party.py (dynamic folder),,ignored,external local archive + SHA-256 manifest required,中,NO
仍被使用,Content/Assets/mmd,Content/Assets/mmd/Character/Velina/SP_维琳娜6.uasset,1195,SubsurfaceProfile,蓝图 / 数据 / 其他资源,,dependency of /Game/Assets/mmd/Character/Velina/Materials/MI_裙饰1,/Game/Assets/mmd/Character/Velina/VA_维琳娜6_VrmAssetList; /Game/Assets/mmd/Character/Velina/Materials/MI_齿; /Game/Assets/mmd/Character/Velina/Materials/MI_首; /Game/Assets/mmd/Character/Velina/Materials/MI_鞋子; /Game/Assets/mmd/Character/Velina/Materials/MI_身体; /Game/Assets/mmd/Character/Velina/Materials/MI_裙饰2; /Game/Assets/mmd/Character/Velina/Materials/MI_上衣; /Game/Assets/mmd/Character/Velina/Materials/MI_下体贴身衣物; /Game/Assets/mmd/Character/Velina/Materials/MI_下裙; /Game/Assets/mmd/Character/Velina/Materials/MI_二重; /Game/Assets/mmd/Character/Velina/Materials/MI_前发; /Game/Assets/mmd/Character/Velina/Materials/MI_发+; /Game/Assets/mmd/Character/Velina/Materials/MI_口舌; /Game/Assets/mmd/Character/Velina/Materials/MI_后发; /Game/Assets/mmd/Character/Velina/Materials/MI_后发带中; /Game/Assets/mmd/Character/Velina/Materials/MI_后发带内; /Game/Assets/mmd/Character/Velina/Materials/MI_后发带外; /Game/Assets/mmd/Character/Velina/Materials/MI_后发辫子; /Game/Assets/mmd/Character/Velina/Materials/MI_头饰; /Game/Assets/mmd/Character/Velina/Materials/MI_手套; /Game/Assets/mmd/Character/Velina/Materials/MI_手套皮肤; /Game/Assets/mmd/Character/Velina/Materials/MI_目光彩; /Game/Assets/mmd/Character/Velina/Materials/MI_目光白; /Game/Assets/mmd/Character/Velina/Materials/MI_眉毛; /Game/Assets/mmd/Character/Velina/Materials/MI_眼影; /Game/Assets/mmd/Character/Velina/Materials/MI_眼白; /Game/Assets/mmd/Character/Velina/Materials/MI_眼瞳; /Game/Assets/mmd/Character/Velina/Materials/MI_睫毛; /Game/Assets/mmd/Character/Velina/Materials/MI_耳饰; /Game/Assets/mmd/Character/Velina/Materials/MI_胸衣; /Game/Assets/mmd/Character/Velina/Materials/MI_脸; /Game/Assets/mmd/Character/Velina/Materials/MI_腿网; /Game/Assets/mmd/Character/Velina/Materials/MI_腿部皮肤; /Game/Assets/mmd/Character/Velina/Materials/MI_裙带; /Game/Assets/mmd/Character/Velina/Materials/MI_裙饰1,ignored,external local archive + SHA-256 manifest required,保留,NO
仍被使用,Content/Assets/mmd,Content/Assets/mmd/Character/Velina/Textures/T_体1.uasset,2455408,Texture2D,材质 / 纹理,,dependency of /Game/Assets/mmd/Character/Velina/Materials/MI_胸衣,/Game/Assets/mmd/Character/Velina/VA_维琳娜6_VrmAssetList; /Game/Assets/mmd/Character/Velina/Materials/MI_首_outline; /Game/Assets/mmd/Character/Velina/Materials/MI_首; /Game/Assets/mmd/Character/Velina/Materials/MI_身体_outline; /Game/Assets/mmd/Character/Velina/Materials/MI_身体; /Game/Assets/mmd/Character/Velina/Materials/MI_上衣; /Game/Assets/mmd/Character/Velina/Materials/MI_上衣_outline; /Game/Assets/mmd/Character/Velina/Materials/MI_手套; /Game/Assets/mmd/Character/Velina/Materials/MI_手套_outline; /Game/Assets/mmd/Character/Velina/Materials/MI_胸衣; /Game/Assets/mmd/Character/Velina/Materials/MI_胸衣_outline,ignored,external local archive + SHA-256 manifest required,保留,NO
仍被使用,Content/Assets/mmd,Content/Assets/mmd/Character/Velina/Textures/T_体2.uasset,2670164,Texture2D,材质 / 纹理,,dependency of /Game/Assets/mmd/Character/Velina/Materials/MI_裙饰1,/Game/Assets/mmd/Character/Velina/VA_维琳娜6_VrmAssetList; /Game/Assets/mmd/Character/Velina/Materials/MI_鞋子_outline; /Game/Assets/mmd/Character/Velina/Materials/MI_鞋子; /Game/Assets/mmd/Character/Velina/Materials/MI_裙饰2_outline; /Game/Assets/mmd/Character/Velina/Materials/MI_裙饰2; /Game/Assets/mmd/Character/Velina/Materials/MI_下体贴身衣物; /Game/Assets/mmd/Character/Velina/Materials/MI_下体贴身衣物_outline; /Game/Assets/mmd/Character/Velina/Materials/MI_下裙; /Game/Assets/mmd/Character/Velina/Materials/MI_下裙_outline; /Game/Assets/mmd/Character/Velina/Materials/MI_腿网; /Game/Assets/mmd/Character/Velina/Materials/MI_腿网_outline; /Game/Assets/mmd/Character/Velina/Materials/MI_裙带; /Game/Assets/mmd/Character/Velina/Materials/MI_裙带_outline; /Game/Assets/mmd/Character/Velina/Materials/MI_裙饰1; /Game/Assets/mmd/Character/Velina/Materials/MI_裙饰1_outline,ignored,external local archive + SHA-256 manifest required,保留,NO
仍被使用,Content/Assets/mmd,Content/Assets/mmd/Character/Velina/Textures/T_发+.uasset,52775,Texture2D,材质 / 纹理,,dependency of /Game/Assets/mmd/Character/Velina/Materials/MI_发+,/Game/Assets/mmd/Character/Velina/VA_维琳娜6_VrmAssetList; /Game/Assets/mmd/Character/Velina/Materials/MI_发+; /Game/Assets/mmd/Character/Velina/Materials/MI_发+_outline,ignored,external local archive + SHA-256 manifest required,保留,NO
仍被使用,Content/Assets/mmd,Content/Assets/mmd/Character/Velina/Textures/T_发.uasset,1927391,Texture2D,材质 / 纹理,,dependency of /Game/Assets/mmd/Character/Velina/Materials/MI_耳饰,/Game/Assets/mmd/Character/Velina/VA_维琳娜6_VrmAssetList; /Game/Assets/mmd/Character/Velina/Materials/MI_前发; /Game/Assets/mmd/Character/Velina/Materials/MI_前发_outline; /Game/Assets/mmd/Character/Velina/Materials/MI_后发; /Game/Assets/mmd/Character/Velina/Materials/MI_后发_outline; /Game/Assets/mmd/Character/Velina/Materials/MI_后发带中; /Game/Assets/mmd/Character/Velina/Materials/MI_后发带中_outline; /Game/Assets/mmd/Character/Velina/Materials/MI_后发带内; /Game/Assets/mmd/Character/Velina/Materials/MI_后发带内_outline; /Game/Assets/mmd/Character/Velina/Materials/MI_后发带外; /Game/Assets/mmd/Character/Velina/Materials/MI_后发带外_outline; /Game/Assets/mmd/Character/Velina/Materials/MI_后发辫子; /Game/Assets/mmd/Character/Velina/Materials/MI_后发辫子_outline; /Game/Assets/mmd/Character/Velina/Materials/MI_头饰; /Game/Assets/mmd/Character/Velina/Materials/MI_头饰_outline; /Game/Assets/mmd/Character/Velina/Materials/MI_耳饰; /Game/Assets/mmd/Character/Velina/Materials/MI_耳饰_outline,ignored,external local archive + SHA-256 manifest required,保留,NO
仍被使用,Content/Assets/mmd,Content/Assets/mmd/Character/Velina/Textures/T_皮肤1.uasset,2412808,Texture2D,材质 / 纹理,,dependency of /Game/Assets/mmd/Character/Velina/Materials/MI_手套皮肤,/Game/Assets/mmd/Character/Velina/VA_维琳娜6_VrmAssetList; /Game/Assets/mmd/Character/Velina/Materials/MI_手套皮肤; /Game/Assets/mmd/Character/Velina/Materials/MI_手套皮肤_outline,ignored,external local archive + SHA-256 manifest required,保留,NO
仍被使用,Content/Assets/mmd,Content/Assets/mmd/Character/Velina/Textures/T_皮肤2.uasset,445828,Texture2D,材质 / 纹理,,dependency of /Game/Assets/mmd/Character/Velina/Materials/MI_腿部皮肤,/Game/Assets/mmd/Character/Velina/VA_维琳娜6_VrmAssetList; /Game/Assets/mmd/Character/Velina/Materials/MI_腿部皮肤; /Game/Assets/mmd/Character/Velina/Materials/MI_腿部皮肤_outline,ignored,external local archive + SHA-256 manifest required,保留,NO
仍被使用,Content/Assets/mmd,Content/Assets/mmd/Character/Velina/Textures/T_脸.uasset,2240178,Texture2D,材质 / 纹理,,dependency of /Game/Assets/mmd/Character/Velina/Materials/MI_脸,/Game/Assets/mmd/Character/Velina/VA_维琳娜6_VrmAssetList; /Game/Assets/mmd/Character/Velina/Materials/MI_齿_outline; /Game/Assets/mmd/Character/Velina/Materials/MI_齿; /Game/Assets/mmd/Character/Velina/Materials/MI_二重; /Game/Assets/mmd/Character/Velina/Materials/MI_二重_outline; /Game/Assets/mmd/Character/Velina/Materials/MI_口舌; /Game/Assets/mmd/Character/Velina/Materials/MI_口舌_outline; /Game/Assets/mmd/Character/Velina/Materials/MI_目光彩; /Game/Assets/mmd/Character/Velina/Materials/MI_目光彩_outline; /Game/Assets/mmd/Character/Velina/Materials/MI_目光白; /Game/Assets/mmd/Character/Velina/Materials/MI_目光白_outline; /Game/Assets/mmd/Character/Velina/Materials/MI_眉毛; /Game/Assets/mmd/Character/Velina/Materials/MI_眉毛_outline; /Game/Assets/mmd/Character/Velina/Materials/MI_眼影; /Game/Assets/mmd/Character/Velina/Materials/MI_眼影_outline; /Game/Assets/mmd/Character/Velina/Materials/MI_眼白; /Game/Assets/mmd/Character/Velina/Materials/MI_眼白_outline; /Game/Assets/mmd/Character/Velina/Materials/MI_眼瞳; /Game/Assets/mmd/Character/Velina/Materials/MI_眼瞳_outline; /Game/Assets/mmd/Character/Velina/Materials/MI_睫毛; /Game/Assets/mmd/Character/Velina/Materials/MI_睫毛_outline; /Game/Assets/mmd/Character/Velina/Materials/MI_脸; /Game/Assets/mmd/Character/Velina/Materials/MI_脸_outline,ignored,external local archive + SHA-256 manifest required,保留,NO
仍被使用,Content/Assets/mmd,Content/Assets/mmd/Character/Velina/VA_维琳娜6_VrmAssetList.uasset,37020,VrmAssetListObject,蓝图 / 数据 / 其他资源,,dependency of /Game/Assets/mmd/Character/Velina/Meshes/SK_维琳娜6,/Game/Assets/mmd/Character/Velina/Meshes/SK_维琳娜6; /Game/Assets/mmd/Character/Velina/VM_维琳娜6_VrmMeta,ignored,external local archive + SHA-256 manifest required,保留,NO
仍被使用,Content/Assets/mmd,Content/Assets/mmd/Character/Velina/VL_维琳娜6_VrmLicense.uasset,4996,VrmLicenseObject,蓝图 / 数据 / 其他资源,,dependency of /Game/Assets/mmd/Character/Velina/VA_维琳娜6_VrmAssetList,/Game/Assets/mmd/Character/Velina/VA_维琳娜6_VrmAssetList,ignored,external local archive + SHA-256 manifest required,保留,NO
仍被使用,Content/Assets/mmd,Content/Assets/mmd/Character/Velina/VM_维琳娜6_VrmMeta.uasset,9547,VrmMetaObject,蓝图 / 数据 / 其他资源,,dependency of /Game/Assets/mmd/Character/Velina/VA_维琳娜6_VrmAssetList,/Game/Assets/mmd/Character/Velina/VA_维琳娜6_VrmAssetList,ignored,external local archive + SHA-256 manifest required,保留,NO
待核实,Content/Blueprints/Character,Content/Blueprints/Character/Enemy/BP_HSREnemy_Phase4Test.uasset,33637,Blueprint,蓝图 / 数据 / 其他资源,,test / authoring dependency: dependency of /Game/Maps/Map_Exploration_P15_A,/Game/Maps/Map_Exploration_P15_B; /Game/Maps/Map_Exploration_P15_A,tracked,verified pushed commit + local archive,中,NO
仍被使用,Content/Blueprints/Character,Content/Blueprints/Character/Player/BP_HSRExplorationCharacter.uasset,36602,Blueprint,蓝图 / 数据 / 其他资源,,dependency of /Game/Data/VerticalSlice/Characters/DA_Character_EvernightMoon,/Game/UI/WBP_AttributeDebug; /Game/Blueprints/Framework/BP_HSRGameMode; /Game/Presentation/Blueprints/BP_ObservationCarGameMode; /Game/Presentation/Blueprints/BP_NewEriduSixthStreetMetroGameMode; /Game/Data/VerticalSlice/Characters/DA_Character_Verina; /Game/Data/VerticalSlice/Characters/DA_Character_Remiel; /Game/Data/VerticalSlice/Characters/DA_Character_Huohua; /Game/Data/VerticalSlice/Characters/DA_Character_EvernightMoon; /Game/Data/Characters/DA_Character_P11_B; /Game/Data/Characters/DA_Character_P11_A,tracked,verified pushed commit + local archive,保留,NO
待核实,Content/Blueprints/Exploration,Content/Blueprints/Exploration/BP_HSRNeutralEncounterTest.uasset,31588,Blueprint,蓝图 / 数据 / 其他资源,,test / authoring dependency: dependency of /Game/Maps/Map_Exploration_P15_B,/Game/Maps/Map_Exploration_P15_B,tracked,verified pushed commit + local archive,中,NO
待核实,Content/Blueprints/Exploration,Content/Blueprints/Exploration/BP_RewardChest_P13.uasset,30036,Blueprint,蓝图 / 数据 / 其他资源,,test / authoring dependency: dependency of /Game/Maps/Map_Exploration_P15_A,/Game/Maps/Map_Exploration_P15_B; /Game/Maps/Map_Exploration_P15_A,tracked,verified pushed commit + local archive,中,NO
待核实,Content/Blueprints/Framework,Content/Blueprints/Framework/BP_HSRBattleGameMode.uasset,25932,Blueprint,蓝图 / 数据 / 其他资源,,test / authoring dependency: Source/HSR/Tests/HSRBattleCasualtyTurnTests.cpp; Source/HSR/Tests/HSRCombatPatchTests.cpp; Source/HSR/Tests/HSRCombatPatchTests.cpp; Source/HSR/Tests/HSRCombatPatchTests.cpp,/Game/Maps/Map_Battle,tracked,verified pushed commit + local archive,中,NO
待核实,Content/Blueprints/Framework,Content/Blueprints/Framework/BP_HSRGameMode.uasset,22281,Blueprint,蓝图 / 数据 / 其他资源,,test / authoring dependency: Tools/Presentation/author_content.py,/Game/Scrapopolis/Levels/Level_Scrapopolis_Demo; /Game/Maps/Map_Exploration_P15_B; /Game/Maps/Map_Exploration_P15_A; /Game/Maps/Map_BattleTest,tracked,verified pushed commit + local archive,中,NO
仍被使用,Content/Blueprints/Input,Content/Blueprints/Input/BP_HSRPlayerController.uasset,50754,Blueprint,蓝图 / 数据 / 其他资源,,dependency of /Game/Presentation/Blueprints/BP_NewEriduSixthStreetMetroGameMode,/Game/Blueprints/Framework/BP_HSRGameMode; /Game/Presentation/Blueprints/BP_ObservationCarGameMode; /Game/Presentation/Blueprints/BP_NewEriduSixthStreetMetroGameMode,tracked,verified pushed commit + local archive,保留,NO
仍被使用,Content/Blueprints/UI,Content/Blueprints/UI/BP_HSRHUD.uasset,27087,Blueprint,蓝图 / 数据 / 其他资源,,dependency of /Game/Presentation/Blueprints/BP_NewEriduSixthStreetMetroGameMode,/Game/Blueprints/Framework/BP_HSRGameMode; /Game/Presentation/Blueprints/BP_ObservationCarGameMode; /Game/Presentation/Blueprints/BP_NewEriduSixthStreetMetroGameMode,tracked,verified pushed commit + local archive,保留,NO
待核实,Content/Characters/Mannequins,Content/Characters/Mannequins/Meshes/SKM_Manny_Simple.uasset,15828717,SkeletalMesh,角色 / 动作 / 重定向,,test / authoring dependency: dependency of /Game/Maps/Map_Exploration_P15_A,/Game/Maps/Map_Exploration_P15_B; /Game/Maps/Map_Exploration_P15_A,ignored,external local archive + SHA-256 manifest required,中,NO
仍被使用,Content/Characters/Player,Content/Characters/Player/Anim/ABP_HSRExploration.uasset,204033,AnimBlueprint,角色 / 动作 / 重定向,,dependency of /Game/Blueprints/Character/Player/BP_HSRExplorationCharacter,/Game/Blueprints/Character/Player/BP_HSRExplorationCharacter; /Game/Assets/mmd/Character/Sparxie/BP_Sparxie,tracked,verified pushed commit + local archive,保留,NO
仍被使用,Content/Characters/Player,Content/Characters/Player/Anim/Breathing_Idle.uasset,1648700,AnimSequence,角色 / 动作 / 重定向,,dependency of /Game/Characters/Player/Anim/ABP_HSRExploration,/Game/Characters/Player/Anim/ABP_HSRExploration,tracked,verified pushed commit + local archive,保留,NO
仍被使用,Content/Characters/Player,Content/Characters/Player/Anim/Jogging.uasset,585726,AnimSequence,角色 / 动作 / 重定向,,dependency of /Game/Characters/Player/Anim/ABP_HSRExploration,/Game/Characters/Player/Anim/ABP_HSRExploration,tracked,verified pushed commit + local archive,保留,NO
仍被使用,Content/Characters/Player,Content/Characters/Player/Anim/Jump_Up.uasset,241370,AnimSequence,角色 / 动作 / 重定向,,dependency of /Game/Characters/Player/Anim/ABP_HSRExploration,/Game/Characters/Player/Anim/ABP_HSRExploration,tracked,verified pushed commit + local archive,保留,NO
仍被使用,Content/Characters/Player,Content/Characters/Player/Material/kachujin_MAT.uasset,74104,Material,材质 / 纹理,,dependency of /Game/Characters/Player/SKM_Kachujin_G_Rosales,/Game/Characters/Player/SKM_Kachujin_G_Rosales,tracked,verified pushed commit + local archive,保留,NO
仍被使用,Content/Characters/Player,Content/Characters/Player/Material/kachujin_MAT_.uasset,77690,Material,材质 / 纹理,,dependency of /Game/Characters/Player/SKM_Kachujin_G_Rosales,/Game/Characters/Player/SKM_Kachujin_G_Rosales,tracked,verified pushed commit + local archive,保留,NO
仍被使用,Content/Characters/Player,Content/Characters/Player/PA_Kachujin_G_Rosales_PhysicsAsset.uasset,35306,PhysicsAsset,蓝图 / 数据 / 其他资源,,dependency of /Game/Characters/Player/SKM_Kachujin_G_Rosales,/Game/Characters/Player/SKM_Kachujin_G_Rosales,tracked,verified pushed commit + local archive,保留,NO
仍被使用,Content/Characters/Player,Content/Characters/Player/SK_Kachujin_G_Rosales_Skeleton.uasset,27596,Skeleton,角色 / 动作 / 重定向,,dependency of /Game/Characters/Player/Anim/ABP_HSRExploration,/Game/Characters/Player/SKM_Kachujin_G_Rosales; /Game/Characters/Player/Anim/Jump_Up; /Game/Characters/Player/Anim/Jogging; /Game/Characters/Player/Anim/Breathing_Idle; /Game/Characters/Player/Anim/ABP_HSRExploration,tracked,verified pushed commit + local archive,保留,NO
仍被使用,Content/Characters/Player,Content/Characters/Player/SKM_Kachujin_G_Rosales.uasset,1949583,SkeletalMesh,角色 / 动作 / 重定向,,dependency of /Game/Blueprints/Character/Player/BP_HSRExplorationCharacter,/Game/Blueprints/Character/Player/BP_HSRExplorationCharacter; /Game/Characters/Player/SK_Kachujin_G_Rosales_Skeleton; /Game/Characters/Player/PA_Kachujin_G_Rosales_PhysicsAsset; /Game/Assets/mmd/Character/Sparxie/BP_Sparxie,tracked,verified pushed commit + local archive,保留,NO
仍被使用,Content/Characters/Player,Content/Characters/Player/Texture/Kachujin_diffuse.uasset,6305936,Texture2D,材质 / 纹理,,dependency of /Game/Characters/Player/Material/kachujin_MAT_,/Game/Characters/Player/Material/kachujin_MAT_,tracked,verified pushed commit + local archive,保留,NO
仍被使用,Content/Characters/Player,Content/Characters/Player/Texture/Kachujin_diffuse_body.uasset,5888242,Texture2D,材质 / 纹理,,dependency of /Game/Characters/Player/Material/kachujin_MAT,/Game/Characters/Player/Material/kachujin_MAT,tracked,verified pushed commit + local archive,保留,NO
仍被使用,Content/Characters/Player,Content/Characters/Player/Texture/Kachujin_normal.uasset,5603349,Texture2D,材质 / 纹理,,dependency of /Game/Characters/Player/Material/kachujin_MAT_,/Game/Characters/Player/Material/kachujin_MAT; /Game/Characters/Player/Material/kachujin_MAT_,tracked,verified pushed commit + local archive,保留,NO
仍被使用,Content/Characters/Player,Content/Characters/Player/Texture/Kachujin_specular.uasset,1956201,Texture2D,材质 / 纹理,,dependency of /Game/Characters/Player/Material/kachujin_MAT_,/Game/Characters/Player/Material/kachujin_MAT; /Game/Characters/Player/Material/kachujin_MAT_,tracked,verified pushed commit + local archive,保留,NO
待核实,Content/Data/Characters,Content/Data/Characters/DA_Character_P11_A.uasset,7016,Blueprint,蓝图 / 数据 / 其他资源,,test / authoring dependency: dependency of /Game/Data/Progression/DA_CharacterCatalog_P11,/Game/Data/Progression/DA_CharacterCatalog_P11,tracked,verified pushed commit + local archive,中,NO
待核实,Content/Data/Characters,Content/Data/Characters/DA_Character_P11_B.uasset,6967,Blueprint,蓝图 / 数据 / 其他资源,,test / authoring dependency: dependency of /Game/Data/Progression/DA_CharacterCatalog_P11,/Game/Data/Progression/DA_CharacterCatalog_P11,tracked,verified pushed commit + local archive,中,NO
仍被使用,Content/Data/Damage,Content/Data/Damage/DA_DamageRule_Default.uasset,1200,HSRDamageRuleDefinition,蓝图 / 数据 / 其他资源,,dependency of /Game/Presentation/Blueprints/BP_HertaSupportSectionGameMode,/Game/Presentation/Blueprints/BP_HertaSupportSectionGameMode; /Game/Data/Status/DA_Status_DamageOverTime_P9_003; /Game/Data/Skills/DA_Ultimate_Single_Test; /Game/Data/Skills/DA_Skill_Single_Test; /Game/Data/Skills/DA_BasicAttack_Single_Test; /Game/Blueprints/Framework/BP_HSRBattleGameMode; /Game/Data/VerticalSlice/Skills/DA_Skill_Verina_Basic; /Game/Data/VerticalSlice/Skills/DA_Skill_Remiel_SkyJudgment; /Game/Data/VerticalSlice/Skills/DA_Skill_Remiel_Riftlight; /Game/Data/VerticalSlice/Skills/DA_Skill_Remiel_Basic; /Game/Data/VerticalSlice/Skills/DA_Skill_Huohua_GrandOpening; /Game/Data/VerticalSlice/Skills/DA_Skill_Huohua_BloomingStage; /Game/Data/VerticalSlice/Skills/DA_Skill_Huohua_Basic; /Game/Data/VerticalSlice/Skills/DA_Skill_EvernightMoon_Nightfall; /Game/Data/VerticalSlice/Skills/DA_Skill_EvernightMoon_FullMoon; /Game/Data/VerticalSlice/Skills/DA_Skill_EvernightMoon_Basic,tracked,verified pushed commit + local archive,保留,NO
待核实,Content/Data/Dialogue,Content/Data/Dialogue/DA_Dialogue_P17_Demo.uasset,5322,HSRDialogueDefinition,蓝图 / 数据 / 其他资源,,test / authoring dependency: dependency of /Game/Maps/Map_Exploration_P15_A,/Game/Maps/Map_Exploration_P15_A,tracked,verified pushed commit + local archive,中,NO
仍被使用,Content/Data/Drops,Content/Data/Drops/DA_Drop_P13_Standard.uasset,2896,HSRDropTableDefinition,蓝图 / 数据 / 其他资源,,Source/HSR/Reward/HSRRewardSubsystem.cpp,/Game/Blueprints/Exploration/BP_RewardChest_P13; /Game/Maps/Map_Exploration_P15_A; /Game/Data/Encounters/DA_Encounter_Phase5Test,tracked,verified pushed commit + local archive,保留,NO
待核实,Content/Data/Encounters,Content/Data/Encounters/DA_Encounter_Phase5Test.uasset,3035,HSREncounterDefinition,蓝图 / 数据 / 其他资源,,test / authoring dependency: dependency of /Game/Data/Enemies/DA_Enemy_Phase5Test1,/Game/Blueprints/Exploration/BP_HSRNeutralEncounterTest; /Game/Data/Enemies/DA_Enemy_Phase5Test1,tracked,verified pushed commit + local archive,中,NO
待核实,Content/Data/Enemies,Content/Data/Enemies/DA_Enemy_Phase5Test1.uasset,2165,HSREnemyDefinition,蓝图 / 数据 / 其他资源,,test / authoring dependency: dependency of /Game/Blueprints/Character/Enemy/BP_HSREnemy_Phase4Test,/Game/Blueprints/Character/Enemy/BP_HSREnemy_Phase4Test,tracked,verified pushed commit + local archive,中,NO
仍被使用,Content/Data/Items,Content/Data/Items/DA_Item_ArchiveToken_P13.uasset,2001,HSRItemDefinition,蓝图 / 数据 / 其他资源,,Source/HSR/Reward/HSRRewardSubsystem.cpp,/Game/Blueprints/Exploration/BP_RewardChest_P13; /Game/Maps/Map_Exploration_P15_A; /Game/Data/Encounters/DA_Encounter_Phase5Test,tracked,verified pushed commit + local archive,保留,NO
仍被使用,Content/Data/Items,Content/Data/Items/DA_Item_LumenShard_P13.uasset,1720,HSRItemDefinition,蓝图 / 数据 / 其他资源,,Source/HSR/Reward/HSRRewardSubsystem.cpp,/Game/Blueprints/Exploration/BP_RewardChest_P13; /Game/Maps/Map_Exploration_P15_A; /Game/Data/Encounters/DA_Encounter_Phase5Test,tracked,verified pushed commit + local archive,保留,NO
仍被使用,Content/Data/Items,Content/Data/Items/DA_ItemEquipmentMappingCatalog_P17.uasset,4563,HSRItemEquipmentMappingCatalog,蓝图 / 数据 / 其他资源,,Source/HSR/Save/HSRSaveSubsystem.cpp,,tracked,verified pushed commit + local archive,保留,NO
仍被使用,Content/Data/Items,Content/Data/Items/Relic/DA_Item_Relic_Body.uasset,1726,HSRItemDefinition,蓝图 / 数据 / 其他资源,,Source/HSR/Reward/HSRRewardSubsystem.cpp,/Game/Maps/Map_Exploration_P15_A,tracked,verified pushed commit + local archive,保留,NO
仍被使用,Content/Data/Items,Content/Data/Items/Relic/DA_Item_Relic_Feet.uasset,1726,HSRItemDefinition,蓝图 / 数据 / 其他资源,,Source/HSR/Reward/HSRRewardSubsystem.cpp,/Game/Maps/Map_Exploration_P15_A,tracked,verified pushed commit + local archive,保留,NO
仍被使用,Content/Data/Items,Content/Data/Items/Relic/DA_Item_Relic_Hands.uasset,1734,HSRItemDefinition,蓝图 / 数据 / 其他资源,,Source/HSR/Reward/HSRRewardSubsystem.cpp,/Game/Maps/Map_Exploration_P15_A,tracked,verified pushed commit + local archive,保留,NO
仍被使用,Content/Data/Items,Content/Data/Items/Relic/DA_Item_Relic_Head.uasset,1726,HSRItemDefinition,蓝图 / 数据 / 其他资源,,Source/HSR/Reward/HSRRewardSubsystem.cpp,/Game/Maps/Map_Exploration_P15_A,tracked,verified pushed commit + local archive,保留,NO
仍被使用,Content/Data/Items,Content/Data/Items/Relic/DA_Item_Relic_LinkRope.uasset,1753,HSRItemDefinition,蓝图 / 数据 / 其他资源,,Source/HSR/Reward/HSRRewardSubsystem.cpp,/Game/Maps/Map_Exploration_P15_A,tracked,verified pushed commit + local archive,保留,NO
仍被使用,Content/Data/Items,Content/Data/Items/Relic/DA_Item_Relic_PlanarSphere.uasset,1785,HSRItemDefinition,蓝图 / 数据 / 其他资源,,Source/HSR/Reward/HSRRewardSubsystem.cpp,/Game/Maps/Map_Exploration_P15_A,tracked,verified pushed commit + local archive,保留,NO
待核实,Content/Data/Maps,Content/Data/Maps/DA_Map_Exploration_p15_A.uasset,1819,HSRMapDefinition,蓝图 / 数据 / 其他资源,,test / authoring dependency: dependency of /Game/Data/Maps/DA_MapCatalog,/Game/Maps/Map_Exploration_P15_B; /Game/Maps/Map_Exploration_P15_A; /Game/Data/Maps/DA_MapCatalog,tracked,verified pushed commit + local archive,中,NO
待核实,Content/Data/Maps,Content/Data/Maps/DA_Map_Exploration_p15_B.uasset,1836,HSRMapDefinition,蓝图 / 数据 / 其他资源,,test / authoring dependency: dependency of /Game/Data/Maps/DA_MapCatalog,/Game/Maps/Map_Exploration_P15_B; /Game/Maps/Map_Exploration_P15_A; /Game/Data/Maps/DA_MapCatalog,tracked,verified pushed commit + local archive,中,NO
待核实,Content/Data/Maps,Content/Data/Maps/DA_Map_Exploration_p15_C.uasset,1850,HSRMapDefinition,蓝图 / 数据 / 其他资源,,test / authoring dependency: dependency of /Game/Data/Maps/DA_MapCatalog,/Game/Data/Maps/DA_MapCatalog,tracked,verified pushed commit + local archive,中,NO
待核实,Content/Data/Maps,Content/Data/Maps/DA_MapCatalog.uasset,2855,HSRMapCatalog,蓝图 / 数据 / 其他资源,,test / authoring dependency: Source/HSR/Tests/HSRProductionBootstrapTests.cpp,/Game/Blueprints/Framework/BP_HSRGameMode,tracked,verified pushed commit + local archive,中,NO
待核实,Content/Data/Maps,Content/Data/Maps/DA_Teleport_HertaToObservationCar.uasset,1839,HSRTeleportDefinition,蓝图 / 数据 / 其他资源,,test / authoring dependency: dependency of /Game/Data/Maps/DA_MapCatalog,/Game/Data/Maps/DA_MapCatalog,tracked,verified pushed commit + local archive,中,NO
待核实,Content/Data/Maps,Content/Data/Maps/DA_Teleport_HertaToSixthStreet.uasset,1820,HSRTeleportDefinition,蓝图 / 数据 / 其他资源,,test / authoring dependency: dependency of /Game/Data/Maps/DA_MapCatalog,/Game/Data/Maps/DA_MapCatalog,tracked,verified pushed commit + local archive,中,NO
待核实,Content/Data/Maps,Content/Data/Maps/DA_Teleport_ObservationCarToHerta.uasset,1830,HSRTeleportDefinition,蓝图 / 数据 / 其他资源,,test / authoring dependency: dependency of /Game/Data/Maps/DA_MapCatalog,/Game/Data/Maps/DA_MapCatalog,tracked,verified pushed commit + local archive,中,NO
待核实,Content/Data/Maps,Content/Data/Maps/DA_Teleport_SixthStreetToHerta.uasset,1814,HSRTeleportDefinition,蓝图 / 数据 / 其他资源,,test / authoring dependency: dependency of /Game/Data/Maps/DA_MapCatalog,/Game/Data/Maps/DA_MapCatalog,tracked,verified pushed commit + local archive,中,NO
待核实,Content/Data/Maps,Content/Data/Maps/DA_TeleportAB_p15.uasset,1746,HSRTeleportDefinition,蓝图 / 数据 / 其他资源,,test / authoring dependency: dependency of /Game/Data/Maps/DA_MapCatalog,/Game/Maps/Map_Exploration_P15_B; /Game/Maps/Map_Exploration_P15_A; /Game/Data/Maps/DA_MapCatalog,tracked,verified pushed commit + local archive,中,NO
待核实,Content/Data/Maps,Content/Data/Maps/DA_TeleportBA_p15.uasset,1749,HSRTeleportDefinition,蓝图 / 数据 / 其他资源,,test / authoring dependency: dependency of /Game/Data/Maps/DA_MapCatalog,/Game/Maps/Map_Exploration_P15_B; /Game/Maps/Map_Exploration_P15_A; /Game/Data/Maps/DA_MapCatalog,tracked,verified pushed commit + local archive,中,NO
待核实,Content/Data/Progression,Content/Data/Progression/Curve_CharacterEXP_P11.uasset,4875,CurveFloat,蓝图 / 数据 / 其他资源,,test / authoring dependency: dependency of /Game/Data/Characters/DA_Character_P11_A,/Game/Data/Characters/DA_Character_P11_B; /Game/Data/Characters/DA_Character_P11_A,tracked,verified pushed commit + local archive,中,NO
待核实,Content/Data/Progression,Content/Data/Progression/DA_CharacterCatalog_P11.uasset,1688,HSRCharacterCatalog,蓝图 / 数据 / 其他资源,,test / authoring dependency: Source/HSR/Tests/HSRBattleSettlementIntegrationTests.cpp; Source/HSR/Tests/HSRInteractionBattleAdmissionTests.cpp; Source/HSR/Tests/HSRProductionBootstrapTests.cpp; Source/HSR/Tests/HSRSettlementAuthorityTests.cpp,/Game/Blueprints/Framework/BP_HSRGameMode; /Game/Blueprints/Framework/BP_HSRBattleGameMode,tracked,verified pushed commit + local archive,中,NO
仍被使用,Content/Data/Relics,Content/Data/Relics/DA_Relic_Body.uasset,1931,HSRRelicDefinition,蓝图 / 数据 / 其他资源,,Source/HSR/Equipment/HSREquipmentSubsystem.cpp,,tracked,verified pushed commit + local archive,保留,NO
仍被使用,Content/Data/Relics,Content/Data/Relics/DA_Relic_Feet.uasset,1928,HSRRelicDefinition,蓝图 / 数据 / 其他资源,,Source/HSR/Equipment/HSREquipmentSubsystem.cpp,,tracked,verified pushed commit + local archive,保留,NO
仍被使用,Content/Data/Relics,Content/Data/Relics/DA_Relic_Hands.uasset,1934,HSRRelicDefinition,蓝图 / 数据 / 其他资源,,Source/HSR/Equipment/HSREquipmentDevelopmentHarness.cpp; Source/HSR/Equipment/HSREquipmentSubsystem.cpp,,tracked,verified pushed commit + local archive,保留,NO
仍被使用,Content/Data/Relics,Content/Data/Relics/DA_Relic_Head.uasset,1797,HSRRelicDefinition,蓝图 / 数据 / 其他资源,,Source/HSR/Equipment/HSREquipmentDevelopmentHarness.cpp; Source/HSR/Equipment/HSREquipmentSubsystem.cpp,,tracked,verified pushed commit + local archive,保留,NO
仍被使用,Content/Data/Relics,Content/Data/Relics/DA_Relic_LinkRope.uasset,1957,HSRRelicDefinition,蓝图 / 数据 / 其他资源,,Source/HSR/Equipment/HSREquipmentSubsystem.cpp,,tracked,verified pushed commit + local archive,保留,NO
仍被使用,Content/Data/Relics,Content/Data/Relics/DA_Relic_PlanarSphere.uasset,1984,HSRRelicDefinition,蓝图 / 数据 / 其他资源,,Source/HSR/Equipment/HSREquipmentSubsystem.cpp,,tracked,verified pushed commit + local archive,保留,NO
仍被使用,Content/Data/RelicSets,Content/Data/RelicSets/DA_RelicSet_P12_A.uasset,1264,HSRRelicSetDefinition,蓝图 / 数据 / 其他资源,,Source/HSR/Equipment/HSREquipmentSubsystem.cpp,,tracked,verified pushed commit + local archive,保留,NO
仍被使用,Content/Data/Rewards,Content/Data/Rewards/DA_Reward_P13_Standard.uasset,1854,HSRRewardDefinition,蓝图 / 数据 / 其他资源,,Source/HSR/Reward/HSRRewardSubsystem.cpp,/Game/Blueprints/Exploration/BP_RewardChest_P13; /Game/Maps/Map_Exploration_P15_A; /Game/Data/Encounters/DA_Encounter_Phase5Test,tracked,verified pushed commit + local archive,保留,NO
仍被使用,Content/Data/Skills,Content/Data/Skills/DA_BasicAttack_Single_Test.uasset,3410,HSRSkillDefinition,蓝图 / 数据 / 其他资源,,dependency of /Game/Presentation/Blueprints/BP_HertaSupportSectionGameMode,/Game/Presentation/Blueprints/BP_HertaSupportSectionGameMode; /Game/Blueprints/Framework/BP_HSRBattleGameMode,tracked,verified pushed commit + local archive,保留,NO
仍被使用,Content/Data/Skills,Content/Data/Skills/DA_Heal_Test.uasset,2617,HSRSkillDefinition,蓝图 / 数据 / 其他资源,,dependency of /Game/Presentation/Blueprints/BP_HertaSupportSectionGameMode,/Game/Presentation/Blueprints/BP_HertaSupportSectionGameMode; /Game/Blueprints/Framework/BP_HSRBattleGameMode,tracked,verified pushed commit + local archive,保留,NO
仍被使用,Content/Data/Skills,Content/Data/Skills/DA_Skill_Single_Test.uasset,3520,HSRSkillDefinition,蓝图 / 数据 / 其他资源,,dependency of /Game/Presentation/Blueprints/BP_HertaSupportSectionGameMode,/Game/Presentation/Blueprints/BP_HertaSupportSectionGameMode; /Game/Blueprints/Framework/BP_HSRBattleGameMode,tracked,verified pushed commit + local archive,保留,NO
仍被使用,Content/Data/Skills,Content/Data/Skills/DA_Ultimate_Single_Test.uasset,3950,HSRSkillDefinition,蓝图 / 数据 / 其他资源,,dependency of /Game/Presentation/Blueprints/BP_HertaSupportSectionGameMode,/Game/Presentation/Blueprints/BP_HertaSupportSectionGameMode; /Game/Blueprints/Framework/BP_HSRBattleGameMode,tracked,verified pushed commit + local archive,保留,NO
待核实,Content/Data/Status,Content/Data/Status/DA_StageBuff_Attack.uasset,1771,HSRStageBuffDefinition,蓝图 / 数据 / 其他资源,,test / authoring dependency: dependency of /Game/Data/Encounters/DA_Encounter_Phase5Test,/Game/Data/Encounters/DA_Encounter_Phase5Test,tracked,verified pushed commit + local archive,中,NO
仍被使用,Content/Data/Status,Content/Data/Status/DA_Status_AttackUp_P9.uasset,2267,HSRStatusDefinition,蓝图 / 数据 / 其他资源,,dependency of /Game/Presentation/Blueprints/BP_HertaSupportSectionGameMode,/Game/Presentation/Blueprints/BP_HertaSupportSectionGameMode; /Game/Blueprints/Framework/BP_HSRBattleGameMode,tracked,verified pushed commit + local archive,保留,NO
仍被使用,Content/Data/Status,Content/Data/Status/DA_Status_AttackUpStack_P9_002.uasset,2643,HSRStatusDefinition,蓝图 / 数据 / 其他资源,,dependency of /Game/Presentation/Blueprints/BP_HertaSupportSectionGameMode,/Game/Presentation/Blueprints/BP_HertaSupportSectionGameMode; /Game/Blueprints/Framework/BP_HSRBattleGameMode,tracked,verified pushed commit + local archive,保留,NO
仍被使用,Content/Data/Status,Content/Data/Status/DA_Status_BreakDebuff_P9_003.uasset,2699,HSRStatusDefinition,蓝图 / 数据 / 其他资源,,dependency of /Game/Presentation/Blueprints/BP_HertaSupportSectionGameMode,/Game/Presentation/Blueprints/BP_HertaSupportSectionGameMode; /Game/Blueprints/Framework/BP_HSRBattleGameMode; /Game/Data/VerticalSlice/Skills/DA_Skill_Remiel_SkyJudgment,tracked,verified pushed commit + local archive,保留,NO
仍被使用,Content/Data/Status,Content/Data/Status/DA_Status_DamageOverTime_P9_003.uasset,3623,HSRStatusDefinition,蓝图 / 数据 / 其他资源,,dependency of /Game/Presentation/Blueprints/BP_HertaSupportSectionGameMode,/Game/Presentation/Blueprints/BP_HertaSupportSectionGameMode; /Game/Blueprints/Framework/BP_HSRBattleGameMode; /Game/Data/VerticalSlice/Skills/DA_Skill_Huohua_GrandOpening; /Game/Data/VerticalSlice/Skills/DA_Skill_Huohua_BloomingStage,tracked,verified pushed commit + local archive,保留,NO
仍被使用,Content/Data/VerticalSlice,Content/Data/VerticalSlice/Characters/Curve_CharacterExperience.uasset,6418,CurveFloat,蓝图 / 数据 / 其他资源,,dependency of /Game/Data/VerticalSlice/Characters/DA_Character_EvernightMoon,/Game/Data/VerticalSlice/Characters/DA_Character_Verina; /Game/Data/VerticalSlice/Characters/DA_Character_Remiel; /Game/Data/VerticalSlice/Characters/DA_Character_Huohua; /Game/Data/VerticalSlice/Characters/DA_Character_EvernightMoon,tracked,verified pushed commit + local archive,保留,NO
仍被使用,Content/Data/VerticalSlice,Content/Data/VerticalSlice/Characters/DA_Character_EvernightMoon.uasset,4420,HSRCharacterDefinition,蓝图 / 数据 / 其他资源,,dependency of /Game/Data/VerticalSlice/Characters/DA_CharacterCatalog_VerticalSlice,/Game/Data/VerticalSlice/Characters/DA_CharacterCatalog_VerticalSlice,tracked,verified pushed commit + local archive,保留,NO
仍被使用,Content/Data/VerticalSlice,Content/Data/VerticalSlice/Characters/DA_Character_Huohua.uasset,4231,HSRCharacterDefinition,蓝图 / 数据 / 其他资源,,dependency of /Game/Data/VerticalSlice/Characters/DA_CharacterCatalog_VerticalSlice,/Game/Data/VerticalSlice/Characters/DA_CharacterCatalog_VerticalSlice,tracked,verified pushed commit + local archive,保留,NO
仍被使用,Content/Data/VerticalSlice,Content/Data/VerticalSlice/Characters/DA_Character_Remiel.uasset,4197,HSRCharacterDefinition,蓝图 / 数据 / 其他资源,,dependency of /Game/Data/VerticalSlice/Characters/DA_CharacterCatalog_VerticalSlice,/Game/Data/VerticalSlice/Characters/DA_CharacterCatalog_VerticalSlice,tracked,verified pushed commit + local archive,保留,NO
仍被使用,Content/Data/VerticalSlice,Content/Data/VerticalSlice/Characters/DA_Character_Verina.uasset,4345,HSRCharacterDefinition,蓝图 / 数据 / 其他资源,,dependency of /Game/Data/VerticalSlice/Characters/DA_CharacterCatalog_VerticalSlice,/Game/Data/VerticalSlice/Characters/DA_CharacterCatalog_VerticalSlice,tracked,verified pushed commit + local archive,保留,NO
仍被使用,Content/Data/VerticalSlice,Content/Data/VerticalSlice/Characters/DA_CharacterCatalog_VerticalSlice.uasset,2139,HSRCharacterCatalog,蓝图 / 数据 / 其他资源,,dependency of /Game/Presentation/Blueprints/BP_HertaSupportSectionGameMode,/Game/Presentation/Blueprints/BP_ObservationCarGameMode; /Game/Presentation/Blueprints/BP_NewEriduSixthStreetMetroGameMode; /Game/Presentation/Blueprints/BP_HertaSupportSectionGameMode,tracked,verified pushed commit + local archive,保留,NO
仍被使用,Content/Data/VerticalSlice,Content/Data/VerticalSlice/Dialogues/DA_Dialogue_Catherine.uasset,4458,HSRDialogueDefinition,蓝图 / 数据 / 其他资源,,dependency of /Game/Maps/VerticalSlice/Map_ObservationCar,/Game/Maps/VerticalSlice/Map_ObservationCar,tracked,verified pushed commit + local archive,保留,NO
仍被使用,Content/Data/VerticalSlice,Content/Data/VerticalSlice/Drops/DA_Drop_VerticalSlice.uasset,1864,HSRDropTableDefinition,蓝图 / 数据 / 其他资源,,dependency of /Game/Maps/VerticalSlice/Map_HertaSupportSection,/Game/Data/VerticalSlice/Encounters/DA_Encounter_SupportSectionInspector; /Game/Data/VerticalSlice/Encounters/DA_Encounter_Laigushi; /Game/Data/VerticalSlice/Encounters/DA_Encounter_CourtyardPatrol; /Game/Maps/Map_Exploration_P15_B; /Game/Maps/Map_Exploration_P15_A; /Game/Maps/VerticalSlice/Map_ObservationCar; /Game/Maps/VerticalSlice/Map_NewEriduSixthStreetMetro; /Game/Maps/VerticalSlice/Map_HertaSupportSection,tracked,verified pushed commit + local archive,保留,NO
仍被使用,Content/Data/VerticalSlice,Content/Data/VerticalSlice/Encounters/DA_Encounter_CourtyardPatrol.uasset,4249,HSREncounterDefinition,蓝图 / 数据 / 其他资源,,dependency of /Game/Data/VerticalSlice/Enemies/DA_Enemy_CourtyardPatrol,/Game/UI/P17/Frontend/WBP_HSRChallengeDirectory_P17; /Game/Data/VerticalSlice/Enemies/DA_Enemy_CourtyardPatrol,tracked,verified pushed commit + local archive,保留,NO
仍被使用,Content/Data/VerticalSlice,Content/Data/VerticalSlice/Encounters/DA_Encounter_Laigushi.uasset,4339,HSREncounterDefinition,蓝图 / 数据 / 其他资源,,dependency of /Game/Data/VerticalSlice/Enemies/DA_Boss_Laigushi,/Game/UI/P17/Frontend/WBP_HSRChallengeDirectory_P17; /Game/Maps/VerticalSlice/Map_NewEriduSixthStreetMetro; /Game/Data/VerticalSlice/Enemies/DA_Boss_Laigushi,tracked,verified pushed commit + local archive,保留,NO
仍被使用,Content/Data/VerticalSlice,Content/Data/VerticalSlice/Encounters/DA_Encounter_SupportSectionInspector.uasset,4345,HSREncounterDefinition,蓝图 / 数据 / 其他资源,,dependency of /Game/Data/VerticalSlice/Enemies/DA_Enemy_SupportSectionInspector,/Game/UI/P17/Frontend/WBP_HSRChallengeDirectory_P17; /Game/Data/VerticalSlice/Enemies/DA_Enemy_SupportSectionInspector; /Game/Maps/VerticalSlice/Map_NewEriduSixthStreetMetro,tracked,verified pushed commit + local archive,保留,NO
仍被使用,Content/Data/VerticalSlice,Content/Data/VerticalSlice/Enemies/DA_Boss_Laigushi.uasset,2798,HSREnemyDefinition,蓝图 / 数据 / 其他资源,,dependency of /Game/Data/VerticalSlice/Enemies/DA_EnemyCatalog,/Game/Data/VerticalSlice/Enemies/DA_EnemyCatalog,tracked,verified pushed commit + local archive,保留,NO
仍被使用,Content/Data/VerticalSlice,Content/Data/VerticalSlice/Enemies/DA_Enemy_CourtyardPatrol.uasset,3093,HSREnemyDefinition,蓝图 / 数据 / 其他资源,,dependency of /Game/Data/VerticalSlice/Enemies/DA_EnemyCatalog,/Game/Data/VerticalSlice/Enemies/DA_EnemyCatalog; /Game/Maps/VerticalSlice/Map_NewEriduSixthStreetMetro,tracked,verified pushed commit + local archive,保留,NO
仍被使用,Content/Data/VerticalSlice,Content/Data/VerticalSlice/Enemies/DA_Enemy_SupportSectionInspector.uasset,2736,HSREnemyDefinition,蓝图 / 数据 / 其他资源,,dependency of /Game/Presentation/Blueprints/BP_HertaSupportSectionGameMode,/Game/Presentation/Blueprints/BP_HertaSupportSectionGameMode; /Game/Data/VerticalSlice/Enemies/DA_EnemyCatalog; /Game/Maps/Map_Exploration_P15_B; /Game/Maps/Map_Exploration_P15_A; /Game/Blueprints/Framework/BP_HSRBattleGameMode,tracked,verified pushed commit + local archive,保留,NO
仍被使用,Content/Data/VerticalSlice,Content/Data/VerticalSlice/Enemies/DA_EnemyCatalog.uasset,1846,HSREnemyCatalog,蓝图 / 数据 / 其他资源,,dependency of /Game/Presentation/Blueprints/BP_HertaSupportSectionGameMode,/Game/Presentation/Blueprints/BP_HertaSupportSectionGameMode; /Game/Blueprints/Framework/BP_HSRBattleGameMode,tracked,verified pushed commit + local archive,保留,NO
仍被使用,Content/Data/VerticalSlice,Content/Data/VerticalSlice/Equipment/DA_EnhancementCatalog_VerticalSlice.uasset,12792,HSREquipmentEnhancementCatalog,蓝图 / 数据 / 其他资源,,dependency of /Game/UI/P17/Relic/WBP_RelicEquipment_P17,/Game/UI/P17/Relic/WBP_RelicEquipment_P17; /Game/UI/P17/Inventory/WBP_Inventory_P17,tracked,verified pushed commit + local archive,保留,NO
仍被使用,Content/Data/VerticalSlice,Content/Data/VerticalSlice/Equipment/DA_Weapon_EchoConductor.uasset,1842,HSREquipmentDefinition,蓝图 / 数据 / 其他资源,,dependency of /Game/Maps/VerticalSlice/Map_HertaSupportSection,/Game/Maps/VerticalSlice/Map_ObservationCar; /Game/Maps/VerticalSlice/Map_NewEriduSixthStreetMetro; /Game/Maps/VerticalSlice/Map_HertaSupportSection,tracked,verified pushed commit + local archive,保留,NO
仍被使用,Content/Data/VerticalSlice,Content/Data/VerticalSlice/Items/DA_InventoryCatalog_VerticalSlice.uasset,5831,HSRInventoryCatalog,蓝图 / 数据 / 其他资源,,dependency of /Game/UI/P17/Character/WBP_CharacterShell_P17,/Game/UI/P17/Relic/WBP_RelicEquipment_P17; /Game/UI/P17/Inventory/WBP_Inventory_P17; /Game/UI/P17/Character/WBP_CharacterShell_P17,tracked,verified pushed commit + local archive,保留,NO
仍被使用,Content/Data/VerticalSlice,Content/Data/VerticalSlice/Items/DA_ItemEquipmentMappingCatalog_VerticalSlice.uasset,3316,HSRItemEquipmentMappingCatalog,蓝图 / 数据 / 其他资源,,dependency of /Game/UI/P17/Character/WBP_CharacterShell_P17,/Game/UI/P17/Relic/WBP_RelicEquipment_P17; /Game/UI/P17/Inventory/WBP_Inventory_P17; /Game/UI/P17/Character/WBP_CharacterShell_P17,tracked,verified pushed commit + local archive,保留,NO
仍被使用,Content/Data/VerticalSlice,Content/Data/VerticalSlice/Items/Materials/DA_Item_DomainEchoGrowthMaterial.uasset,1603,HSRItemDefinition,蓝图 / 数据 / 其他资源,,Source/HSR/Reward/HSRRewardSubsystem.cpp,/Game/Data/VerticalSlice/Encounters/DA_Encounter_SupportSectionInspector; /Game/Data/VerticalSlice/Encounters/DA_Encounter_Laigushi; /Game/Data/VerticalSlice/Encounters/DA_Encounter_CourtyardPatrol; /Game/Maps/VerticalSlice/Map_ObservationCar; /Game/Maps/VerticalSlice/Map_NewEriduSixthStreetMetro; /Game/Maps/VerticalSlice/Map_HertaSupportSection,tracked,verified pushed commit + local archive,保留,NO
仍被使用,Content/Data/VerticalSlice,Content/Data/VerticalSlice/Items/Relics/DA_Item_HeavenLiveRoom_LinkRope.uasset,1864,HSRItemDefinition,蓝图 / 数据 / 其他资源,,Source/HSR/Reward/HSRRewardSubsystem.cpp,/Game/Data/VerticalSlice/Encounters/DA_Encounter_SupportSectionInspector; /Game/Data/VerticalSlice/Encounters/DA_Encounter_Laigushi; /Game/Data/VerticalSlice/Encounters/DA_Encounter_CourtyardPatrol; /Game/Maps/Map_Exploration_P15_B; /Game/Maps/Map_Exploration_P15_A; /Game/Maps/VerticalSlice/Map_ObservationCar; /Game/Maps/VerticalSlice/Map_NewEriduSixthStreetMetro; /Game/Maps/VerticalSlice/Map_HertaSupportSection,tracked,verified pushed commit + local archive,保留,NO
仍被使用,Content/Data/VerticalSlice,Content/Data/VerticalSlice/Items/Relics/DA_Item_HeavenLiveRoom_PlanarSphere.uasset,1892,HSRItemDefinition,蓝图 / 数据 / 其他资源,,Source/HSR/Reward/HSRRewardSubsystem.cpp,/Game/Data/VerticalSlice/Encounters/DA_Encounter_SupportSectionInspector; /Game/Data/VerticalSlice/Encounters/DA_Encounter_Laigushi; /Game/Data/VerticalSlice/Encounters/DA_Encounter_CourtyardPatrol; /Game/Maps/Map_Exploration_P15_B; /Game/Maps/Map_Exploration_P15_A; /Game/Maps/VerticalSlice/Map_ObservationCar; /Game/Maps/VerticalSlice/Map_NewEriduSixthStreetMetro; /Game/Maps/VerticalSlice/Map_HertaSupportSection,tracked,verified pushed commit + local archive,保留,NO
仍被使用,Content/Data/VerticalSlice,Content/Data/VerticalSlice/Items/Relics/DA_Item_ShiningMagicalGirl_Body.uasset,1866,HSRItemDefinition,蓝图 / 数据 / 其他资源,,Source/HSR/Reward/HSRRewardSubsystem.cpp,/Game/Data/VerticalSlice/Encounters/DA_Encounter_SupportSectionInspector; /Game/Data/VerticalSlice/Encounters/DA_Encounter_Laigushi; /Game/Data/VerticalSlice/Encounters/DA_Encounter_CourtyardPatrol; /Game/Maps/Map_Exploration_P15_B; /Game/Maps/Map_Exploration_P15_A; /Game/Maps/VerticalSlice/Map_ObservationCar; /Game/Maps/VerticalSlice/Map_NewEriduSixthStreetMetro; /Game/Maps/VerticalSlice/Map_HertaSupportSection,tracked,verified pushed commit + local archive,保留,NO
仍被使用,Content/Data/VerticalSlice,Content/Data/VerticalSlice/Items/Relics/DA_Item_ShiningMagicalGirl_Feet.uasset,1866,HSRItemDefinition,蓝图 / 数据 / 其他资源,,Source/HSR/Reward/HSRRewardSubsystem.cpp,/Game/Data/VerticalSlice/Encounters/DA_Encounter_SupportSectionInspector; /Game/Data/VerticalSlice/Encounters/DA_Encounter_Laigushi; /Game/Data/VerticalSlice/Encounters/DA_Encounter_CourtyardPatrol; /Game/Maps/Map_Exploration_P15_B; /Game/Maps/Map_Exploration_P15_A; /Game/Maps/VerticalSlice/Map_ObservationCar; /Game/Maps/VerticalSlice/Map_NewEriduSixthStreetMetro; /Game/Maps/VerticalSlice/Map_HertaSupportSection,tracked,verified pushed commit + local archive,保留,NO
仍被使用,Content/Data/VerticalSlice,Content/Data/VerticalSlice/Items/Relics/DA_Item_ShiningMagicalGirl_Hands.uasset,1873,HSRItemDefinition,蓝图 / 数据 / 其他资源,,Source/HSR/Reward/HSRRewardSubsystem.cpp,/Game/Data/VerticalSlice/Encounters/DA_Encounter_SupportSectionInspector; /Game/Data/VerticalSlice/Encounters/DA_Encounter_Laigushi; /Game/Data/VerticalSlice/Encounters/DA_Encounter_CourtyardPatrol; /Game/Maps/Map_Exploration_P15_B; /Game/Maps/Map_Exploration_P15_A; /Game/Maps/VerticalSlice/Map_ObservationCar; /Game/Maps/VerticalSlice/Map_NewEriduSixthStreetMetro; /Game/Maps/VerticalSlice/Map_HertaSupportSection,tracked,verified pushed commit + local archive,保留,NO
仍被使用,Content/Data/VerticalSlice,Content/Data/VerticalSlice/Items/Relics/DA_Item_ShiningMagicalGirl_Head.uasset,1866,HSRItemDefinition,蓝图 / 数据 / 其他资源,,Source/HSR/Reward/HSRRewardSubsystem.cpp,/Game/Data/VerticalSlice/Encounters/DA_Encounter_SupportSectionInspector; /Game/Data/VerticalSlice/Encounters/DA_Encounter_Laigushi; /Game/Data/VerticalSlice/Encounters/DA_Encounter_CourtyardPatrol; /Game/Maps/Map_Exploration_P15_B; /Game/Maps/Map_Exploration_P15_A; /Game/Maps/VerticalSlice/Map_ObservationCar; /Game/Maps/VerticalSlice/Map_NewEriduSixthStreetMetro; /Game/Maps/VerticalSlice/Map_HertaSupportSection,tracked,verified pushed commit + local archive,保留,NO
仍被使用,Content/Data/VerticalSlice,Content/Data/VerticalSlice/Items/Weapons/DA_Item_EchoConductor.uasset,1783,HSRItemDefinition,蓝图 / 数据 / 其他资源,,dependency of /Game/Maps/VerticalSlice/Map_HertaSupportSection,/Game/Data/VerticalSlice/Encounters/DA_Encounter_SupportSectionInspector; /Game/Data/VerticalSlice/Encounters/DA_Encounter_Laigushi; /Game/Data/VerticalSlice/Encounters/DA_Encounter_CourtyardPatrol; /Game/Maps/VerticalSlice/Map_ObservationCar; /Game/Maps/VerticalSlice/Map_NewEriduSixthStreetMetro; /Game/Maps/VerticalSlice/Map_HertaSupportSection,tracked,verified pushed commit + local archive,保留,NO
仍被使用,Content/Data/VerticalSlice,Content/Data/VerticalSlice/Maps/DA_Map_HertaSupportSection.uasset,1934,HSRMapDefinition,蓝图 / 数据 / 其他资源,,dependency of /Game/Data/VerticalSlice/Maps/DA_MapCatalog_VerticalSlice,/Game/Data/VerticalSlice/Maps/DA_MapCatalog_VerticalSlice,tracked,verified pushed commit + local archive,保留,NO
仍被使用,Content/Data/VerticalSlice,Content/Data/VerticalSlice/Maps/DA_Map_NewEriduSixthStreetMetro.uasset,1987,HSRMapDefinition,蓝图 / 数据 / 其他资源,,dependency of /Game/Data/VerticalSlice/Maps/DA_MapCatalog_VerticalSlice,/Game/Data/VerticalSlice/Maps/DA_MapCatalog_VerticalSlice,tracked,verified pushed commit + local archive,保留,NO
仍被使用,Content/Data/VerticalSlice,Content/Data/VerticalSlice/Maps/DA_Map_ObservationCar.uasset,1900,HSRMapDefinition,蓝图 / 数据 / 其他资源,,dependency of /Game/Data/VerticalSlice/Maps/DA_MapCatalog_VerticalSlice,/Game/Data/VerticalSlice/Maps/DA_MapCatalog_VerticalSlice,tracked,verified pushed commit + local archive,保留,NO
仍被使用,Content/Data/VerticalSlice,Content/Data/VerticalSlice/Maps/DA_MapCatalog_VerticalSlice.uasset,2409,HSRMapCatalog,蓝图 / 数据 / 其他资源,,dependency of /Game/Presentation/Blueprints/BP_NewEriduSixthStreetMetroGameMode,/Game/Presentation/Blueprints/BP_ObservationCarGameMode; /Game/Presentation/Blueprints/BP_NewEriduSixthStreetMetroGameMode,tracked,verified pushed commit + local archive,保留,NO
仍被使用,Content/Data/VerticalSlice,Content/Data/VerticalSlice/Quests/DA_Quest_DomainEcho.uasset,3165,HSRQuestDefinition,蓝图 / 数据 / 其他资源,,dependency of /Game/Maps/VerticalSlice/Map_HertaSupportSection,/Game/Maps/VerticalSlice/Map_ObservationCar; /Game/Maps/VerticalSlice/Map_NewEriduSixthStreetMetro; /Game/Maps/VerticalSlice/Map_HertaSupportSection,tracked,verified pushed commit + local archive,保留,NO
仍被使用,Content/Data/VerticalSlice,Content/Data/VerticalSlice/Relics/Pieces/DA_Relic_HeavenLiveRoom_LinkRope.uasset,2107,HSRRelicDefinition,蓝图 / 数据 / 其他资源,,Source/HSR/Equipment/HSREquipmentSubsystem.cpp,/Game/Maps/VerticalSlice/Map_ObservationCar; /Game/Maps/VerticalSlice/Map_NewEriduSixthStreetMetro; /Game/Maps/VerticalSlice/Map_HertaSupportSection,tracked,verified pushed commit + local archive,保留,NO
仍被使用,Content/Data/VerticalSlice,Content/Data/VerticalSlice/Relics/Pieces/DA_Relic_HeavenLiveRoom_PlanarSphere.uasset,2136,HSRRelicDefinition,蓝图 / 数据 / 其他资源,,Source/HSR/Equipment/HSREquipmentSubsystem.cpp,/Game/Maps/VerticalSlice/Map_ObservationCar; /Game/Maps/VerticalSlice/Map_NewEriduSixthStreetMetro; /Game/Maps/VerticalSlice/Map_HertaSupportSection,tracked,verified pushed commit + local archive,保留,NO
仍被使用,Content/Data/VerticalSlice,Content/Data/VerticalSlice/Relics/Pieces/DA_Relic_ShiningMagicalGirl_Body.uasset,2109,HSRRelicDefinition,蓝图 / 数据 / 其他资源,,Source/HSR/Equipment/HSREquipmentSubsystem.cpp,/Game/Maps/VerticalSlice/Map_ObservationCar; /Game/Maps/VerticalSlice/Map_NewEriduSixthStreetMetro; /Game/Maps/VerticalSlice/Map_HertaSupportSection,tracked,verified pushed commit + local archive,保留,NO
仍被使用,Content/Data/VerticalSlice,Content/Data/VerticalSlice/Relics/Pieces/DA_Relic_ShiningMagicalGirl_Feet.uasset,2107,HSRRelicDefinition,蓝图 / 数据 / 其他资源,,Source/HSR/Equipment/HSREquipmentSubsystem.cpp,/Game/Maps/VerticalSlice/Map_ObservationCar; /Game/Maps/VerticalSlice/Map_NewEriduSixthStreetMetro; /Game/Maps/VerticalSlice/Map_HertaSupportSection,tracked,verified pushed commit + local archive,保留,NO
仍被使用,Content/Data/VerticalSlice,Content/Data/VerticalSlice/Relics/Pieces/DA_Relic_ShiningMagicalGirl_Hands.uasset,2115,HSRRelicDefinition,蓝图 / 数据 / 其他资源,,Source/HSR/Equipment/HSREquipmentSubsystem.cpp,/Game/Maps/VerticalSlice/Map_ObservationCar; /Game/Maps/VerticalSlice/Map_NewEriduSixthStreetMetro; /Game/Maps/VerticalSlice/Map_HertaSupportSection,tracked,verified pushed commit + local archive,保留,NO
仍被使用,Content/Data/VerticalSlice,Content/Data/VerticalSlice/Relics/Pieces/DA_Relic_ShiningMagicalGirl_Head.uasset,1979,HSRRelicDefinition,蓝图 / 数据 / 其他资源,,Source/HSR/Equipment/HSREquipmentSubsystem.cpp,/Game/Maps/VerticalSlice/Map_ObservationCar; /Game/Maps/VerticalSlice/Map_NewEriduSixthStreetMetro; /Game/Maps/VerticalSlice/Map_HertaSupportSection,tracked,verified pushed commit + local archive,保留,NO
仍被使用,Content/Data/VerticalSlice,Content/Data/VerticalSlice/Relics/Sets/DA_RelicSet_HeavenLiveRoom.uasset,1654,HSRRelicSetDefinition,蓝图 / 数据 / 其他资源,,Source/HSR/Equipment/HSREquipmentSubsystem.cpp,,tracked,verified pushed commit + local archive,保留,NO
仍被使用,Content/Data/VerticalSlice,Content/Data/VerticalSlice/Relics/Sets/DA_RelicSet_ShiningMagicalGirl.uasset,1745,HSRRelicSetDefinition,蓝图 / 数据 / 其他资源,,Source/HSR/Equipment/HSREquipmentSubsystem.cpp,,tracked,verified pushed commit + local archive,保留,NO
仍被使用,Content/Data/VerticalSlice,Content/Data/VerticalSlice/Rewards/DA_Reward_DomainEcho.uasset,1757,HSRRewardDefinition,蓝图 / 数据 / 其他资源,,Source/HSR/Reward/HSRRewardSubsystem.cpp,/Game/Data/VerticalSlice/Encounters/DA_Encounter_CourtyardPatrol; /Game/Maps/VerticalSlice/Map_ObservationCar; /Game/Maps/VerticalSlice/Map_NewEriduSixthStreetMetro; /Game/Maps/VerticalSlice/Map_HertaSupportSection,tracked,verified pushed commit + local archive,保留,NO
仍被使用,Content/Data/VerticalSlice,Content/Data/VerticalSlice/Rewards/DA_Reward_Laigushi.uasset,2083,HSRRewardDefinition,蓝图 / 数据 / 其他资源,,Source/HSR/Reward/HSRRewardSubsystem.cpp,/Game/Data/VerticalSlice/Encounters/DA_Encounter_Laigushi; /Game/Maps/Map_Exploration_P15_B; /Game/Maps/Map_Exploration_P15_A; /Game/Maps/VerticalSlice/Map_ObservationCar; /Game/Maps/VerticalSlice/Map_NewEriduSixthStreetMetro; /Game/Maps/VerticalSlice/Map_HertaSupportSection,tracked,verified pushed commit + local archive,保留,NO
仍被使用,Content/Data/VerticalSlice,Content/Data/VerticalSlice/Rewards/DA_Reward_SupportSectionInspector.uasset,1848,HSRRewardDefinition,蓝图 / 数据 / 其他资源,,Source/HSR/Reward/HSRRewardSubsystem.cpp,/Game/Data/VerticalSlice/Encounters/DA_Encounter_SupportSectionInspector; /Game/Maps/VerticalSlice/Map_ObservationCar; /Game/Maps/VerticalSlice/Map_NewEriduSixthStreetMetro; /Game/Maps/VerticalSlice/Map_HertaSupportSection,tracked,verified pushed commit + local archive,保留,NO
仍被使用,Content/Data/VerticalSlice,Content/Data/VerticalSlice/Rewards/DA_Reward_WangXiaYiTong.uasset,1997,HSRRewardDefinition,蓝图 / 数据 / 其他资源,,Source/HSR/Reward/HSRRewardSubsystem.cpp,/Game/Maps/Map_Exploration_P15_B; /Game/Maps/Map_Exploration_P15_A; /Game/Maps/VerticalSlice/Map_ObservationCar; /Game/Maps/VerticalSlice/Map_NewEriduSixthStreetMetro; /Game/Maps/VerticalSlice/Map_HertaSupportSection,tracked,verified pushed commit + local archive,保留,NO
仍被使用,Content/Data/VerticalSlice,Content/Data/VerticalSlice/Skills/DA_Skill_EvernightMoon_Basic.uasset,2983,HSRSkillDefinition,蓝图 / 数据 / 其他资源,,dependency of /Game/Data/VerticalSlice/Characters/DA_Character_EvernightMoon,/Game/Data/VerticalSlice/Characters/DA_Character_EvernightMoon,tracked,verified pushed commit + local archive,保留,NO
仍被使用,Content/Data/VerticalSlice,Content/Data/VerticalSlice/Skills/DA_Skill_EvernightMoon_FullMoon.uasset,3691,HSRSkillDefinition,蓝图 / 数据 / 其他资源,,dependency of /Game/Data/VerticalSlice/Characters/DA_Character_EvernightMoon,/Game/Data/VerticalSlice/Characters/DA_Character_EvernightMoon,tracked,verified pushed commit + local archive,保留,NO
仍被使用,Content/Data/VerticalSlice,Content/Data/VerticalSlice/Skills/DA_Skill_EvernightMoon_Nightfall.uasset,3326,HSRSkillDefinition,蓝图 / 数据 / 其他资源,,dependency of /Game/Data/VerticalSlice/Characters/DA_Character_EvernightMoon,/Game/Data/VerticalSlice/Characters/DA_Character_EvernightMoon,tracked,verified pushed commit + local archive,保留,NO
仍被使用,Content/Data/VerticalSlice,Content/Data/VerticalSlice/Skills/DA_Skill_Huohua_Basic.uasset,3010,HSRSkillDefinition,蓝图 / 数据 / 其他资源,,dependency of /Game/Data/VerticalSlice/Characters/DA_Character_Huohua,/Game/Data/VerticalSlice/Characters/DA_Character_Huohua,tracked,verified pushed commit + local archive,保留,NO
仍被使用,Content/Data/VerticalSlice,Content/Data/VerticalSlice/Skills/DA_Skill_Huohua_BloomingStage.uasset,3470,HSRSkillDefinition,蓝图 / 数据 / 其他资源,,dependency of /Game/Data/VerticalSlice/Characters/DA_Character_Huohua,/Game/Data/VerticalSlice/Characters/DA_Character_Huohua,tracked,verified pushed commit + local archive,保留,NO
仍被使用,Content/Data/VerticalSlice,Content/Data/VerticalSlice/Skills/DA_Skill_Huohua_GrandOpening.uasset,3888,HSRSkillDefinition,蓝图 / 数据 / 其他资源,,dependency of /Game/Data/VerticalSlice/Characters/DA_Character_Huohua,/Game/Data/VerticalSlice/Characters/DA_Character_Huohua,tracked,verified pushed commit + local archive,保留,NO
仍被使用,Content/Data/VerticalSlice,Content/Data/VerticalSlice/Skills/DA_Skill_Remiel_Basic.uasset,3062,HSRSkillDefinition,蓝图 / 数据 / 其他资源,,dependency of /Game/Data/VerticalSlice/Characters/DA_Character_Remiel,/Game/Data/VerticalSlice/Characters/DA_Character_Remiel,tracked,verified pushed commit + local archive,保留,NO
仍被使用,Content/Data/VerticalSlice,Content/Data/VerticalSlice/Skills/DA_Skill_Remiel_Riftlight.uasset,3277,HSRSkillDefinition,蓝图 / 数据 / 其他资源,,dependency of /Game/Data/VerticalSlice/Characters/DA_Character_Remiel,/Game/Data/VerticalSlice/Characters/DA_Character_Remiel,tracked,verified pushed commit + local archive,保留,NO
仍被使用,Content/Data/VerticalSlice,Content/Data/VerticalSlice/Skills/DA_Skill_Remiel_SkyJudgment.uasset,3874,HSRSkillDefinition,蓝图 / 数据 / 其他资源,,dependency of /Game/Data/VerticalSlice/Characters/DA_Character_Remiel,/Game/Data/VerticalSlice/Characters/DA_Character_Remiel,tracked,verified pushed commit + local archive,保留,NO
仍被使用,Content/Data/VerticalSlice,Content/Data/VerticalSlice/Skills/DA_Skill_Verina_Basic.uasset,3010,HSRSkillDefinition,蓝图 / 数据 / 其他资源,,dependency of /Game/Data/VerticalSlice/Characters/DA_Character_Verina,/Game/Data/VerticalSlice/Characters/DA_Character_Verina,tracked,verified pushed commit + local archive,保留,NO
仍被使用,Content/Data/VerticalSlice,Content/Data/VerticalSlice/Skills/DA_Skill_Verina_BreathingGarden.uasset,3265,HSRSkillDefinition,蓝图 / 数据 / 其他资源,,dependency of /Game/Data/VerticalSlice/Characters/DA_Character_Verina,/Game/Data/VerticalSlice/Characters/DA_Character_Verina,tracked,verified pushed commit + local archive,保留,NO
仍被使用,Content/Data/VerticalSlice,Content/Data/VerticalSlice/Skills/DA_Skill_Verina_HealingSprout.uasset,2760,HSRSkillDefinition,蓝图 / 数据 / 其他资源,,dependency of /Game/Data/VerticalSlice/Characters/DA_Character_Verina,/Game/Data/VerticalSlice/Characters/DA_Character_Verina,tracked,verified pushed commit + local archive,保留,NO
仍被使用,Content/Data/VerticalSlice,Content/Data/VerticalSlice/Teleports/DA_Teleport_ObservationCarToSixthStreet.uasset,1941,HSRTeleportDefinition,蓝图 / 数据 / 其他资源,,dependency of /Game/Data/VerticalSlice/Maps/DA_MapCatalog_VerticalSlice,/Game/Data/VerticalSlice/Maps/DA_MapCatalog_VerticalSlice,tracked,verified pushed commit + local archive,保留,NO
仍被使用,Content/Data/VerticalSlice,Content/Data/VerticalSlice/Teleports/DA_Teleport_SixthStreetToObservationCar.uasset,1944,HSRTeleportDefinition,蓝图 / 数据 / 其他资源,,dependency of /Game/Data/VerticalSlice/Maps/DA_MapCatalog_VerticalSlice,/Game/Data/VerticalSlice/Maps/DA_MapCatalog_VerticalSlice,tracked,verified pushed commit + local archive,保留,NO
仍被使用,Content/GameplayEffects/BP_GE_InitializeCoreAttributes.uasset,Content/GameplayEffects/BP_GE_InitializeCoreAttributes.uasset,58552,Blueprint,蓝图 / 数据 / 其他资源,,dependency of /Game/Presentation/Blueprints/BP_HertaSupportSectionGameMode,/Game/Blueprints/Character/Player/BP_HSRExplorationCharacter; /Game/Presentation/Blueprints/BP_HertaSupportSectionGameMode; /Game/Blueprints/Framework/BP_HSRBattleGameMode; /Game/Assets/mmd/Character/Velina/BP_Velina; /Game/Assets/mmd/Character/Sparxie/BP_Sparxie,tracked,verified pushed commit + local archive,保留,NO
仍被使用,Content/GameplayEffects/BP_GE_P6_Heal.uasset,Content/GameplayEffects/BP_GE_P6_Heal.uasset,12471,Blueprint,蓝图 / 数据 / 其他资源,,dependency of /Game/Data/Skills/DA_Heal_Test,/Game/Data/Skills/DA_Heal_Test; /Game/Data/VerticalSlice/Skills/DA_Skill_Verina_HealingSprout; /Game/Data/VerticalSlice/Skills/DA_Skill_Verina_BreathingGarden,tracked,verified pushed commit + local archive,保留,NO
仍被使用,Content/GameplayEffects/BP_GE_P6_UltimateDamage.uasset,Content/GameplayEffects/BP_GE_P6_UltimateDamage.uasset,13061,Blueprint,蓝图 / 数据 / 其他资源,,dependency of /Game/Data/Skills/DA_Ultimate_Single_Test,/Game/Data/Skills/DA_Ultimate_Single_Test,tracked,verified pushed commit + local archive,保留,NO
仍被使用,Content/GameplayEffects/BP_GE_P6_UltimateEnergyCost.uasset,Content/GameplayEffects/BP_GE_P6_UltimateEnergyCost.uasset,13117,Blueprint,蓝图 / 数据 / 其他资源,,dependency of /Game/Data/Skills/DA_Ultimate_Single_Test,/Game/Data/Skills/DA_Ultimate_Single_Test; /Game/Data/VerticalSlice/Skills/DA_Skill_Verina_BreathingGarden; /Game/Data/VerticalSlice/Skills/DA_Skill_Remiel_SkyJudgment; /Game/Data/VerticalSlice/Skills/DA_Skill_Huohua_GrandOpening; /Game/Data/VerticalSlice/Skills/DA_Skill_EvernightMoon_FullMoon,tracked,verified pushed commit + local archive,保留,NO
仍被使用,Content/GameplayEffects/BP_GE_P7_DamageExecution.uasset,Content/GameplayEffects/BP_GE_P7_DamageExecution.uasset,6866,Blueprint,蓝图 / 数据 / 其他资源,,dependency of /Game/Presentation/Blueprints/BP_HertaSupportSectionGameMode,/Game/Presentation/Blueprints/BP_HertaSupportSectionGameMode; /Game/Data/Status/DA_Status_DamageOverTime_P9_003; /Game/Data/Skills/DA_Skill_Single_Test; /Game/Data/Skills/DA_BasicAttack_Single_Test; /Game/Blueprints/Framework/BP_HSRBattleGameMode; /Game/Data/VerticalSlice/Skills/DA_Skill_Verina_Basic; /Game/Data/VerticalSlice/Skills/DA_Skill_Remiel_SkyJudgment; /Game/Data/VerticalSlice/Skills/DA_Skill_Remiel_Riftlight; /Game/Data/VerticalSlice/Skills/DA_Skill_Remiel_Basic; /Game/Data/VerticalSlice/Skills/DA_Skill_Huohua_GrandOpening; /Game/Data/VerticalSlice/Skills/DA_Skill_Huohua_BloomingStage; /Game/Data/VerticalSlice/Skills/DA_Skill_Huohua_Basic; /Game/Data/VerticalSlice/Skills/DA_Skill_EvernightMoon_Nightfall; /Game/Data/VerticalSlice/Skills/DA_Skill_EvernightMoon_FullMoon; /Game/Data/VerticalSlice/Skills/DA_Skill_EvernightMoon_Basic,tracked,verified pushed commit + local archive,保留,NO
仍被使用,Content/GameplayEffects/BP_GE_P7_UltimateEnergyRefund.uasset,Content/GameplayEffects/BP_GE_P7_UltimateEnergyRefund.uasset,13145,Blueprint,蓝图 / 数据 / 其他资源,,dependency of /Game/Data/Skills/DA_Ultimate_Single_Test,/Game/Data/Skills/DA_Ultimate_Single_Test; /Game/Data/VerticalSlice/Skills/DA_Skill_Verina_BreathingGarden; /Game/Data/VerticalSlice/Skills/DA_Skill_Remiel_SkyJudgment; /Game/Data/VerticalSlice/Skills/DA_Skill_Huohua_GrandOpening; /Game/Data/VerticalSlice/Skills/DA_Skill_EvernightMoon_FullMoon,tracked,verified pushed commit + local archive,保留,NO
仍被使用,Content/GameplayEffects/BP_GE_P8_ToughnessDamage.uasset,Content/GameplayEffects/BP_GE_P8_ToughnessDamage.uasset,13256,Blueprint,蓝图 / 数据 / 其他资源,,dependency of /Game/Data/Skills/DA_BasicAttack_Single_Test,/Game/Data/Skills/DA_Ultimate_Single_Test; /Game/Data/Skills/DA_Skill_Single_Test; /Game/Data/Skills/DA_BasicAttack_Single_Test; /Game/Data/VerticalSlice/Skills/DA_Skill_Verina_Basic; /Game/Data/VerticalSlice/Skills/DA_Skill_Remiel_SkyJudgment; /Game/Data/VerticalSlice/Skills/DA_Skill_Remiel_Riftlight; /Game/Data/VerticalSlice/Skills/DA_Skill_Remiel_Basic; /Game/Data/VerticalSlice/Skills/DA_Skill_Huohua_GrandOpening; /Game/Data/VerticalSlice/Skills/DA_Skill_Huohua_BloomingStage; /Game/Data/VerticalSlice/Skills/DA_Skill_Huohua_Basic; /Game/Data/VerticalSlice/Skills/DA_Skill_EvernightMoon_Nightfall; /Game/Data/VerticalSlice/Skills/DA_Skill_EvernightMoon_FullMoon; /Game/Data/VerticalSlice/Skills/DA_Skill_EvernightMoon_Basic,tracked,verified pushed commit + local archive,保留,NO
仍被使用,Content/GameplayEffects/BP_GE_Test_EnergyBounds.uasset,Content/GameplayEffects/BP_GE_Test_EnergyBounds.uasset,17086,Blueprint,蓝图 / 数据 / 其他资源,,Source/HSR/Character/HSRCharacterBase.cpp,/Game/UI/WBP_AttributeDebug,tracked,verified pushed commit + local archive,保留,NO
仍被使用,Content/GameplayEffects/BP_GE_Test_HealthAboveMax.uasset,Content/GameplayEffects/BP_GE_Test_HealthAboveMax.uasset,12639,Blueprint,蓝图 / 数据 / 其他资源,,Source/HSR/Character/HSRCharacterBase.cpp,/Game/UI/WBP_AttributeDebug,tracked,verified pushed commit + local archive,保留,NO
仍被使用,Content/GameplayEffects/BP_GE_Test_HealthBelowZero.uasset,Content/GameplayEffects/BP_GE_Test_HealthBelowZero.uasset,13103,Blueprint,蓝图 / 数据 / 其他资源,,Source/HSR/Character/HSRCharacterBase.cpp,/Game/UI/WBP_AttributeDebug,tracked,verified pushed commit + local archive,保留,NO
仍被使用,Content/GameplayEffects/BP_GE_Test_LowerMaxHealth.uasset,Content/GameplayEffects/BP_GE_Test_LowerMaxHealth.uasset,12648,Blueprint,蓝图 / 数据 / 其他资源,,Source/HSR/Character/HSRCharacterBase.cpp,/Game/UI/WBP_AttributeDebug,tracked,verified pushed commit + local archive,保留,NO
仍被使用,Content/GameplayEffects/BP_GE_Test_SpeedBelowZero.uasset,Content/GameplayEffects/BP_GE_Test_SpeedBelowZero.uasset,12636,Blueprint,蓝图 / 数据 / 其他资源,,Source/HSR/Character/HSRCharacterBase.cpp,/Game/UI/WBP_AttributeDebug,tracked,verified pushed commit + local archive,保留,NO
仍被使用,Content/GameplayEffects/GE_CharacterProgression_P11.uasset,Content/GameplayEffects/GE_CharacterProgression_P11.uasset,27152,Blueprint,蓝图 / 数据 / 其他资源,,dependency of /Game/Presentation/Blueprints/BP_HertaSupportSectionGameMode,/Game/Presentation/Blueprints/BP_HertaSupportSectionGameMode; /Game/Blueprints/Framework/BP_HSRBattleGameMode,tracked,verified pushed commit + local archive,保留,NO
仍被使用,Content/GameplayEffects/GE_Equipment_P12.uasset,Content/GameplayEffects/GE_Equipment_P12.uasset,27410,Blueprint,蓝图 / 数据 / 其他资源,,Source/HSR/Battle/HSRBattleCoordinator.cpp; Source/HSR/Battle/HSRBattleCoordinator.cpp; Source/HSR/Character/HSRCharacterBase.cpp,,tracked,verified pushed commit + local archive,保留,NO
仍被使用,Content/GameplayEffects/GE_RelicSet_P12_A.uasset,Content/GameplayEffects/GE_RelicSet_P12_A.uasset,13151,Blueprint,蓝图 / 数据 / 其他资源,,Source/HSR/Battle/HSRBattleCoordinator.cpp; Source/HSR/Battle/HSRBattleCoordinator.cpp,/Game/Data/VerticalSlice/Relics/Sets/DA_RelicSet_ShiningMagicalGirl; /Game/Data/VerticalSlice/Relics/Sets/DA_RelicSet_HeavenLiveRoom,tracked,verified pushed commit + local archive,保留,NO
待核实,Content/GameplayEffects/GE_StageAttack_P17.uasset,Content/GameplayEffects/GE_StageAttack_P17.uasset,13165,Blueprint,蓝图 / 数据 / 其他资源,,test / authoring dependency: dependency of /Game/Data/Status/DA_StageBuff_Attack,/Game/Data/Status/DA_StageBuff_Attack,tracked,verified pushed commit + local archive,中,NO
仍被使用,Content/GameplayEffects/GE_Status_AttackUp_P9.uasset,Content/GameplayEffects/GE_Status_AttackUp_P9.uasset,14110,Blueprint,蓝图 / 数据 / 其他资源,,dependency of /Game/Data/Status/DA_Status_AttackUp_P9,/Game/Data/Status/DA_Status_AttackUp_P9,tracked,verified pushed commit + local archive,保留,NO
仍被使用,Content/GameplayEffects/GE_Status_AttackUpStack_P9_002.uasset,Content/GameplayEffects/GE_Status_AttackUpStack_P9_002.uasset,14470,Blueprint,蓝图 / 数据 / 其他资源,,dependency of /Game/Data/Status/DA_Status_AttackUpStack_P9_002,/Game/Data/Status/DA_Status_AttackUpStack_P9_002,tracked,verified pushed commit + local archive,保留,NO
仍被使用,Content/GameplayEffects/GE_Status_BreakDebuff_P9_003.uasset,Content/GameplayEffects/GE_Status_BreakDebuff_P9_003.uasset,7165,Blueprint,蓝图 / 数据 / 其他资源,,dependency of /Game/Data/Status/DA_Status_BreakDebuff_P9_003,/Game/Data/Status/DA_Status_BreakDebuff_P9_003,tracked,verified pushed commit + local archive,保留,NO
仍被使用,Content/GameplayEffects/GE_Status_DamageOverTime_P9_003.uasset,Content/GameplayEffects/GE_Status_DamageOverTime_P9_003.uasset,7216,Blueprint,蓝图 / 数据 / 其他资源,,dependency of /Game/Data/Status/DA_Status_DamageOverTime_P9_003,/Game/Data/Status/DA_Status_DamageOverTime_P9_003,tracked,verified pushed commit + local archive,保留,NO
仍被使用,Content/GameplayEffects/GE_Status_DebuffImmunity_P9_004.uasset,Content/GameplayEffects/GE_Status_DebuffImmunity_P9_004.uasset,7210,Blueprint,蓝图 / 数据 / 其他资源,,dependency of /Game/Presentation/Blueprints/BP_HertaSupportSectionGameMode,/Game/Presentation/Blueprints/BP_HertaSupportSectionGameMode; /Game/Blueprints/Framework/BP_HSRBattleGameMode,tracked,verified pushed commit + local archive,保留,NO
仍被使用,Content/Input/IA_Interact.uasset,Content/Input/IA_Interact.uasset,1398,InputAction,蓝图 / 数据 / 其他资源,,dependency of /Game/Blueprints/Character/Player/BP_HSRExplorationCharacter,/Game/Blueprints/Character/Player/BP_HSRExplorationCharacter; /Game/Blueprints/Input/BP_HSRPlayerController; /Game/Assets/mmd/Character/Velina/BP_Velina; /Game/Assets/mmd/Character/Sparxie/BP_Sparxie; /Game/Input/IMC_Exploration,tracked,verified pushed commit + local archive,保留,NO
仍被使用,Content/Input/IA_Jump.uasset,Content/Input/IA_Jump.uasset,1379,InputAction,蓝图 / 数据 / 其他资源,,dependency of /Game/Blueprints/Character/Player/BP_HSRExplorationCharacter,/Game/Blueprints/Character/Player/BP_HSRExplorationCharacter; /Game/Assets/mmd/Character/Velina/BP_Velina; /Game/Assets/mmd/Character/Sparxie/BP_Sparxie; /Game/Input/IMC_Exploration,tracked,verified pushed commit + local archive,保留,NO
仍被使用,Content/Input/IA_Look.uasset,Content/Input/IA_Look.uasset,1274,InputAction,蓝图 / 数据 / 其他资源,,dependency of /Game/Blueprints/Character/Player/BP_HSRExplorationCharacter,/Game/Blueprints/Character/Player/BP_HSRExplorationCharacter; /Game/Assets/mmd/Character/Velina/BP_Velina; /Game/Assets/mmd/Character/Sparxie/BP_Sparxie; /Game/Input/IMC_Exploration,tracked,verified pushed commit + local archive,保留,NO
仍被使用,Content/Input/IA_Move.uasset,Content/Input/IA_Move.uasset,1274,InputAction,蓝图 / 数据 / 其他资源,,dependency of /Game/Blueprints/Character/Player/BP_HSRExplorationCharacter,/Game/Blueprints/Character/Player/BP_HSRExplorationCharacter; /Game/Assets/mmd/Character/Velina/BP_Velina; /Game/Assets/mmd/Character/Sparxie/BP_Sparxie; /Game/Input/IMC_Exploration,tracked,verified pushed commit + local archive,保留,NO
仍被使用,Content/Input/IA_UI_Challenge.uasset,Content/Input/IA_UI_Challenge.uasset,1239,InputAction,蓝图 / 数据 / 其他资源,,dependency of /Game/Blueprints/Input/BP_HSRPlayerController,/Game/Blueprints/Input/BP_HSRPlayerController; /Game/Input/IMC_FrontendNavigation,tracked,verified pushed commit + local archive,保留,NO
仍被使用,Content/Input/IA_UI_CloseToRoot.uasset,Content/Input/IA_UI_CloseToRoot.uasset,1249,InputAction,蓝图 / 数据 / 其他资源,,dependency of /Game/Blueprints/Input/BP_HSRPlayerController,/Game/Blueprints/Input/BP_HSRPlayerController; /Game/Input/IMC_FrontendNavigation,tracked,verified pushed commit + local archive,保留,NO
仍被使用,Content/Input/IA_UI_Inventory.uasset,Content/Input/IA_UI_Inventory.uasset,1239,InputAction,蓝图 / 数据 / 其他资源,,dependency of /Game/Blueprints/Input/BP_HSRPlayerController,/Game/Blueprints/Input/BP_HSRPlayerController; /Game/Input/IMC_FrontendNavigation,tracked,verified pushed commit + local archive,保留,NO
仍被使用,Content/Input/IA_UI_Map.uasset,Content/Input/IA_UI_Map.uasset,1209,InputAction,蓝图 / 数据 / 其他资源,,dependency of /Game/Blueprints/Input/BP_HSRPlayerController,/Game/Blueprints/Input/BP_HSRPlayerController; /Game/Input/IMC_FrontendNavigation,tracked,verified pushed commit + local archive,保留,NO
仍被使用,Content/Input/IA_UI_Party.uasset,Content/Input/IA_UI_Party.uasset,1219,InputAction,蓝图 / 数据 / 其他资源,,dependency of /Game/Blueprints/Input/BP_HSRPlayerController,/Game/Blueprints/Input/BP_HSRPlayerController; /Game/Input/IMC_FrontendNavigation,tracked,verified pushed commit + local archive,保留,NO
仍被使用,Content/Input/IA_UI_PauseBack.uasset,Content/Input/IA_UI_PauseBack.uasset,1239,InputAction,蓝图 / 数据 / 其他资源,,dependency of /Game/Blueprints/Input/BP_HSRPlayerController,/Game/Blueprints/Input/BP_HSRPlayerController; /Game/Input/IMC_FrontendNavigation,tracked,verified pushed commit + local archive,保留,NO
仍被使用,Content/Input/IMC_Exploration.uasset,Content/Input/IMC_Exploration.uasset,7075,InputMappingContext,蓝图 / 数据 / 其他资源,,dependency of /Game/Blueprints/Input/BP_HSRPlayerController,/Game/Blueprints/Input/BP_HSRPlayerController,tracked,verified pushed commit + local archive,保留,NO
仍被使用,Content/Input/IMC_FrontendNavigation.uasset,Content/Input/IMC_FrontendNavigation.uasset,4477,InputMappingContext,蓝图 / 数据 / 其他资源,,dependency of /Game/Blueprints/Input/BP_HSRPlayerController,/Game/Blueprints/Input/BP_HSRPlayerController,tracked,verified pushed commit + local archive,保留,NO
待核实,Content/Maps/Map_Battle.umap,Content/Maps/Map_Battle.umap,65184,World,地图 / 场景,,test / authoring dependency: Source/HSR/Tests/HSRBattleMapReturnTests.cpp; Source/HSR/Tests/HSRBattleMapReturnTests.cpp; Source/HSR/Tests/HSRBattleMapReturnTests.cpp; Source/HSR/Tests/HSRChallengeDirectoryTests.cpp,/Game/Data/Encounters/DA_Encounter_Phase5Test,tracked,verified pushed commit + local archive,中,NO
待核实,Content/Maps/Map_BattleTest.umap,Content/Maps/Map_BattleTest.umap,68226,World,地图 / 场景,,test / authoring dependency: Source/HSR/Tests/HSRRewardIntegrationTests.cpp,,tracked,verified pushed commit + local archive,中,NO
待核实,Content/Maps/Map_Exploration_P15_A.umap,Content/Maps/Map_Exploration_P15_A.umap,167861,World,地图 / 场景,,test / authoring dependency: Source/HSR/Tests/HSRMapSubsystemTests.cpp,/Game/Data/Maps/DA_Map_Exploration_p15_A,tracked,verified pushed commit + local archive,中,NO
待核实,Content/Maps/Map_Exploration_P15_B.umap,Content/Maps/Map_Exploration_P15_B.umap,166342,World,地图 / 场景,,test / authoring dependency: Source/HSR/Tests/HSRBattleMapReturnTests.cpp; Source/HSR/Tests/HSRBattleMapReturnTests.cpp; Source/HSR/Tests/HSRBattleMapReturnTests.cpp; Source/HSR/Tests/HSRBattleMapReturnTests.cpp,/Game/Data/Maps/DA_Map_Exploration_p15_B,tracked,verified pushed commit + local archive,中,NO
仍被使用,Content/Maps/VerticalSlice,Content/Maps/VerticalSlice/Map_HertaSupportSection.umap,116436,World,地图 / 场景,,Source/HSR/Battle/HSRBattleAttributeInitialization.cpp (dynamic folder); Config/DefaultGame.ini; formal playable map,/Game/Data/VerticalSlice/Encounters/DA_Encounter_SupportSectionInspector; /Game/Data/VerticalSlice/Encounters/DA_Encounter_Laigushi; /Game/Data/VerticalSlice/Encounters/DA_Encounter_CourtyardPatrol; /Game/Data/VerticalSlice/Maps/DA_Map_HertaSupportSection,tracked,verified pushed commit + local archive,保留,NO
仍被使用,Content/Maps/VerticalSlice,Content/Maps/VerticalSlice/Map_NewEriduSixthStreetMetro.umap,356194,World,地图 / 场景,,Source/HSR/Battle/HSRBattleAttributeInitialization.cpp (dynamic folder); Config/DefaultGame.ini; formal playable map,/Game/Data/VerticalSlice/Maps/DA_Map_NewEriduSixthStreetMetro,tracked,verified pushed commit + local archive,保留,NO
仍被使用,Content/Maps/VerticalSlice,Content/Maps/VerticalSlice/Map_ObservationCar.umap,130394,World,地图 / 场景,,Source/HSR/Battle/HSRBattleAttributeInitialization.cpp (dynamic folder); Config/DefaultEngine.ini; Config/DefaultEngine.ini; Config/DefaultGame.ini,/Game/Data/VerticalSlice/Maps/DA_Map_ObservationCar,tracked,verified pushed commit + local archive,保留,NO
待核实,Content/Polytope_Studio/Nature_Free,Content/Polytope_Studio/Nature_Free/Materials/M_Shrubs_Buxus.uasset,942,unknown,蓝图 / 数据 / 其他资源,,no AssetRegistry package record / sidecar; manual verification required,,ignored,external local archive + SHA-256 manifest required,高,NO
待核实,Content/Polytope_Studio/Nature_Free,Content/Polytope_Studio/Nature_Free/Materials/M_Shrubs_Elderberry.uasset,952,unknown,蓝图 / 数据 / 其他资源,,no AssetRegistry package record / sidecar; manual verification required,,ignored,external local archive + SHA-256 manifest required,高,NO
待核实,Content/Presentation/Animation,Content/Presentation/Animation/ABP_Playable_EvernightMoon.uasset,378254,AnimBlueprint,角色 / 动作 / 重定向,,test / authoring dependency: Tools/Presentation/author_combat_animations.py (dynamic folder); Tools/Presentation/author_complete_defeat.py (dynamic folder); Tools/Presentation/finalize_party_animation.py (dynamic folder); Tools/Presentation/finalize_party_animation.py (dynamic folder),,untracked,external local archive + SHA-256 manifest required,中,NO
待核实,Content/Presentation/Animation,Content/Presentation/Animation/ABP_Playable_Huohua.uasset,378685,AnimBlueprint,角色 / 动作 / 重定向,,test / authoring dependency: Tools/Presentation/author_combat_animations.py (dynamic folder); Tools/Presentation/author_complete_defeat.py (dynamic folder); Tools/Presentation/finalize_party_animation.py (dynamic folder); Tools/Presentation/finalize_party_animation.py (dynamic folder),,untracked,external local archive + SHA-256 manifest required,中,NO
待核实,Content/Presentation/Animation,Content/Presentation/Animation/ABP_Playable_Remiel.uasset,376420,AnimBlueprint,角色 / 动作 / 重定向,,test / authoring dependency: Tools/Presentation/author_combat_animations.py (dynamic folder); Tools/Presentation/author_complete_defeat.py (dynamic folder); Tools/Presentation/finalize_party_animation.py (dynamic folder); Tools/Presentation/finalize_party_animation.py (dynamic folder),,untracked,external local archive + SHA-256 manifest required,中,NO
待核实,Content/Presentation/Animation,Content/Presentation/Animation/ABP_Playable_Verina.uasset,378037,AnimBlueprint,角色 / 动作 / 重定向,,test / authoring dependency: Tools/Presentation/author_combat_animations.py (dynamic folder); Tools/Presentation/author_complete_defeat.py (dynamic folder); Tools/Presentation/finalize_party_animation.py (dynamic folder); Tools/Presentation/finalize_party_animation.py (dynamic folder),,untracked,external local archive + SHA-256 manifest required,中,NO
待核实,Content/Presentation/Animation,Content/Presentation/Animation/CC0/IK_Quaternius.uasset,47330,IKRigDefinition,角色 / 动作 / 重定向,,test / authoring dependency: Tools/Presentation/author_cast_animations.py (dynamic folder); Tools/Presentation/author_combat_animations.py (dynamic folder); Tools/Presentation/author_complete_defeat.py (dynamic folder); Tools/Presentation/author_complete_defeat.py (dynamic folder),/Game/Presentation/Animation/RTG_CompleteDefeat_Verina; /Game/Presentation/Animation/RTG_CompleteDefeat_Remiel; /Game/Presentation/Animation/RTG_CompleteDefeat_Huohua; /Game/Presentation/Animation/RTG_CompleteDefeat_EvernightMoon,tracked,verified pushed commit + local archive,中,NO
待核实,Content/Presentation/Animation,Content/Presentation/Animation/CC0/QuaterniusCast.uasset,100517,AnimSequence,角色 / 动作 / 重定向,,test / authoring dependency: Tools/Presentation/author_cast_animations.py (dynamic folder); Tools/Presentation/author_combat_animations.py (dynamic folder); Tools/Presentation/author_complete_defeat.py (dynamic folder); Tools/Presentation/author_complete_defeat.py (dynamic folder),,tracked,verified pushed commit + local archive,中,NO
待核实,Content/Presentation/Animation,Content/Presentation/Animation/CC0/QuaterniusDeath.uasset,1880899,SkeletalMesh,角色 / 动作 / 重定向,,test / authoring dependency: Tools/Presentation/author_cast_animations.py (dynamic folder); Tools/Presentation/author_combat_animations.py (dynamic folder); Tools/Presentation/author_complete_defeat.py (dynamic folder); Tools/Presentation/author_complete_defeat.py (dynamic folder),/Game/Presentation/Animation/RTG_CompleteDefeat_Verina; /Game/Presentation/Animation/CC0/IK_Quaternius; /Game/Presentation/Animation/RTG_CompleteDefeat_Remiel; /Game/Presentation/Animation/RTG_CompleteDefeat_Huohua; /Game/Presentation/Animation/RTG_CompleteDefeat_EvernightMoon; /Game/Presentation/Animation/CC0/QuaterniusDeath_Skeleton; /Game/Presentation/Animation/CC0/QuaterniusDeath_PhysicsAsset,tracked,verified pushed commit + local archive,中,NO
待核实,Content/Presentation/Animation,Content/Presentation/Animation/CC0/QuaterniusDeath_Anim.uasset,320599,AnimSequence,角色 / 动作 / 重定向,,test / authoring dependency: Tools/Presentation/author_cast_animations.py (dynamic folder); Tools/Presentation/author_combat_animations.py (dynamic folder); Tools/Presentation/author_complete_defeat.py (dynamic folder); Tools/Presentation/author_complete_defeat.py (dynamic folder),,tracked,verified pushed commit + local archive,中,NO
待核实,Content/Presentation/Animation,Content/Presentation/Animation/CC0/QuaterniusDeath_PhysicsAsset.uasset,12676,PhysicsAsset,蓝图 / 数据 / 其他资源,,test / authoring dependency: Tools/Presentation/author_cast_animations.py (dynamic folder); Tools/Presentation/author_combat_animations.py (dynamic folder); Tools/Presentation/author_complete_defeat.py (dynamic folder); Tools/Presentation/author_complete_defeat.py (dynamic folder),/Game/Presentation/Animation/CC0/QuaterniusDeath,tracked,verified pushed commit + local archive,中,NO
待核实,Content/Presentation/Animation,Content/Presentation/Animation/CC0/QuaterniusDeath_Skeleton.uasset,19385,Skeleton,角色 / 动作 / 重定向,,test / authoring dependency: Tools/Presentation/author_cast_animations.py (dynamic folder); Tools/Presentation/author_combat_animations.py (dynamic folder); Tools/Presentation/author_complete_defeat.py (dynamic folder); Tools/Presentation/author_complete_defeat.py (dynamic folder),/Game/Presentation/Animation/CC0/QuaterniusDeath; /Game/Presentation/Animation/CC0/QuaterniusHeal; /Game/Presentation/Animation/CC0/QuaterniusDeath_Anim; /Game/Presentation/Animation/CC0/QuaterniusCast,tracked,verified pushed commit + local archive,中,NO
待核实,Content/Presentation/Animation,Content/Presentation/Animation/CC0/QuaterniusHeal.uasset,106341,AnimSequence,角色 / 动作 / 重定向,,test / authoring dependency: Tools/Presentation/author_cast_animations.py (dynamic folder); Tools/Presentation/author_combat_animations.py (dynamic folder); Tools/Presentation/author_complete_defeat.py (dynamic folder); Tools/Presentation/author_complete_defeat.py (dynamic folder),,tracked,verified pushed commit + local archive,中,NO
仍被使用,Content/Presentation/Animation,Content/Presentation/Animation/Combat/CAST_Remiel_QuaterniusCast.uasset,1022841,AnimSequence,角色 / 动作 / 重定向,,dependency of /Game/Data/VerticalSlice/Characters/DA_Character_Remiel,/Game/Data/VerticalSlice/Characters/DA_Character_Remiel,untracked,external local archive + SHA-256 manifest required,保留,NO
仍被使用,Content/Presentation/Animation,Content/Presentation/Animation/Combat/CAST_Verina_QuaterniusCast.uasset,915069,AnimSequence,角色 / 动作 / 重定向,,dependency of /Game/Data/VerticalSlice/Characters/DA_Character_Verina,/Game/Data/VerticalSlice/Characters/DA_Character_Verina,untracked,external local archive + SHA-256 manifest required,保留,NO
仍被使用,Content/Presentation/Animation,Content/Presentation/Animation/Combat/CAST_Verina_QuaterniusHeal.uasset,916099,AnimSequence,角色 / 动作 / 重定向,,dependency of /Game/Data/VerticalSlice/Characters/DA_Character_Verina,/Game/Data/VerticalSlice/Characters/DA_Character_Verina,untracked,external local archive + SHA-256 manifest required,保留,NO
待核实,Content/Presentation/Animation,Content/Presentation/Animation/Combat/EvernightMoon_MM_Attack_01.uasset,459655,AnimSequence,角色 / 动作 / 重定向,,test / authoring dependency: Tools/Presentation/author_combat_animations.py (dynamic folder); Tools/Presentation/author_combat_animations.py (dynamic folder); Tools/Presentation/author_complete_defeat.py (dynamic folder); Tools/Presentation/finalize_party_animation.py (dynamic folder),,untracked,external local archive + SHA-256 manifest required,中,NO
待核实,Content/Presentation/Animation,Content/Presentation/Animation/Combat/EvernightMoon_MM_Death_Front_01.uasset,461658,AnimSequence,角色 / 动作 / 重定向,,test / authoring dependency: Tools/Presentation/author_combat_animations.py (dynamic folder); Tools/Presentation/author_combat_animations.py (dynamic folder); Tools/Presentation/author_complete_defeat.py (dynamic folder); Tools/Presentation/finalize_party_animation.py (dynamic folder),,untracked,external local archive + SHA-256 manifest required,中,NO
待核实,Content/Presentation/Animation,Content/Presentation/Animation/Combat/EvernightMoon_MM_HitReact_Front_Med_01.uasset,462041,AnimSequence,角色 / 动作 / 重定向,,test / authoring dependency: Tools/Presentation/author_combat_animations.py (dynamic folder); Tools/Presentation/author_combat_animations.py (dynamic folder); Tools/Presentation/author_complete_defeat.py (dynamic folder); Tools/Presentation/finalize_party_animation.py (dynamic folder),,untracked,external local archive + SHA-256 manifest required,中,NO
仍被使用,Content/Presentation/Animation,Content/Presentation/Animation/Combat/FULL_EvernightMoon_QuaterniusDeath_Anim.uasset,508099,AnimSequence,角色 / 动作 / 重定向,,dependency of /Game/Data/VerticalSlice/Characters/DA_Character_EvernightMoon,/Game/Data/VerticalSlice/Characters/DA_Character_EvernightMoon,untracked,external local archive + SHA-256 manifest required,保留,NO
仍被使用,Content/Presentation/Animation,Content/Presentation/Animation/Combat/FULL_Huohua_QuaterniusDeath_Anim.uasset,516033,AnimSequence,角色 / 动作 / 重定向,,dependency of /Game/Data/VerticalSlice/Characters/DA_Character_Huohua,/Game/Data/VerticalSlice/Characters/DA_Character_Huohua,untracked,external local archive + SHA-256 manifest required,保留,NO
仍被使用,Content/Presentation/Animation,Content/Presentation/Animation/Combat/FULL_Remiel_QuaterniusDeath_Anim.uasset,1060978,AnimSequence,角色 / 动作 / 重定向,,dependency of /Game/Data/VerticalSlice/Characters/DA_Character_Remiel,/Game/Data/VerticalSlice/Characters/DA_Character_Remiel,untracked,external local archive + SHA-256 manifest required,保留,NO
仍被使用,Content/Presentation/Animation,Content/Presentation/Animation/Combat/FULL_Verina_QuaterniusDeath_Anim.uasset,953677,AnimSequence,角色 / 动作 / 重定向,,dependency of /Game/Data/VerticalSlice/Characters/DA_Character_Verina,/Game/Data/VerticalSlice/Characters/DA_Character_Verina,untracked,external local archive + SHA-256 manifest required,保留,NO
待核实,Content/Presentation/Animation,Content/Presentation/Animation/Combat/Huohua_MM_Attack_01.uasset,467886,AnimSequence,角色 / 动作 / 重定向,,test / authoring dependency: Tools/Presentation/author_combat_animations.py (dynamic folder); Tools/Presentation/author_combat_animations.py (dynamic folder); Tools/Presentation/author_complete_defeat.py (dynamic folder); Tools/Presentation/finalize_party_animation.py (dynamic folder),,untracked,external local archive + SHA-256 manifest required,中,NO
待核实,Content/Presentation/Animation,Content/Presentation/Animation/Combat/Huohua_MM_Death_Front_01.uasset,469526,AnimSequence,角色 / 动作 / 重定向,,test / authoring dependency: Tools/Presentation/author_combat_animations.py (dynamic folder); Tools/Presentation/author_combat_animations.py (dynamic folder); Tools/Presentation/author_complete_defeat.py (dynamic folder); Tools/Presentation/finalize_party_animation.py (dynamic folder),,untracked,external local archive + SHA-256 manifest required,中,NO
待核实,Content/Presentation/Animation,Content/Presentation/Animation/Combat/Huohua_MM_HitReact_Front_Med_01.uasset,469909,AnimSequence,角色 / 动作 / 重定向,,test / authoring dependency: Tools/Presentation/author_combat_animations.py (dynamic folder); Tools/Presentation/author_combat_animations.py (dynamic folder); Tools/Presentation/author_complete_defeat.py (dynamic folder); Tools/Presentation/finalize_party_animation.py (dynamic folder),,untracked,external local archive + SHA-256 manifest required,中,NO
仍被使用,Content/Presentation/Animation,Content/Presentation/Animation/Combat/LIVE_EvernightMoon_MM_Attack_01.uasset,566774,AnimSequence,角色 / 动作 / 重定向,,dependency of /Game/Data/VerticalSlice/Characters/DA_Character_EvernightMoon,/Game/Data/VerticalSlice/Characters/DA_Character_EvernightMoon,untracked,external local archive + SHA-256 manifest required,保留,NO
仍被使用,Content/Presentation/Animation,Content/Presentation/Animation/Combat/LIVE_EvernightMoon_MM_ChargedAttack.uasset,649297,AnimSequence,角色 / 动作 / 重定向,,dependency of /Game/Data/VerticalSlice/Characters/DA_Character_EvernightMoon,/Game/Data/VerticalSlice/Characters/DA_Character_EvernightMoon,untracked,external local archive + SHA-256 manifest required,保留,NO
待核实,Content/Presentation/Animation,Content/Presentation/Animation/Combat/LIVE_EvernightMoon_MM_Death_Front_01.uasset,675598,AnimSequence,角色 / 动作 / 重定向,,test / authoring dependency: Tools/Presentation/author_combat_animations.py (dynamic folder); Tools/Presentation/author_combat_animations.py (dynamic folder); Tools/Presentation/author_complete_defeat.py (dynamic folder); Tools/Presentation/finalize_party_animation.py (dynamic folder),,untracked,external local archive + SHA-256 manifest required,中,NO
仍被使用,Content/Presentation/Animation,Content/Presentation/Animation/Combat/LIVE_EvernightMoon_MM_HitReact_Front_Med_01.uasset,604834,AnimSequence,角色 / 动作 / 重定向,,dependency of /Game/Data/VerticalSlice/Characters/DA_Character_EvernightMoon,/Game/Data/VerticalSlice/Characters/DA_Character_EvernightMoon,untracked,external local archive + SHA-256 manifest required,保留,NO
仍被使用,Content/Presentation/Animation,Content/Presentation/Animation/Combat/LIVE_Huohua_MM_Attack_01.uasset,573183,AnimSequence,角色 / 动作 / 重定向,,dependency of /Game/Data/VerticalSlice/Characters/DA_Character_Huohua,/Game/Data/VerticalSlice/Characters/DA_Character_Huohua,untracked,external local archive + SHA-256 manifest required,保留,NO
仍被使用,Content/Presentation/Animation,Content/Presentation/Animation/Combat/LIVE_Huohua_MM_ChargedAttack.uasset,658405,AnimSequence,角色 / 动作 / 重定向,,dependency of /Game/Data/VerticalSlice/Characters/DA_Character_Huohua,/Game/Data/VerticalSlice/Characters/DA_Character_Huohua,untracked,external local archive + SHA-256 manifest required,保留,NO
待核实,Content/Presentation/Animation,Content/Presentation/Animation/Combat/LIVE_Huohua_MM_Death_Front_01.uasset,685164,AnimSequence,角色 / 动作 / 重定向,,test / authoring dependency: Tools/Presentation/author_combat_animations.py (dynamic folder); Tools/Presentation/author_combat_animations.py (dynamic folder); Tools/Presentation/author_complete_defeat.py (dynamic folder); Tools/Presentation/finalize_party_animation.py (dynamic folder),,untracked,external local archive + SHA-256 manifest required,中,NO
仍被使用,Content/Presentation/Animation,Content/Presentation/Animation/Combat/LIVE_Huohua_MM_HitReact_Front_Med_01.uasset,614298,AnimSequence,角色 / 动作 / 重定向,,dependency of /Game/Data/VerticalSlice/Characters/DA_Character_Huohua,/Game/Data/VerticalSlice/Characters/DA_Character_Huohua,untracked,external local archive + SHA-256 manifest required,保留,NO
待核实,Content/Presentation/Animation,Content/Presentation/Animation/Combat/LIVE_Remiel_MM_Attack_01.uasset,1119788,AnimSequence,角色 / 动作 / 重定向,,test / authoring dependency: Tools/Presentation/author_combat_animations.py (dynamic folder); Tools/Presentation/author_combat_animations.py (dynamic folder); Tools/Presentation/author_complete_defeat.py (dynamic folder); Tools/Presentation/finalize_party_animation.py (dynamic folder),,untracked,external local archive + SHA-256 manifest required,中,NO
待核实,Content/Presentation/Animation,Content/Presentation/Animation/Combat/LIVE_Remiel_MM_ChargedAttack.uasset,1202889,AnimSequence,角色 / 动作 / 重定向,,test / authoring dependency: Tools/Presentation/author_combat_animations.py (dynamic folder); Tools/Presentation/author_combat_animations.py (dynamic folder); Tools/Presentation/author_complete_defeat.py (dynamic folder); Tools/Presentation/finalize_party_animation.py (dynamic folder),,untracked,external local archive + SHA-256 manifest required,中,NO
待核实,Content/Presentation/Animation,Content/Presentation/Animation/Combat/LIVE_Remiel_MM_Death_Front_01.uasset,1230406,AnimSequence,角色 / 动作 / 重定向,,test / authoring dependency: Tools/Presentation/author_combat_animations.py (dynamic folder); Tools/Presentation/author_combat_animations.py (dynamic folder); Tools/Presentation/author_complete_defeat.py (dynamic folder); Tools/Presentation/finalize_party_animation.py (dynamic folder),,untracked,external local archive + SHA-256 manifest required,中,NO
仍被使用,Content/Presentation/Animation,Content/Presentation/Animation/Combat/LIVE_Remiel_MM_HitReact_Front_Med_01.uasset,1157735,AnimSequence,角色 / 动作 / 重定向,,dependency of /Game/Data/VerticalSlice/Characters/DA_Character_Remiel,/Game/Data/VerticalSlice/Characters/DA_Character_Remiel,untracked,external local archive + SHA-256 manifest required,保留,NO
待核实,Content/Presentation/Animation,Content/Presentation/Animation/Combat/LIVE_Verina_MM_Attack_01.uasset,1011049,AnimSequence,角色 / 动作 / 重定向,,test / authoring dependency: Tools/Presentation/author_combat_animations.py (dynamic folder); Tools/Presentation/author_combat_animations.py (dynamic folder); Tools/Presentation/author_complete_defeat.py (dynamic folder); Tools/Presentation/finalize_party_animation.py (dynamic folder),,untracked,external local archive + SHA-256 manifest required,中,NO
待核实,Content/Presentation/Animation,Content/Presentation/Animation/Combat/LIVE_Verina_MM_ChargedAttack.uasset,1089529,AnimSequence,角色 / 动作 / 重定向,,test / authoring dependency: Tools/Presentation/author_combat_animations.py (dynamic folder); Tools/Presentation/author_combat_animations.py (dynamic folder); Tools/Presentation/author_complete_defeat.py (dynamic folder); Tools/Presentation/finalize_party_animation.py (dynamic folder),,untracked,external local archive + SHA-256 manifest required,中,NO
待核实,Content/Presentation/Animation,Content/Presentation/Animation/Combat/LIVE_Verina_MM_Death_Front_01.uasset,1113249,AnimSequence,角色 / 动作 / 重定向,,test / authoring dependency: Tools/Presentation/author_combat_animations.py (dynamic folder); Tools/Presentation/author_combat_animations.py (dynamic folder); Tools/Presentation/author_complete_defeat.py (dynamic folder); Tools/Presentation/finalize_party_animation.py (dynamic folder),,untracked,external local archive + SHA-256 manifest required,中,NO
仍被使用,Content/Presentation/Animation,Content/Presentation/Animation/Combat/LIVE_Verina_MM_HitReact_Front_Med_01.uasset,1050502,AnimSequence,角色 / 动作 / 重定向,,dependency of /Game/Data/VerticalSlice/Characters/DA_Character_Verina,/Game/Data/VerticalSlice/Characters/DA_Character_Verina,untracked,external local archive + SHA-256 manifest required,保留,NO
待核实,Content/Presentation/Animation,Content/Presentation/Animation/Combat/Remiel_MM_Attack_01.uasset,1011917,AnimSequence,角色 / 动作 / 重定向,,test / authoring dependency: Tools/Presentation/author_combat_animations.py (dynamic folder); Tools/Presentation/author_combat_animations.py (dynamic folder); Tools/Presentation/author_complete_defeat.py (dynamic folder); Tools/Presentation/finalize_party_animation.py (dynamic folder),,untracked,external local archive + SHA-256 manifest required,中,NO
待核实,Content/Presentation/Animation,Content/Presentation/Animation/Combat/Remiel_MM_Death_Front_01.uasset,1013920,AnimSequence,角色 / 动作 / 重定向,,test / authoring dependency: Tools/Presentation/author_combat_animations.py (dynamic folder); Tools/Presentation/author_combat_animations.py (dynamic folder); Tools/Presentation/author_complete_defeat.py (dynamic folder); Tools/Presentation/finalize_party_animation.py (dynamic folder),,untracked,external local archive + SHA-256 manifest required,中,NO
待核实,Content/Presentation/Animation,Content/Presentation/Animation/Combat/Remiel_MM_HitReact_Front_Med_01.uasset,1014303,AnimSequence,角色 / 动作 / 重定向,,test / authoring dependency: Tools/Presentation/author_combat_animations.py (dynamic folder); Tools/Presentation/author_combat_animations.py (dynamic folder); Tools/Presentation/author_complete_defeat.py (dynamic folder); Tools/Presentation/finalize_party_animation.py (dynamic folder),,untracked,external local archive + SHA-256 manifest required,中,NO
待核实,Content/Presentation/Animation,Content/Presentation/Animation/Combat/Verina_MM_Attack_01.uasset,905349,AnimSequence,角色 / 动作 / 重定向,,test / authoring dependency: Tools/Presentation/author_combat_animations.py (dynamic folder); Tools/Presentation/author_combat_animations.py (dynamic folder); Tools/Presentation/author_complete_defeat.py (dynamic folder); Tools/Presentation/finalize_party_animation.py (dynamic folder),,untracked,external local archive + SHA-256 manifest required,中,NO
待核实,Content/Presentation/Animation,Content/Presentation/Animation/Combat/Verina_MM_Death_Front_01.uasset,907352,AnimSequence,角色 / 动作 / 重定向,,test / authoring dependency: Tools/Presentation/author_combat_animations.py (dynamic folder); Tools/Presentation/author_combat_animations.py (dynamic folder); Tools/Presentation/author_complete_defeat.py (dynamic folder); Tools/Presentation/finalize_party_animation.py (dynamic folder),,untracked,external local archive + SHA-256 manifest required,中,NO
待核实,Content/Presentation/Animation,Content/Presentation/Animation/Combat/Verina_MM_HitReact_Front_Med_01.uasset,907735,AnimSequence,角色 / 动作 / 重定向,,test / authoring dependency: Tools/Presentation/author_combat_animations.py (dynamic folder); Tools/Presentation/author_combat_animations.py (dynamic folder); Tools/Presentation/author_complete_defeat.py (dynamic folder); Tools/Presentation/finalize_party_animation.py (dynamic folder),,untracked,external local archive + SHA-256 manifest required,中,NO
仍被使用,Content/Presentation/Animation,Content/Presentation/Animation/Locomotion/EvernightMoon/FINAL_EvernightMoon_ABP_Unarmed.uasset,379595,AnimBlueprint,角色 / 动作 / 重定向,,dependency of /Game/Data/VerticalSlice/Characters/DA_Character_EvernightMoon,/Game/Data/VerticalSlice/Characters/DA_Character_EvernightMoon,untracked,external local archive + SHA-256 manifest required,保留,NO
仍被使用,Content/Presentation/Animation,Content/Presentation/Animation/Locomotion/EvernightMoon/FINAL_EvernightMoon_BS_Idle_Walk_Run.uasset,53849,BlendSpace,蓝图 / 数据 / 其他资源,,dependency of /Game/Presentation/Animation/Locomotion/EvernightMoon/FINAL_EvernightMoon_ABP_Unarmed,/Game/Presentation/Animation/Locomotion/EvernightMoon/FINAL_EvernightMoon_ABP_Unarmed,untracked,external local archive + SHA-256 manifest required,保留,NO
仍被使用,Content/Presentation/Animation,Content/Presentation/Animation/Locomotion/EvernightMoon/FINAL_EvernightMoon_MF_Unarmed_Jog_Bwd.uasset,740014,AnimSequence,角色 / 动作 / 重定向,,dependency of /Game/Presentation/Animation/Locomotion/EvernightMoon/FINAL_EvernightMoon_BS_Idle_Walk_Run,/Game/Presentation/Animation/Locomotion/EvernightMoon/FINAL_EvernightMoon_BS_Idle_Walk_Run,untracked,external local archive + SHA-256 manifest required,保留,NO
仍被使用,Content/Presentation/Animation,Content/Presentation/Animation/Locomotion/EvernightMoon/FINAL_EvernightMoon_MF_Unarmed_Jog_Bwd_Left.uasset,741978,AnimSequence,角色 / 动作 / 重定向,,dependency of /Game/Presentation/Animation/Locomotion/EvernightMoon/FINAL_EvernightMoon_BS_Idle_Walk_Run,/Game/Presentation/Animation/Locomotion/EvernightMoon/FINAL_EvernightMoon_BS_Idle_Walk_Run,untracked,external local archive + SHA-256 manifest required,保留,NO
仍被使用,Content/Presentation/Animation,Content/Presentation/Animation/Locomotion/EvernightMoon/FINAL_EvernightMoon_MF_Unarmed_Jog_Bwd_Right.uasset,741869,AnimSequence,角色 / 动作 / 重定向,,dependency of /Game/Presentation/Animation/Locomotion/EvernightMoon/FINAL_EvernightMoon_BS_Idle_Walk_Run,/Game/Presentation/Animation/Locomotion/EvernightMoon/FINAL_EvernightMoon_BS_Idle_Walk_Run,untracked,external local archive + SHA-256 manifest required,保留,NO
仍被使用,Content/Presentation/Animation,Content/Presentation/Animation/Locomotion/EvernightMoon/FINAL_EvernightMoon_MF_Unarmed_Jog_Fwd.uasset,786052,AnimSequence,角色 / 动作 / 重定向,,dependency of /Game/Presentation/Animation/Locomotion/EvernightMoon/FINAL_EvernightMoon_BS_Idle_Walk_Run,/Game/Presentation/Animation/Locomotion/EvernightMoon/FINAL_EvernightMoon_BS_Idle_Walk_Run,untracked,external local archive + SHA-256 manifest required,保留,NO
仍被使用,Content/Presentation/Animation,Content/Presentation/Animation/Locomotion/EvernightMoon/FINAL_EvernightMoon_MF_Unarmed_Jog_Fwd_Left.uasset,788192,AnimSequence,角色 / 动作 / 重定向,,dependency of /Game/Presentation/Animation/Locomotion/EvernightMoon/FINAL_EvernightMoon_BS_Idle_Walk_Run,/Game/Presentation/Animation/Locomotion/EvernightMoon/FINAL_EvernightMoon_BS_Idle_Walk_Run,untracked,external local archive + SHA-256 manifest required,保留,NO
仍被使用,Content/Presentation/Animation,Content/Presentation/Animation/Locomotion/EvernightMoon/FINAL_EvernightMoon_MF_Unarmed_Jog_Fwd_Right.uasset,788232,AnimSequence,角色 / 动作 / 重定向,,dependency of /Game/Presentation/Animation/Locomotion/EvernightMoon/FINAL_EvernightMoon_BS_Idle_Walk_Run,/Game/Presentation/Animation/Locomotion/EvernightMoon/FINAL_EvernightMoon_BS_Idle_Walk_Run,untracked,external local archive + SHA-256 manifest required,保留,NO
仍被使用,Content/Presentation/Animation,Content/Presentation/Animation/Locomotion/EvernightMoon/FINAL_EvernightMoon_MF_Unarmed_Jog_Left.uasset,749497,AnimSequence,角色 / 动作 / 重定向,,dependency of /Game/Presentation/Animation/Locomotion/EvernightMoon/FINAL_EvernightMoon_BS_Idle_Walk_Run,/Game/Presentation/Animation/Locomotion/EvernightMoon/FINAL_EvernightMoon_BS_Idle_Walk_Run,untracked,external local archive + SHA-256 manifest required,保留,NO
仍被使用,Content/Presentation/Animation,Content/Presentation/Animation/Locomotion/EvernightMoon/FINAL_EvernightMoon_MF_Unarmed_Jog_Right.uasset,786609,AnimSequence,角色 / 动作 / 重定向,,dependency of /Game/Presentation/Animation/Locomotion/EvernightMoon/FINAL_EvernightMoon_BS_Idle_Walk_Run,/Game/Presentation/Animation/Locomotion/EvernightMoon/FINAL_EvernightMoon_BS_Idle_Walk_Run,untracked,external local archive + SHA-256 manifest required,保留,NO
仍被使用,Content/Presentation/Animation,Content/Presentation/Animation/Locomotion/EvernightMoon/FINAL_EvernightMoon_MF_Unarmed_Walk_Bwd.uasset,856987,AnimSequence,角色 / 动作 / 重定向,,dependency of /Game/Presentation/Animation/Locomotion/EvernightMoon/FINAL_EvernightMoon_BS_Idle_Walk_Run,/Game/Presentation/Animation/Locomotion/EvernightMoon/FINAL_EvernightMoon_BS_Idle_Walk_Run,untracked,external local archive + SHA-256 manifest required,保留,NO
仍被使用,Content/Presentation/Animation,Content/Presentation/Animation/Locomotion/EvernightMoon/FINAL_EvernightMoon_MF_Unarmed_Walk_Bwd_Left.uasset,860203,AnimSequence,角色 / 动作 / 重定向,,dependency of /Game/Presentation/Animation/Locomotion/EvernightMoon/FINAL_EvernightMoon_BS_Idle_Walk_Run,/Game/Presentation/Animation/Locomotion/EvernightMoon/FINAL_EvernightMoon_BS_Idle_Walk_Run,untracked,external local archive + SHA-256 manifest required,保留,NO
仍被使用,Content/Presentation/Animation,Content/Presentation/Animation/Locomotion/EvernightMoon/FINAL_EvernightMoon_MF_Unarmed_Walk_Bwd_Right.uasset,860087,AnimSequence,角色 / 动作 / 重定向,,dependency of /Game/Presentation/Animation/Locomotion/EvernightMoon/FINAL_EvernightMoon_BS_Idle_Walk_Run,/Game/Presentation/Animation/Locomotion/EvernightMoon/FINAL_EvernightMoon_BS_Idle_Walk_Run,untracked,external local archive + SHA-256 manifest required,保留,NO
仍被使用,Content/Presentation/Animation,Content/Presentation/Animation/Locomotion/EvernightMoon/FINAL_EvernightMoon_MF_Unarmed_Walk_Fwd.uasset,738043,AnimSequence,角色 / 动作 / 重定向,,dependency of /Game/Presentation/Animation/Locomotion/EvernightMoon/FINAL_EvernightMoon_BS_Idle_Walk_Run,/Game/Presentation/Animation/Locomotion/EvernightMoon/FINAL_EvernightMoon_BS_Idle_Walk_Run,untracked,external local archive + SHA-256 manifest required,保留,NO
仍被使用,Content/Presentation/Animation,Content/Presentation/Animation/Locomotion/EvernightMoon/FINAL_EvernightMoon_MF_Unarmed_Walk_Fwd_Left.uasset,739977,AnimSequence,角色 / 动作 / 重定向,,dependency of /Game/Presentation/Animation/Locomotion/EvernightMoon/FINAL_EvernightMoon_BS_Idle_Walk_Run,/Game/Presentation/Animation/Locomotion/EvernightMoon/FINAL_EvernightMoon_BS_Idle_Walk_Run,untracked,external local archive + SHA-256 manifest required,保留,NO
仍被使用,Content/Presentation/Animation,Content/Presentation/Animation/Locomotion/EvernightMoon/FINAL_EvernightMoon_MF_Unarmed_Walk_Fwd_Right.uasset,739730,AnimSequence,角色 / 动作 / 重定向,,dependency of /Game/Presentation/Animation/Locomotion/EvernightMoon/FINAL_EvernightMoon_BS_Idle_Walk_Run,/Game/Presentation/Animation/Locomotion/EvernightMoon/FINAL_EvernightMoon_BS_Idle_Walk_Run,untracked,external local archive + SHA-256 manifest required,保留,NO
仍被使用,Content/Presentation/Animation,Content/Presentation/Animation/Locomotion/EvernightMoon/FINAL_EvernightMoon_MF_Unarmed_Walk_Left.uasset,746985,AnimSequence,角色 / 动作 / 重定向,,dependency of /Game/Presentation/Animation/Locomotion/EvernightMoon/FINAL_EvernightMoon_BS_Idle_Walk_Run,/Game/Presentation/Animation/Locomotion/EvernightMoon/FINAL_EvernightMoon_BS_Idle_Walk_Run,untracked,external local archive + SHA-256 manifest required,保留,NO
仍被使用,Content/Presentation/Animation,Content/Presentation/Animation/Locomotion/EvernightMoon/FINAL_EvernightMoon_MF_Unarmed_Walk_Right.uasset,746637,AnimSequence,角色 / 动作 / 重定向,,dependency of /Game/Presentation/Animation/Locomotion/EvernightMoon/FINAL_EvernightMoon_BS_Idle_Walk_Run,/Game/Presentation/Animation/Locomotion/EvernightMoon/FINAL_EvernightMoon_BS_Idle_Walk_Run,untracked,external local archive + SHA-256 manifest required,保留,NO
仍被使用,Content/Presentation/Animation,Content/Presentation/Animation/Locomotion/EvernightMoon/FINAL_EvernightMoon_MM_Fall_Loop.uasset,999634,AnimSequence,角色 / 动作 / 重定向,,dependency of /Game/Presentation/Animation/Locomotion/EvernightMoon/FINAL_EvernightMoon_ABP_Unarmed,/Game/Presentation/Animation/Locomotion/EvernightMoon/FINAL_EvernightMoon_ABP_Unarmed,untracked,external local archive + SHA-256 manifest required,保留,NO
仍被使用,Content/Presentation/Animation,Content/Presentation/Animation/Locomotion/EvernightMoon/FINAL_EvernightMoon_MM_Idle.uasset,1815235,AnimSequence,角色 / 动作 / 重定向,,dependency of /Game/Presentation/Animation/Locomotion/EvernightMoon/FINAL_EvernightMoon_ABP_Unarmed,/Game/Presentation/Animation/Locomotion/EvernightMoon/FINAL_EvernightMoon_BS_Idle_Walk_Run; /Game/Presentation/Animation/Locomotion/EvernightMoon/FINAL_EvernightMoon_ABP_Unarmed,untracked,external local archive + SHA-256 manifest required,保留,NO
仍被使用,Content/Presentation/Animation,Content/Presentation/Animation/Locomotion/EvernightMoon/FINAL_EvernightMoon_MM_Jump.uasset,623896,AnimSequence,角色 / 动作 / 重定向,,dependency of /Game/Presentation/Animation/Locomotion/EvernightMoon/FINAL_EvernightMoon_ABP_Unarmed,/Game/Presentation/Animation/Locomotion/EvernightMoon/FINAL_EvernightMoon_ABP_Unarmed,untracked,external local archive + SHA-256 manifest required,保留,NO
仍被使用,Content/Presentation/Animation,Content/Presentation/Animation/Locomotion/EvernightMoon/FINAL_EvernightMoon_MM_Land.uasset,622608,AnimSequence,角色 / 动作 / 重定向,,dependency of /Game/Presentation/Animation/Locomotion/EvernightMoon/FINAL_EvernightMoon_ABP_Unarmed,/Game/Presentation/Animation/Locomotion/EvernightMoon/FINAL_EvernightMoon_ABP_Unarmed,untracked,external local archive + SHA-256 manifest required,保留,NO
待核实,Content/Presentation/Animation,Content/Presentation/Animation/Locomotion/EvernightMoon/FIX_EvernightMoon_ABP_Unarmed.uasset,379820,AnimBlueprint,角色 / 动作 / 重定向,,test / authoring dependency: Tools/Presentation/author_combat_animations.py (dynamic folder); Tools/Presentation/author_complete_defeat.py (dynamic folder); Tools/Presentation/author_content.py (dynamic folder); Tools/Presentation/finalize_party_animation.py (dynamic folder),,untracked,external local archive + SHA-256 manifest required,中,NO
待核实,Content/Presentation/Animation,Content/Presentation/Animation/Locomotion/EvernightMoon/FIX_EvernightMoon_BS_Idle_Walk_Run.uasset,54112,BlendSpace,蓝图 / 数据 / 其他资源,,test / authoring dependency: Tools/Presentation/author_combat_animations.py (dynamic folder); Tools/Presentation/author_complete_defeat.py (dynamic folder); Tools/Presentation/author_content.py (dynamic folder); Tools/Presentation/finalize_party_animation.py (dynamic folder),/Game/Presentation/Animation/Locomotion/EvernightMoon/FIX_EvernightMoon_ABP_Unarmed,untracked,external local archive + SHA-256 manifest required,中,NO
待核实,Content/Presentation/Animation,Content/Presentation/Animation/Locomotion/EvernightMoon/FIX_EvernightMoon_MF_Unarmed_Jog_Bwd.uasset,459804,AnimSequence,角色 / 动作 / 重定向,,test / authoring dependency: Tools/Presentation/author_combat_animations.py (dynamic folder); Tools/Presentation/author_complete_defeat.py (dynamic folder); Tools/Presentation/author_content.py (dynamic folder); Tools/Presentation/finalize_party_animation.py (dynamic folder),/Game/Presentation/Animation/Locomotion/EvernightMoon/FIX_EvernightMoon_BS_Idle_Walk_Run,untracked,external local archive + SHA-256 manifest required,中,NO
待核实,Content/Presentation/Animation,Content/Presentation/Animation/Locomotion/EvernightMoon/FIX_EvernightMoon_MF_Unarmed_Jog_Bwd_Left.uasset,458692,AnimSequence,角色 / 动作 / 重定向,,test / authoring dependency: Tools/Presentation/author_combat_animations.py (dynamic folder); Tools/Presentation/author_complete_defeat.py (dynamic folder); Tools/Presentation/author_content.py (dynamic folder); Tools/Presentation/finalize_party_animation.py (dynamic folder),/Game/Presentation/Animation/Locomotion/EvernightMoon/FIX_EvernightMoon_BS_Idle_Walk_Run,untracked,external local archive + SHA-256 manifest required,中,NO
待核实,Content/Presentation/Animation,Content/Presentation/Animation/Locomotion/EvernightMoon/FIX_EvernightMoon_MF_Unarmed_Jog_Bwd_Right.uasset,458697,AnimSequence,角色 / 动作 / 重定向,,test / authoring dependency: Tools/Presentation/author_combat_animations.py (dynamic folder); Tools/Presentation/author_complete_defeat.py (dynamic folder); Tools/Presentation/author_content.py (dynamic folder); Tools/Presentation/finalize_party_animation.py (dynamic folder),/Game/Presentation/Animation/Locomotion/EvernightMoon/FIX_EvernightMoon_BS_Idle_Walk_Run,untracked,external local archive + SHA-256 manifest required,中,NO
待核实,Content/Presentation/Animation,Content/Presentation/Animation/Locomotion/EvernightMoon/FIX_EvernightMoon_MF_Unarmed_Jog_Fwd.uasset,459814,AnimSequence,角色 / 动作 / 重定向,,test / authoring dependency: Tools/Presentation/author_combat_animations.py (dynamic folder); Tools/Presentation/author_complete_defeat.py (dynamic folder); Tools/Presentation/author_content.py (dynamic folder); Tools/Presentation/finalize_party_animation.py (dynamic folder),/Game/Presentation/Animation/Locomotion/EvernightMoon/FIX_EvernightMoon_BS_Idle_Walk_Run,untracked,external local archive + SHA-256 manifest required,中,NO
待核实,Content/Presentation/Animation,Content/Presentation/Animation/Locomotion/EvernightMoon/FIX_EvernightMoon_MF_Unarmed_Jog_Fwd_Left.uasset,458692,AnimSequence,角色 / 动作 / 重定向,,test / authoring dependency: Tools/Presentation/author_combat_animations.py (dynamic folder); Tools/Presentation/author_complete_defeat.py (dynamic folder); Tools/Presentation/author_content.py (dynamic folder); Tools/Presentation/finalize_party_animation.py (dynamic folder),/Game/Presentation/Animation/Locomotion/EvernightMoon/FIX_EvernightMoon_BS_Idle_Walk_Run,untracked,external local archive + SHA-256 manifest required,中,NO
待核实,Content/Presentation/Animation,Content/Presentation/Animation/Locomotion/EvernightMoon/FIX_EvernightMoon_MF_Unarmed_Jog_Fwd_Right.uasset,458697,AnimSequence,角色 / 动作 / 重定向,,test / authoring dependency: Tools/Presentation/author_combat_animations.py (dynamic folder); Tools/Presentation/author_complete_defeat.py (dynamic folder); Tools/Presentation/author_content.py (dynamic folder); Tools/Presentation/finalize_party_animation.py (dynamic folder),/Game/Presentation/Animation/Locomotion/EvernightMoon/FIX_EvernightMoon_BS_Idle_Walk_Run,untracked,external local archive + SHA-256 manifest required,中,NO
待核实,Content/Presentation/Animation,Content/Presentation/Animation/Locomotion/EvernightMoon/FIX_EvernightMoon_MF_Unarmed_Jog_Left.uasset,459812,AnimSequence,角色 / 动作 / 重定向,,test / authoring dependency: Tools/Presentation/author_combat_animations.py (dynamic folder); Tools/Presentation/author_complete_defeat.py (dynamic folder); Tools/Presentation/author_content.py (dynamic folder); Tools/Presentation/finalize_party_animation.py (dynamic folder),/Game/Presentation/Animation/Locomotion/EvernightMoon/FIX_EvernightMoon_BS_Idle_Walk_Run,untracked,external local archive + SHA-256 manifest required,中,NO
待核实,Content/Presentation/Animation,Content/Presentation/Animation/Locomotion/EvernightMoon/FIX_EvernightMoon_MF_Unarmed_Jog_Right.uasset,459830,AnimSequence,角色 / 动作 / 重定向,,test / authoring dependency: Tools/Presentation/author_combat_animations.py (dynamic folder); Tools/Presentation/author_complete_defeat.py (dynamic folder); Tools/Presentation/author_content.py (dynamic folder); Tools/Presentation/finalize_party_animation.py (dynamic folder),/Game/Presentation/Animation/Locomotion/EvernightMoon/FIX_EvernightMoon_BS_Idle_Walk_Run,untracked,external local archive + SHA-256 manifest required,中,NO
待核实,Content/Presentation/Animation,Content/Presentation/Animation/Locomotion/EvernightMoon/FIX_EvernightMoon_MF_Unarmed_Walk_Bwd.uasset,459850,AnimSequence,角色 / 动作 / 重定向,,test / authoring dependency: Tools/Presentation/author_combat_animations.py (dynamic folder); Tools/Presentation/author_complete_defeat.py (dynamic folder); Tools/Presentation/author_content.py (dynamic folder); Tools/Presentation/finalize_party_animation.py (dynamic folder),/Game/Presentation/Animation/Locomotion/EvernightMoon/FIX_EvernightMoon_BS_Idle_Walk_Run,untracked,external local archive + SHA-256 manifest required,中,NO
待核实,Content/Presentation/Animation,Content/Presentation/Animation/Locomotion/EvernightMoon/FIX_EvernightMoon_MF_Unarmed_Walk_Bwd_Left.uasset,458736,AnimSequence,角色 / 动作 / 重定向,,test / authoring dependency: Tools/Presentation/author_combat_animations.py (dynamic folder); Tools/Presentation/author_complete_defeat.py (dynamic folder); Tools/Presentation/author_content.py (dynamic folder); Tools/Presentation/finalize_party_animation.py (dynamic folder),/Game/Presentation/Animation/Locomotion/EvernightMoon/FIX_EvernightMoon_BS_Idle_Walk_Run,untracked,external local archive + SHA-256 manifest required,中,NO
待核实,Content/Presentation/Animation,Content/Presentation/Animation/Locomotion/EvernightMoon/FIX_EvernightMoon_MF_Unarmed_Walk_Bwd_Right.uasset,458741,AnimSequence,角色 / 动作 / 重定向,,test / authoring dependency: Tools/Presentation/author_combat_animations.py (dynamic folder); Tools/Presentation/author_complete_defeat.py (dynamic folder); Tools/Presentation/author_content.py (dynamic folder); Tools/Presentation/finalize_party_animation.py (dynamic folder),/Game/Presentation/Animation/Locomotion/EvernightMoon/FIX_EvernightMoon_BS_Idle_Walk_Run,untracked,external local archive + SHA-256 manifest required,中,NO
待核实,Content/Presentation/Animation,Content/Presentation/Animation/Locomotion/EvernightMoon/FIX_EvernightMoon_MF_Unarmed_Walk_Fwd.uasset,459533,AnimSequence,角色 / 动作 / 重定向,,test / authoring dependency: Tools/Presentation/author_combat_animations.py (dynamic folder); Tools/Presentation/author_complete_defeat.py (dynamic folder); Tools/Presentation/author_content.py (dynamic folder); Tools/Presentation/finalize_party_animation.py (dynamic folder),/Game/Presentation/Animation/Locomotion/EvernightMoon/FIX_EvernightMoon_BS_Idle_Walk_Run,untracked,external local archive + SHA-256 manifest required,中,NO
待核实,Content/Presentation/Animation,Content/Presentation/Animation/Locomotion/EvernightMoon/FIX_EvernightMoon_MF_Unarmed_Walk_Fwd_Left.uasset,458408,AnimSequence,角色 / 动作 / 重定向,,test / authoring dependency: Tools/Presentation/author_combat_animations.py (dynamic folder); Tools/Presentation/author_complete_defeat.py (dynamic folder); Tools/Presentation/author_content.py (dynamic folder); Tools/Presentation/finalize_party_animation.py (dynamic folder),/Game/Presentation/Animation/Locomotion/EvernightMoon/FIX_EvernightMoon_BS_Idle_Walk_Run,untracked,external local archive + SHA-256 manifest required,中,NO
待核实,Content/Presentation/Animation,Content/Presentation/Animation/Locomotion/EvernightMoon/FIX_EvernightMoon_MF_Unarmed_Walk_Fwd_Right.uasset,458413,AnimSequence,角色 / 动作 / 重定向,,test / authoring dependency: Tools/Presentation/author_combat_animations.py (dynamic folder); Tools/Presentation/author_complete_defeat.py (dynamic folder); Tools/Presentation/author_content.py (dynamic folder); Tools/Presentation/finalize_party_animation.py (dynamic folder),/Game/Presentation/Animation/Locomotion/EvernightMoon/FIX_EvernightMoon_BS_Idle_Walk_Run,untracked,external local archive + SHA-256 manifest required,中,NO
待核实,Content/Presentation/Animation,Content/Presentation/Animation/Locomotion/EvernightMoon/FIX_EvernightMoon_MF_Unarmed_Walk_Left.uasset,459541,AnimSequence,角色 / 动作 / 重定向,,test / authoring dependency: Tools/Presentation/author_combat_animations.py (dynamic folder); Tools/Presentation/author_complete_defeat.py (dynamic folder); Tools/Presentation/author_content.py (dynamic folder); Tools/Presentation/finalize_party_animation.py (dynamic folder),/Game/Presentation/Animation/Locomotion/EvernightMoon/FIX_EvernightMoon_BS_Idle_Walk_Run,untracked,external local archive + SHA-256 manifest required,中,NO
待核实,Content/Presentation/Animation,Content/Presentation/Animation/Locomotion/EvernightMoon/FIX_EvernightMoon_MF_Unarmed_Walk_Right.uasset,459524,AnimSequence,角色 / 动作 / 重定向,,test / authoring dependency: Tools/Presentation/author_combat_animations.py (dynamic folder); Tools/Presentation/author_complete_defeat.py (dynamic folder); Tools/Presentation/author_content.py (dynamic folder); Tools/Presentation/finalize_party_animation.py (dynamic folder),/Game/Presentation/Animation/Locomotion/EvernightMoon/FIX_EvernightMoon_BS_Idle_Walk_Run,untracked,external local archive + SHA-256 manifest required,中,NO
待核实,Content/Presentation/Animation,Content/Presentation/Animation/Locomotion/EvernightMoon/FIX_EvernightMoon_MM_Fall_Loop.uasset,458715,AnimSequence,角色 / 动作 / 重定向,,test / authoring dependency: Tools/Presentation/author_combat_animations.py (dynamic folder); Tools/Presentation/author_complete_defeat.py (dynamic folder); Tools/Presentation/author_content.py (dynamic folder); Tools/Presentation/finalize_party_animation.py (dynamic folder),/Game/Presentation/Animation/Locomotion/EvernightMoon/FIX_EvernightMoon_ABP_Unarmed,untracked,external local archive + SHA-256 manifest required,中,NO
待核实,Content/Presentation/Animation,Content/Presentation/Animation/Locomotion/EvernightMoon/FIX_EvernightMoon_MM_Idle.uasset,458591,AnimSequence,角色 / 动作 / 重定向,,test / authoring dependency: Tools/Presentation/author_combat_animations.py (dynamic folder); Tools/Presentation/author_complete_defeat.py (dynamic folder); Tools/Presentation/author_content.py (dynamic folder); Tools/Presentation/finalize_party_animation.py (dynamic folder),/Game/Presentation/Animation/Locomotion/EvernightMoon/FIX_EvernightMoon_BS_Idle_Walk_Run; /Game/Presentation/Animation/Locomotion/EvernightMoon/FIX_EvernightMoon_ABP_Unarmed,untracked,external local archive + SHA-256 manifest required,中,NO
待核实,Content/Presentation/Animation,Content/Presentation/Animation/Locomotion/EvernightMoon/FIX_EvernightMoon_MM_Jump.uasset,458687,AnimSequence,角色 / 动作 / 重定向,,test / authoring dependency: Tools/Presentation/author_combat_animations.py (dynamic folder); Tools/Presentation/author_complete_defeat.py (dynamic folder); Tools/Presentation/author_content.py (dynamic folder); Tools/Presentation/finalize_party_animation.py (dynamic folder),/Game/Presentation/Animation/Locomotion/EvernightMoon/FIX_EvernightMoon_ABP_Unarmed,untracked,external local archive + SHA-256 manifest required,中,NO
待核实,Content/Presentation/Animation,Content/Presentation/Animation/Locomotion/EvernightMoon/FIX_EvernightMoon_MM_Land.uasset,458847,AnimSequence,角色 / 动作 / 重定向,,test / authoring dependency: Tools/Presentation/author_combat_animations.py (dynamic folder); Tools/Presentation/author_complete_defeat.py (dynamic folder); Tools/Presentation/author_content.py (dynamic folder); Tools/Presentation/finalize_party_animation.py (dynamic folder),/Game/Presentation/Animation/Locomotion/EvernightMoon/FIX_EvernightMoon_ABP_Unarmed,untracked,external local archive + SHA-256 manifest required,中,NO
待核实,Content/Presentation/Animation,Content/Presentation/Animation/Locomotion/EvernightMoon/LIVE_EvernightMoon_ABP_Unarmed.uasset,379496,AnimBlueprint,角色 / 动作 / 重定向,,test / authoring dependency: Tools/Presentation/author_combat_animations.py (dynamic folder); Tools/Presentation/author_complete_defeat.py (dynamic folder); Tools/Presentation/author_content.py (dynamic folder); Tools/Presentation/finalize_party_animation.py (dynamic folder),,untracked,external local archive + SHA-256 manifest required,中,NO
待核实,Content/Presentation/Animation,Content/Presentation/Animation/Locomotion/EvernightMoon/LIVE_EvernightMoon_BS_Idle_Walk_Run.uasset,53743,BlendSpace,蓝图 / 数据 / 其他资源,,test / authoring dependency: Tools/Presentation/author_combat_animations.py (dynamic folder); Tools/Presentation/author_complete_defeat.py (dynamic folder); Tools/Presentation/author_content.py (dynamic folder); Tools/Presentation/finalize_party_animation.py (dynamic folder),/Game/Presentation/Animation/Locomotion/EvernightMoon/LIVE_EvernightMoon_ABP_Unarmed,untracked,external local archive + SHA-256 manifest required,中,NO
待核实,Content/Presentation/Animation,Content/Presentation/Animation/Locomotion/EvernightMoon/LIVE_EvernightMoon_MF_Unarmed_Jog_Bwd.uasset,742669,AnimSequence,角色 / 动作 / 重定向,,test / authoring dependency: Tools/Presentation/author_combat_animations.py (dynamic folder); Tools/Presentation/author_complete_defeat.py (dynamic folder); Tools/Presentation/author_content.py (dynamic folder); Tools/Presentation/finalize_party_animation.py (dynamic folder),/Game/Presentation/Animation/Locomotion/EvernightMoon/LIVE_EvernightMoon_BS_Idle_Walk_Run,untracked,external local archive + SHA-256 manifest required,中,NO
待核实,Content/Presentation/Animation,Content/Presentation/Animation/Locomotion/EvernightMoon/LIVE_EvernightMoon_MF_Unarmed_Jog_Bwd_Left.uasset,744532,AnimSequence,角色 / 动作 / 重定向,,test / authoring dependency: Tools/Presentation/author_combat_animations.py (dynamic folder); Tools/Presentation/author_complete_defeat.py (dynamic folder); Tools/Presentation/author_content.py (dynamic folder); Tools/Presentation/finalize_party_animation.py (dynamic folder),/Game/Presentation/Animation/Locomotion/EvernightMoon/LIVE_EvernightMoon_BS_Idle_Walk_Run,untracked,external local archive + SHA-256 manifest required,中,NO
待核实,Content/Presentation/Animation,Content/Presentation/Animation/Locomotion/EvernightMoon/LIVE_EvernightMoon_MF_Unarmed_Jog_Bwd_Right.uasset,744506,AnimSequence,角色 / 动作 / 重定向,,test / authoring dependency: Tools/Presentation/author_combat_animations.py (dynamic folder); Tools/Presentation/author_complete_defeat.py (dynamic folder); Tools/Presentation/author_content.py (dynamic folder); Tools/Presentation/finalize_party_animation.py (dynamic folder),/Game/Presentation/Animation/Locomotion/EvernightMoon/LIVE_EvernightMoon_BS_Idle_Walk_Run,untracked,external local archive + SHA-256 manifest required,中,NO
待核实,Content/Presentation/Animation,Content/Presentation/Animation/Locomotion/EvernightMoon/LIVE_EvernightMoon_MF_Unarmed_Jog_Fwd.uasset,789049,AnimSequence,角色 / 动作 / 重定向,,test / authoring dependency: Tools/Presentation/author_combat_animations.py (dynamic folder); Tools/Presentation/author_complete_defeat.py (dynamic folder); Tools/Presentation/author_content.py (dynamic folder); Tools/Presentation/finalize_party_animation.py (dynamic folder),/Game/Presentation/Animation/Locomotion/EvernightMoon/LIVE_EvernightMoon_BS_Idle_Walk_Run,untracked,external local archive + SHA-256 manifest required,中,NO
待核实,Content/Presentation/Animation,Content/Presentation/Animation/Locomotion/EvernightMoon/LIVE_EvernightMoon_MF_Unarmed_Jog_Fwd_Left.uasset,791278,AnimSequence,角色 / 动作 / 重定向,,test / authoring dependency: Tools/Presentation/author_combat_animations.py (dynamic folder); Tools/Presentation/author_complete_defeat.py (dynamic folder); Tools/Presentation/author_content.py (dynamic folder); Tools/Presentation/finalize_party_animation.py (dynamic folder),/Game/Presentation/Animation/Locomotion/EvernightMoon/LIVE_EvernightMoon_BS_Idle_Walk_Run,untracked,external local archive + SHA-256 manifest required,中,NO
待核实,Content/Presentation/Animation,Content/Presentation/Animation/Locomotion/EvernightMoon/LIVE_EvernightMoon_MF_Unarmed_Jog_Fwd_Right.uasset,791279,AnimSequence,角色 / 动作 / 重定向,,test / authoring dependency: Tools/Presentation/author_combat_animations.py (dynamic folder); Tools/Presentation/author_complete_defeat.py (dynamic folder); Tools/Presentation/author_content.py (dynamic folder); Tools/Presentation/finalize_party_animation.py (dynamic folder),/Game/Presentation/Animation/Locomotion/EvernightMoon/LIVE_EvernightMoon_BS_Idle_Walk_Run,untracked,external local archive + SHA-256 manifest required,中,NO
待核实,Content/Presentation/Animation,Content/Presentation/Animation/Locomotion/EvernightMoon/LIVE_EvernightMoon_MF_Unarmed_Jog_Left.uasset,749004,AnimSequence,角色 / 动作 / 重定向,,test / authoring dependency: Tools/Presentation/author_combat_animations.py (dynamic folder); Tools/Presentation/author_complete_defeat.py (dynamic folder); Tools/Presentation/author_content.py (dynamic folder); Tools/Presentation/finalize_party_animation.py (dynamic folder),/Game/Presentation/Animation/Locomotion/EvernightMoon/LIVE_EvernightMoon_BS_Idle_Walk_Run,untracked,external local archive + SHA-256 manifest required,中,NO
待核实,Content/Presentation/Animation,Content/Presentation/Animation/Locomotion/EvernightMoon/LIVE_EvernightMoon_MF_Unarmed_Jog_Right.uasset,786184,AnimSequence,角色 / 动作 / 重定向,,test / authoring dependency: Tools/Presentation/author_combat_animations.py (dynamic folder); Tools/Presentation/author_complete_defeat.py (dynamic folder); Tools/Presentation/author_content.py (dynamic folder); Tools/Presentation/finalize_party_animation.py (dynamic folder),/Game/Presentation/Animation/Locomotion/EvernightMoon/LIVE_EvernightMoon_BS_Idle_Walk_Run,untracked,external local archive + SHA-256 manifest required,中,NO
待核实,Content/Presentation/Animation,Content/Presentation/Animation/Locomotion/EvernightMoon/LIVE_EvernightMoon_MF_Unarmed_Walk_Bwd.uasset,860768,AnimSequence,角色 / 动作 / 重定向,,test / authoring dependency: Tools/Presentation/author_combat_animations.py (dynamic folder); Tools/Presentation/author_complete_defeat.py (dynamic folder); Tools/Presentation/author_content.py (dynamic folder); Tools/Presentation/finalize_party_animation.py (dynamic folder),/Game/Presentation/Animation/Locomotion/EvernightMoon/LIVE_EvernightMoon_BS_Idle_Walk_Run,untracked,external local archive + SHA-256 manifest required,中,NO
待核实,Content/Presentation/Animation,Content/Presentation/Animation/Locomotion/EvernightMoon/LIVE_EvernightMoon_MF_Unarmed_Walk_Bwd_Left.uasset,863900,AnimSequence,角色 / 动作 / 重定向,,test / authoring dependency: Tools/Presentation/author_combat_animations.py (dynamic folder); Tools/Presentation/author_complete_defeat.py (dynamic folder); Tools/Presentation/author_content.py (dynamic folder); Tools/Presentation/finalize_party_animation.py (dynamic folder),/Game/Presentation/Animation/Locomotion/EvernightMoon/LIVE_EvernightMoon_BS_Idle_Walk_Run,untracked,external local archive + SHA-256 manifest required,中,NO
待核实,Content/Presentation/Animation,Content/Presentation/Animation/Locomotion/EvernightMoon/LIVE_EvernightMoon_MF_Unarmed_Walk_Bwd_Right.uasset,863829,AnimSequence,角色 / 动作 / 重定向,,test / authoring dependency: Tools/Presentation/author_combat_animations.py (dynamic folder); Tools/Presentation/author_complete_defeat.py (dynamic folder); Tools/Presentation/author_content.py (dynamic folder); Tools/Presentation/finalize_party_animation.py (dynamic folder),/Game/Presentation/Animation/Locomotion/EvernightMoon/LIVE_EvernightMoon_BS_Idle_Walk_Run,untracked,external local archive + SHA-256 manifest required,中,NO
待核实,Content/Presentation/Animation,Content/Presentation/Animation/Locomotion/EvernightMoon/LIVE_EvernightMoon_MF_Unarmed_Walk_Fwd.uasset,743143,AnimSequence,角色 / 动作 / 重定向,,test / authoring dependency: Tools/Presentation/author_combat_animations.py (dynamic folder); Tools/Presentation/author_complete_defeat.py (dynamic folder); Tools/Presentation/author_content.py (dynamic folder); Tools/Presentation/finalize_party_animation.py (dynamic folder),/Game/Presentation/Animation/Locomotion/EvernightMoon/LIVE_EvernightMoon_BS_Idle_Walk_Run,untracked,external local archive + SHA-256 manifest required,中,NO
待核实,Content/Presentation/Animation,Content/Presentation/Animation/Locomotion/EvernightMoon/LIVE_EvernightMoon_MF_Unarmed_Walk_Fwd_Left.uasset,744911,AnimSequence,角色 / 动作 / 重定向,,test / authoring dependency: Tools/Presentation/author_combat_animations.py (dynamic folder); Tools/Presentation/author_complete_defeat.py (dynamic folder); Tools/Presentation/author_content.py (dynamic folder); Tools/Presentation/finalize_party_animation.py (dynamic folder),/Game/Presentation/Animation/Locomotion/EvernightMoon/LIVE_EvernightMoon_BS_Idle_Walk_Run,untracked,external local archive + SHA-256 manifest required,中,NO
待核实,Content/Presentation/Animation,Content/Presentation/Animation/Locomotion/EvernightMoon/LIVE_EvernightMoon_MF_Unarmed_Walk_Fwd_Right.uasset,744801,AnimSequence,角色 / 动作 / 重定向,,test / authoring dependency: Tools/Presentation/author_combat_animations.py (dynamic folder); Tools/Presentation/author_complete_defeat.py (dynamic folder); Tools/Presentation/author_content.py (dynamic folder); Tools/Presentation/finalize_party_animation.py (dynamic folder),/Game/Presentation/Animation/Locomotion/EvernightMoon/LIVE_EvernightMoon_BS_Idle_Walk_Run,untracked,external local archive + SHA-256 manifest required,中,NO
待核实,Content/Presentation/Animation,Content/Presentation/Animation/Locomotion/EvernightMoon/LIVE_EvernightMoon_MF_Unarmed_Walk_Left.uasset,746277,AnimSequence,角色 / 动作 / 重定向,,test / authoring dependency: Tools/Presentation/author_combat_animations.py (dynamic folder); Tools/Presentation/author_complete_defeat.py (dynamic folder); Tools/Presentation/author_content.py (dynamic folder); Tools/Presentation/finalize_party_animation.py (dynamic folder),/Game/Presentation/Animation/Locomotion/EvernightMoon/LIVE_EvernightMoon_BS_Idle_Walk_Run,untracked,external local archive + SHA-256 manifest required,中,NO
待核实,Content/Presentation/Animation,Content/Presentation/Animation/Locomotion/EvernightMoon/LIVE_EvernightMoon_MF_Unarmed_Walk_Right.uasset,745953,AnimSequence,角色 / 动作 / 重定向,,test / authoring dependency: Tools/Presentation/author_combat_animations.py (dynamic folder); Tools/Presentation/author_complete_defeat.py (dynamic folder); Tools/Presentation/author_content.py (dynamic folder); Tools/Presentation/finalize_party_animation.py (dynamic folder),/Game/Presentation/Animation/Locomotion/EvernightMoon/LIVE_EvernightMoon_BS_Idle_Walk_Run,untracked,external local archive + SHA-256 manifest required,中,NO
待核实,Content/Presentation/Animation,Content/Presentation/Animation/Locomotion/EvernightMoon/LIVE_EvernightMoon_MM_Fall_Loop.uasset,999595,AnimSequence,角色 / 动作 / 重定向,,test / authoring dependency: Tools/Presentation/author_combat_animations.py (dynamic folder); Tools/Presentation/author_complete_defeat.py (dynamic folder); Tools/Presentation/author_content.py (dynamic folder); Tools/Presentation/finalize_party_animation.py (dynamic folder),/Game/Presentation/Animation/Locomotion/EvernightMoon/LIVE_EvernightMoon_ABP_Unarmed,untracked,external local archive + SHA-256 manifest required,中,NO
待核实,Content/Presentation/Animation,Content/Presentation/Animation/Locomotion/EvernightMoon/LIVE_EvernightMoon_MM_Idle.uasset,1815193,AnimSequence,角色 / 动作 / 重定向,,test / authoring dependency: Tools/Presentation/author_combat_animations.py (dynamic folder); Tools/Presentation/author_complete_defeat.py (dynamic folder); Tools/Presentation/author_content.py (dynamic folder); Tools/Presentation/finalize_party_animation.py (dynamic folder),/Game/Presentation/Animation/Locomotion/EvernightMoon/LIVE_EvernightMoon_BS_Idle_Walk_Run; /Game/Presentation/Animation/Locomotion/EvernightMoon/LIVE_EvernightMoon_ABP_Unarmed,untracked,external local archive + SHA-256 manifest required,中,NO
待核实,Content/Presentation/Animation,Content/Presentation/Animation/Locomotion/EvernightMoon/LIVE_EvernightMoon_MM_Jump.uasset,623877,AnimSequence,角色 / 动作 / 重定向,,test / authoring dependency: Tools/Presentation/author_combat_animations.py (dynamic folder); Tools/Presentation/author_complete_defeat.py (dynamic folder); Tools/Presentation/author_content.py (dynamic folder); Tools/Presentation/finalize_party_animation.py (dynamic folder),/Game/Presentation/Animation/Locomotion/EvernightMoon/LIVE_EvernightMoon_ABP_Unarmed,untracked,external local archive + SHA-256 manifest required,中,NO
待核实,Content/Presentation/Animation,Content/Presentation/Animation/Locomotion/EvernightMoon/LIVE_EvernightMoon_MM_Land.uasset,622487,AnimSequence,角色 / 动作 / 重定向,,test / authoring dependency: Tools/Presentation/author_combat_animations.py (dynamic folder); Tools/Presentation/author_complete_defeat.py (dynamic folder); Tools/Presentation/author_content.py (dynamic folder); Tools/Presentation/finalize_party_animation.py (dynamic folder),/Game/Presentation/Animation/Locomotion/EvernightMoon/LIVE_EvernightMoon_ABP_Unarmed,untracked,external local archive + SHA-256 manifest required,中,NO
仍被使用,Content/Presentation/Animation,Content/Presentation/Animation/Locomotion/Huohua/FINAL_Huohua_ABP_Unarmed.uasset,379822,AnimBlueprint,角色 / 动作 / 重定向,,dependency of /Game/Data/VerticalSlice/Characters/DA_Character_Huohua,/Game/Data/VerticalSlice/Characters/DA_Character_Huohua,untracked,external local archive + SHA-256 manifest required,保留,NO
仍被使用,Content/Presentation/Animation,Content/Presentation/Animation/Locomotion/Huohua/FINAL_Huohua_BS_Idle_Walk_Run.uasset,54813,BlendSpace,蓝图 / 数据 / 其他资源,,dependency of /Game/Presentation/Animation/Locomotion/Huohua/FINAL_Huohua_ABP_Unarmed,/Game/Presentation/Animation/Locomotion/Huohua/FINAL_Huohua_ABP_Unarmed,untracked,external local archive + SHA-256 manifest required,保留,NO
仍被使用,Content/Presentation/Animation,Content/Presentation/Animation/Locomotion/Huohua/FINAL_Huohua_MF_Unarmed_Jog_Bwd.uasset,749712,AnimSequence,角色 / 动作 / 重定向,,dependency of /Game/Presentation/Animation/Locomotion/Huohua/FINAL_Huohua_BS_Idle_Walk_Run,/Game/Presentation/Animation/Locomotion/Huohua/FINAL_Huohua_BS_Idle_Walk_Run,untracked,external local archive + SHA-256 manifest required,保留,NO
仍被使用,Content/Presentation/Animation,Content/Presentation/Animation/Locomotion/Huohua/FINAL_Huohua_MF_Unarmed_Jog_Bwd_Left.uasset,751741,AnimSequence,角色 / 动作 / 重定向,,dependency of /Game/Presentation/Animation/Locomotion/Huohua/FINAL_Huohua_BS_Idle_Walk_Run,/Game/Presentation/Animation/Locomotion/Huohua/FINAL_Huohua_BS_Idle_Walk_Run,untracked,external local archive + SHA-256 manifest required,保留,NO
仍被使用,Content/Presentation/Animation,Content/Presentation/Animation/Locomotion/Huohua/FINAL_Huohua_MF_Unarmed_Jog_Bwd_Right.uasset,751601,AnimSequence,角色 / 动作 / 重定向,,dependency of /Game/Presentation/Animation/Locomotion/Huohua/FINAL_Huohua_BS_Idle_Walk_Run,/Game/Presentation/Animation/Locomotion/Huohua/FINAL_Huohua_BS_Idle_Walk_Run,untracked,external local archive + SHA-256 manifest required,保留,NO
仍被使用,Content/Presentation/Animation,Content/Presentation/Animation/Locomotion/Huohua/FINAL_Huohua_MF_Unarmed_Jog_Fwd.uasset,796012,AnimSequence,角色 / 动作 / 重定向,,dependency of /Game/Presentation/Animation/Locomotion/Huohua/FINAL_Huohua_BS_Idle_Walk_Run,/Game/Presentation/Animation/Locomotion/Huohua/FINAL_Huohua_BS_Idle_Walk_Run,untracked,external local archive + SHA-256 manifest required,保留,NO
仍被使用,Content/Presentation/Animation,Content/Presentation/Animation/Locomotion/Huohua/FINAL_Huohua_MF_Unarmed_Jog_Fwd_Left.uasset,798169,AnimSequence,角色 / 动作 / 重定向,,dependency of /Game/Presentation/Animation/Locomotion/Huohua/FINAL_Huohua_BS_Idle_Walk_Run,/Game/Presentation/Animation/Locomotion/Huohua/FINAL_Huohua_BS_Idle_Walk_Run,untracked,external local archive + SHA-256 manifest required,保留,NO
仍被使用,Content/Presentation/Animation,Content/Presentation/Animation/Locomotion/Huohua/FINAL_Huohua_MF_Unarmed_Jog_Fwd_Right.uasset,798022,AnimSequence,角色 / 动作 / 重定向,,dependency of /Game/Presentation/Animation/Locomotion/Huohua/FINAL_Huohua_BS_Idle_Walk_Run,/Game/Presentation/Animation/Locomotion/Huohua/FINAL_Huohua_BS_Idle_Walk_Run,untracked,external local archive + SHA-256 manifest required,保留,NO
仍被使用,Content/Presentation/Animation,Content/Presentation/Animation/Locomotion/Huohua/FINAL_Huohua_MF_Unarmed_Jog_Left.uasset,753170,AnimSequence,角色 / 动作 / 重定向,,dependency of /Game/Presentation/Animation/Locomotion/Huohua/FINAL_Huohua_BS_Idle_Walk_Run,/Game/Presentation/Animation/Locomotion/Huohua/FINAL_Huohua_BS_Idle_Walk_Run,untracked,external local archive + SHA-256 manifest required,保留,NO
仍被使用,Content/Presentation/Animation,Content/Presentation/Animation/Locomotion/Huohua/FINAL_Huohua_MF_Unarmed_Jog_Right.uasset,792916,AnimSequence,角色 / 动作 / 重定向,,dependency of /Game/Presentation/Animation/Locomotion/Huohua/FINAL_Huohua_BS_Idle_Walk_Run,/Game/Presentation/Animation/Locomotion/Huohua/FINAL_Huohua_BS_Idle_Walk_Run,untracked,external local archive + SHA-256 manifest required,保留,NO
仍被使用,Content/Presentation/Animation,Content/Presentation/Animation/Locomotion/Huohua/FINAL_Huohua_MF_Unarmed_Walk_Bwd.uasset,866609,AnimSequence,角色 / 动作 / 重定向,,dependency of /Game/Presentation/Animation/Locomotion/Huohua/FINAL_Huohua_BS_Idle_Walk_Run,/Game/Presentation/Animation/Locomotion/Huohua/FINAL_Huohua_BS_Idle_Walk_Run,untracked,external local archive + SHA-256 manifest required,保留,NO
仍被使用,Content/Presentation/Animation,Content/Presentation/Animation/Locomotion/Huohua/FINAL_Huohua_MF_Unarmed_Walk_Bwd_Left.uasset,869720,AnimSequence,角色 / 动作 / 重定向,,dependency of /Game/Presentation/Animation/Locomotion/Huohua/FINAL_Huohua_BS_Idle_Walk_Run,/Game/Presentation/Animation/Locomotion/Huohua/FINAL_Huohua_BS_Idle_Walk_Run,untracked,external local archive + SHA-256 manifest required,保留,NO
仍被使用,Content/Presentation/Animation,Content/Presentation/Animation/Locomotion/Huohua/FINAL_Huohua_MF_Unarmed_Walk_Bwd_Right.uasset,869570,AnimSequence,角色 / 动作 / 重定向,,dependency of /Game/Presentation/Animation/Locomotion/Huohua/FINAL_Huohua_BS_Idle_Walk_Run,/Game/Presentation/Animation/Locomotion/Huohua/FINAL_Huohua_BS_Idle_Walk_Run,untracked,external local archive + SHA-256 manifest required,保留,NO
仍被使用,Content/Presentation/Animation,Content/Presentation/Animation/Locomotion/Huohua/FINAL_Huohua_MF_Unarmed_Walk_Fwd.uasset,750413,AnimSequence,角色 / 动作 / 重定向,,dependency of /Game/Presentation/Animation/Locomotion/Huohua/FINAL_Huohua_BS_Idle_Walk_Run,/Game/Presentation/Animation/Locomotion/Huohua/FINAL_Huohua_BS_Idle_Walk_Run,untracked,external local archive + SHA-256 manifest required,保留,NO
仍被使用,Content/Presentation/Animation,Content/Presentation/Animation/Locomotion/Huohua/FINAL_Huohua_MF_Unarmed_Walk_Fwd_Left.uasset,752159,AnimSequence,角色 / 动作 / 重定向,,dependency of /Game/Presentation/Animation/Locomotion/Huohua/FINAL_Huohua_BS_Idle_Walk_Run,/Game/Presentation/Animation/Locomotion/Huohua/FINAL_Huohua_BS_Idle_Walk_Run,untracked,external local archive + SHA-256 manifest required,保留,NO
仍被使用,Content/Presentation/Animation,Content/Presentation/Animation/Locomotion/Huohua/FINAL_Huohua_MF_Unarmed_Walk_Fwd_Right.uasset,752010,AnimSequence,角色 / 动作 / 重定向,,dependency of /Game/Presentation/Animation/Locomotion/Huohua/FINAL_Huohua_BS_Idle_Walk_Run,/Game/Presentation/Animation/Locomotion/Huohua/FINAL_Huohua_BS_Idle_Walk_Run,untracked,external local archive + SHA-256 manifest required,保留,NO
仍被使用,Content/Presentation/Animation,Content/Presentation/Animation/Locomotion/Huohua/FINAL_Huohua_MF_Unarmed_Walk_Left.uasset,756516,AnimSequence,角色 / 动作 / 重定向,,dependency of /Game/Presentation/Animation/Locomotion/Huohua/FINAL_Huohua_BS_Idle_Walk_Run,/Game/Presentation/Animation/Locomotion/Huohua/FINAL_Huohua_BS_Idle_Walk_Run,untracked,external local archive + SHA-256 manifest required,保留,NO
仍被使用,Content/Presentation/Animation,Content/Presentation/Animation/Locomotion/Huohua/FINAL_Huohua_MF_Unarmed_Walk_Right.uasset,759064,AnimSequence,角色 / 动作 / 重定向,,dependency of /Game/Presentation/Animation/Locomotion/Huohua/FINAL_Huohua_BS_Idle_Walk_Run,/Game/Presentation/Animation/Locomotion/Huohua/FINAL_Huohua_BS_Idle_Walk_Run,untracked,external local archive + SHA-256 manifest required,保留,NO
仍被使用,Content/Presentation/Animation,Content/Presentation/Animation/Locomotion/Huohua/FINAL_Huohua_MM_Fall_Loop.uasset,1009198,AnimSequence,角色 / 动作 / 重定向,,dependency of /Game/Presentation/Animation/Locomotion/Huohua/FINAL_Huohua_ABP_Unarmed,/Game/Presentation/Animation/Locomotion/Huohua/FINAL_Huohua_ABP_Unarmed,untracked,external local archive + SHA-256 manifest required,保留,NO
仍被使用,Content/Presentation/Animation,Content/Presentation/Animation/Locomotion/Huohua/FINAL_Huohua_MM_Idle.uasset,1824514,AnimSequence,角色 / 动作 / 重定向,,dependency of /Game/Presentation/Animation/Locomotion/Huohua/FINAL_Huohua_ABP_Unarmed,/Game/Presentation/Animation/Locomotion/Huohua/FINAL_Huohua_BS_Idle_Walk_Run; /Game/Presentation/Animation/Locomotion/Huohua/FINAL_Huohua_ABP_Unarmed,untracked,external local archive + SHA-256 manifest required,保留,NO
仍被使用,Content/Presentation/Animation,Content/Presentation/Animation/Locomotion/Huohua/FINAL_Huohua_MM_Jump.uasset,633470,AnimSequence,角色 / 动作 / 重定向,,dependency of /Game/Presentation/Animation/Locomotion/Huohua/FINAL_Huohua_ABP_Unarmed,/Game/Presentation/Animation/Locomotion/Huohua/FINAL_Huohua_ABP_Unarmed,untracked,external local archive + SHA-256 manifest required,保留,NO
仍被使用,Content/Presentation/Animation,Content/Presentation/Animation/Locomotion/Huohua/FINAL_Huohua_MM_Land.uasset,630261,AnimSequence,角色 / 动作 / 重定向,,dependency of /Game/Presentation/Animation/Locomotion/Huohua/FINAL_Huohua_ABP_Unarmed,/Game/Presentation/Animation/Locomotion/Huohua/FINAL_Huohua_ABP_Unarmed,untracked,external local archive + SHA-256 manifest required,保留,NO
待核实,Content/Presentation/Animation,Content/Presentation/Animation/Locomotion/Huohua/FIX_Huohua_ABP_Unarmed.uasset,379533,AnimBlueprint,角色 / 动作 / 重定向,,test / authoring dependency: Tools/Presentation/author_combat_animations.py (dynamic folder); Tools/Presentation/author_complete_defeat.py (dynamic folder); Tools/Presentation/author_content.py (dynamic folder); Tools/Presentation/finalize_party_animation.py (dynamic folder),,untracked,external local archive + SHA-256 manifest required,中,NO
待核实,Content/Presentation/Animation,Content/Presentation/Animation/Locomotion/Huohua/FIX_Huohua_BS_Idle_Walk_Run.uasset,54022,BlendSpace,蓝图 / 数据 / 其他资源,,test / authoring dependency: Tools/Presentation/author_combat_animations.py (dynamic folder); Tools/Presentation/author_complete_defeat.py (dynamic folder); Tools/Presentation/author_content.py (dynamic folder); Tools/Presentation/finalize_party_animation.py (dynamic folder),/Game/Presentation/Animation/Locomotion/Huohua/FIX_Huohua_ABP_Unarmed,untracked,external local archive + SHA-256 manifest required,中,NO
待核实,Content/Presentation/Animation,Content/Presentation/Animation/Locomotion/Huohua/FIX_Huohua_MF_Unarmed_Jog_Bwd.uasset,467952,AnimSequence,角色 / 动作 / 重定向,,test / authoring dependency: Tools/Presentation/author_combat_animations.py (dynamic folder); Tools/Presentation/author_complete_defeat.py (dynamic folder); Tools/Presentation/author_content.py (dynamic folder); Tools/Presentation/finalize_party_animation.py (dynamic folder),/Game/Presentation/Animation/Locomotion/Huohua/FIX_Huohua_BS_Idle_Walk_Run,untracked,external local archive + SHA-256 manifest required,中,NO
待核实,Content/Presentation/Animation,Content/Presentation/Animation/Locomotion/Huohua/FIX_Huohua_MF_Unarmed_Jog_Bwd_Left.uasset,466830,AnimSequence,角色 / 动作 / 重定向,,test / authoring dependency: Tools/Presentation/author_combat_animations.py (dynamic folder); Tools/Presentation/author_complete_defeat.py (dynamic folder); Tools/Presentation/author_content.py (dynamic folder); Tools/Presentation/finalize_party_animation.py (dynamic folder),/Game/Presentation/Animation/Locomotion/Huohua/FIX_Huohua_BS_Idle_Walk_Run,untracked,external local archive + SHA-256 manifest required,中,NO
待核实,Content/Presentation/Animation,Content/Presentation/Animation/Locomotion/Huohua/FIX_Huohua_MF_Unarmed_Jog_Bwd_Right.uasset,466835,AnimSequence,角色 / 动作 / 重定向,,test / authoring dependency: Tools/Presentation/author_combat_animations.py (dynamic folder); Tools/Presentation/author_complete_defeat.py (dynamic folder); Tools/Presentation/author_content.py (dynamic folder); Tools/Presentation/finalize_party_animation.py (dynamic folder),/Game/Presentation/Animation/Locomotion/Huohua/FIX_Huohua_BS_Idle_Walk_Run,untracked,external local archive + SHA-256 manifest required,中,NO
待核实,Content/Presentation/Animation,Content/Presentation/Animation/Locomotion/Huohua/FIX_Huohua_MF_Unarmed_Jog_Fwd.uasset,467952,AnimSequence,角色 / 动作 / 重定向,,test / authoring dependency: Tools/Presentation/author_combat_animations.py (dynamic folder); Tools/Presentation/author_complete_defeat.py (dynamic folder); Tools/Presentation/author_content.py (dynamic folder); Tools/Presentation/finalize_party_animation.py (dynamic folder),/Game/Presentation/Animation/Locomotion/Huohua/FIX_Huohua_BS_Idle_Walk_Run,untracked,external local archive + SHA-256 manifest required,中,NO
待核实,Content/Presentation/Animation,Content/Presentation/Animation/Locomotion/Huohua/FIX_Huohua_MF_Unarmed_Jog_Fwd_Left.uasset,466830,AnimSequence,角色 / 动作 / 重定向,,test / authoring dependency: Tools/Presentation/author_combat_animations.py (dynamic folder); Tools/Presentation/author_complete_defeat.py (dynamic folder); Tools/Presentation/author_content.py (dynamic folder); Tools/Presentation/finalize_party_animation.py (dynamic folder),/Game/Presentation/Animation/Locomotion/Huohua/FIX_Huohua_BS_Idle_Walk_Run,untracked,external local archive + SHA-256 manifest required,中,NO
待核实,Content/Presentation/Animation,Content/Presentation/Animation/Locomotion/Huohua/FIX_Huohua_MF_Unarmed_Jog_Fwd_Right.uasset,466835,AnimSequence,角色 / 动作 / 重定向,,test / authoring dependency: Tools/Presentation/author_combat_animations.py (dynamic folder); Tools/Presentation/author_complete_defeat.py (dynamic folder); Tools/Presentation/author_content.py (dynamic folder); Tools/Presentation/finalize_party_animation.py (dynamic folder),/Game/Presentation/Animation/Locomotion/Huohua/FIX_Huohua_BS_Idle_Walk_Run,untracked,external local archive + SHA-256 manifest required,中,NO
待核实,Content/Presentation/Animation,Content/Presentation/Animation/Locomotion/Huohua/FIX_Huohua_MF_Unarmed_Jog_Left.uasset,467960,AnimSequence,角色 / 动作 / 重定向,,test / authoring dependency: Tools/Presentation/author_combat_animations.py (dynamic folder); Tools/Presentation/author_complete_defeat.py (dynamic folder); Tools/Presentation/author_content.py (dynamic folder); Tools/Presentation/finalize_party_animation.py (dynamic folder),/Game/Presentation/Animation/Locomotion/Huohua/FIX_Huohua_BS_Idle_Walk_Run,untracked,external local archive + SHA-256 manifest required,中,NO
待核实,Content/Presentation/Animation,Content/Presentation/Animation/Locomotion/Huohua/FIX_Huohua_MF_Unarmed_Jog_Right.uasset,467968,AnimSequence,角色 / 动作 / 重定向,,test / authoring dependency: Tools/Presentation/author_combat_animations.py (dynamic folder); Tools/Presentation/author_complete_defeat.py (dynamic folder); Tools/Presentation/author_content.py (dynamic folder); Tools/Presentation/finalize_party_animation.py (dynamic folder),/Game/Presentation/Animation/Locomotion/Huohua/FIX_Huohua_BS_Idle_Walk_Run,untracked,external local archive + SHA-256 manifest required,中,NO
待核实,Content/Presentation/Animation,Content/Presentation/Animation/Locomotion/Huohua/FIX_Huohua_MF_Unarmed_Walk_Bwd.uasset,467988,AnimSequence,角色 / 动作 / 重定向,,test / authoring dependency: Tools/Presentation/author_combat_animations.py (dynamic folder); Tools/Presentation/author_complete_defeat.py (dynamic folder); Tools/Presentation/author_content.py (dynamic folder); Tools/Presentation/finalize_party_animation.py (dynamic folder),/Game/Presentation/Animation/Locomotion/Huohua/FIX_Huohua_BS_Idle_Walk_Run,untracked,external local archive + SHA-256 manifest required,中,NO
待核实,Content/Presentation/Animation,Content/Presentation/Animation/Locomotion/Huohua/FIX_Huohua_MF_Unarmed_Walk_Bwd_Left.uasset,466874,AnimSequence,角色 / 动作 / 重定向,,test / authoring dependency: Tools/Presentation/author_combat_animations.py (dynamic folder); Tools/Presentation/author_complete_defeat.py (dynamic folder); Tools/Presentation/author_content.py (dynamic folder); Tools/Presentation/finalize_party_animation.py (dynamic folder),/Game/Presentation/Animation/Locomotion/Huohua/FIX_Huohua_BS_Idle_Walk_Run,untracked,external local archive + SHA-256 manifest required,中,NO
待核实,Content/Presentation/Animation,Content/Presentation/Animation/Locomotion/Huohua/FIX_Huohua_MF_Unarmed_Walk_Bwd_Right.uasset,466879,AnimSequence,角色 / 动作 / 重定向,,test / authoring dependency: Tools/Presentation/author_combat_animations.py (dynamic folder); Tools/Presentation/author_complete_defeat.py (dynamic folder); Tools/Presentation/author_content.py (dynamic folder); Tools/Presentation/finalize_party_animation.py (dynamic folder),/Game/Presentation/Animation/Locomotion/Huohua/FIX_Huohua_BS_Idle_Walk_Run,untracked,external local archive + SHA-256 manifest required,中,NO
待核实,Content/Presentation/Animation,Content/Presentation/Animation/Locomotion/Huohua/FIX_Huohua_MF_Unarmed_Walk_Fwd.uasset,467671,AnimSequence,角色 / 动作 / 重定向,,test / authoring dependency: Tools/Presentation/author_combat_animations.py (dynamic folder); Tools/Presentation/author_complete_defeat.py (dynamic folder); Tools/Presentation/author_content.py (dynamic folder); Tools/Presentation/finalize_party_animation.py (dynamic folder),/Game/Presentation/Animation/Locomotion/Huohua/FIX_Huohua_BS_Idle_Walk_Run,untracked,external local archive + SHA-256 manifest required,中,NO
待核实,Content/Presentation/Animation,Content/Presentation/Animation/Locomotion/Huohua/FIX_Huohua_MF_Unarmed_Walk_Fwd_Left.uasset,466546,AnimSequence,角色 / 动作 / 重定向,,test / authoring dependency: Tools/Presentation/author_combat_animations.py (dynamic folder); Tools/Presentation/author_complete_defeat.py (dynamic folder); Tools/Presentation/author_content.py (dynamic folder); Tools/Presentation/finalize_party_animation.py (dynamic folder),/Game/Presentation/Animation/Locomotion/Huohua/FIX_Huohua_BS_Idle_Walk_Run,untracked,external local archive + SHA-256 manifest required,中,NO
待核实,Content/Presentation/Animation,Content/Presentation/Animation/Locomotion/Huohua/FIX_Huohua_MF_Unarmed_Walk_Fwd_Right.uasset,466551,AnimSequence,角色 / 动作 / 重定向,,test / authoring dependency: Tools/Presentation/author_combat_animations.py (dynamic folder); Tools/Presentation/author_complete_defeat.py (dynamic folder); Tools/Presentation/author_content.py (dynamic folder); Tools/Presentation/finalize_party_animation.py (dynamic folder),/Game/Presentation/Animation/Locomotion/Huohua/FIX_Huohua_BS_Idle_Walk_Run,untracked,external local archive + SHA-256 manifest required,中,NO
待核实,Content/Presentation/Animation,Content/Presentation/Animation/Locomotion/Huohua/FIX_Huohua_MF_Unarmed_Walk_Left.uasset,467679,AnimSequence,角色 / 动作 / 重定向,,test / authoring dependency: Tools/Presentation/author_combat_animations.py (dynamic folder); Tools/Presentation/author_complete_defeat.py (dynamic folder); Tools/Presentation/author_content.py (dynamic folder); Tools/Presentation/finalize_party_animation.py (dynamic folder),/Game/Presentation/Animation/Locomotion/Huohua/FIX_Huohua_BS_Idle_Walk_Run,untracked,external local archive + SHA-256 manifest required,中,NO
待核实,Content/Presentation/Animation,Content/Presentation/Animation/Locomotion/Huohua/FIX_Huohua_MF_Unarmed_Walk_Right.uasset,467672,AnimSequence,角色 / 动作 / 重定向,,test / authoring dependency: Tools/Presentation/author_combat_animations.py (dynamic folder); Tools/Presentation/author_complete_defeat.py (dynamic folder); Tools/Presentation/author_content.py (dynamic folder); Tools/Presentation/finalize_party_animation.py (dynamic folder),/Game/Presentation/Animation/Locomotion/Huohua/FIX_Huohua_BS_Idle_Walk_Run,untracked,external local archive + SHA-256 manifest required,中,NO
待核实,Content/Presentation/Animation,Content/Presentation/Animation/Locomotion/Huohua/FIX_Huohua_MM_Fall_Loop.uasset,466853,AnimSequence,角色 / 动作 / 重定向,,test / authoring dependency: Tools/Presentation/author_combat_animations.py (dynamic folder); Tools/Presentation/author_complete_defeat.py (dynamic folder); Tools/Presentation/author_content.py (dynamic folder); Tools/Presentation/finalize_party_animation.py (dynamic folder),/Game/Presentation/Animation/Locomotion/Huohua/FIX_Huohua_ABP_Unarmed,untracked,external local archive + SHA-256 manifest required,中,NO
待核实,Content/Presentation/Animation,Content/Presentation/Animation/Locomotion/Huohua/FIX_Huohua_MM_Idle.uasset,466739,AnimSequence,角色 / 动作 / 重定向,,test / authoring dependency: Tools/Presentation/author_combat_animations.py (dynamic folder); Tools/Presentation/author_complete_defeat.py (dynamic folder); Tools/Presentation/author_content.py (dynamic folder); Tools/Presentation/finalize_party_animation.py (dynamic folder),/Game/Presentation/Animation/Locomotion/Huohua/FIX_Huohua_BS_Idle_Walk_Run; /Game/Presentation/Animation/Locomotion/Huohua/FIX_Huohua_ABP_Unarmed,untracked,external local archive + SHA-256 manifest required,中,NO
待核实,Content/Presentation/Animation,Content/Presentation/Animation/Locomotion/Huohua/FIX_Huohua_MM_Jump.uasset,466837,AnimSequence,角色 / 动作 / 重定向,,test / authoring dependency: Tools/Presentation/author_combat_animations.py (dynamic folder); Tools/Presentation/author_complete_defeat.py (dynamic folder); Tools/Presentation/author_content.py (dynamic folder); Tools/Presentation/finalize_party_animation.py (dynamic folder),/Game/Presentation/Animation/Locomotion/Huohua/FIX_Huohua_ABP_Unarmed,untracked,external local archive + SHA-256 manifest required,中,NO
待核实,Content/Presentation/Animation,Content/Presentation/Animation/Locomotion/Huohua/FIX_Huohua_MM_Land.uasset,466997,AnimSequence,角色 / 动作 / 重定向,,test / authoring dependency: Tools/Presentation/author_combat_animations.py (dynamic folder); Tools/Presentation/author_complete_defeat.py (dynamic folder); Tools/Presentation/author_content.py (dynamic folder); Tools/Presentation/finalize_party_animation.py (dynamic folder),/Game/Presentation/Animation/Locomotion/Huohua/FIX_Huohua_ABP_Unarmed,untracked,external local archive + SHA-256 manifest required,中,NO
待核实,Content/Presentation/Animation,Content/Presentation/Animation/Locomotion/Huohua/LIVE_Huohua_ABP_Unarmed.uasset,379721,AnimBlueprint,角色 / 动作 / 重定向,,test / authoring dependency: Tools/Presentation/author_combat_animations.py (dynamic folder); Tools/Presentation/author_complete_defeat.py (dynamic folder); Tools/Presentation/author_content.py (dynamic folder); Tools/Presentation/finalize_party_animation.py (dynamic folder),,untracked,external local archive + SHA-256 manifest required,中,NO
待核实,Content/Presentation/Animation,Content/Presentation/Animation/Locomotion/Huohua/LIVE_Huohua_BS_Idle_Walk_Run.uasset,53925,BlendSpace,蓝图 / 数据 / 其他资源,,test / authoring dependency: Tools/Presentation/author_combat_animations.py (dynamic folder); Tools/Presentation/author_complete_defeat.py (dynamic folder); Tools/Presentation/author_content.py (dynamic folder); Tools/Presentation/finalize_party_animation.py (dynamic folder),/Game/Presentation/Animation/Locomotion/Huohua/LIVE_Huohua_ABP_Unarmed,untracked,external local archive + SHA-256 manifest required,中,NO
待核实,Content/Presentation/Animation,Content/Presentation/Animation/Locomotion/Huohua/LIVE_Huohua_MF_Unarmed_Jog_Bwd.uasset,747598,AnimSequence,角色 / 动作 / 重定向,,test / authoring dependency: Tools/Presentation/author_combat_animations.py (dynamic folder); Tools/Presentation/author_complete_defeat.py (dynamic folder); Tools/Presentation/author_content.py (dynamic folder); Tools/Presentation/finalize_party_animation.py (dynamic folder),/Game/Presentation/Animation/Locomotion/Huohua/LIVE_Huohua_BS_Idle_Walk_Run,untracked,external local archive + SHA-256 manifest required,中,NO
待核实,Content/Presentation/Animation,Content/Presentation/Animation/Locomotion/Huohua/LIVE_Huohua_MF_Unarmed_Jog_Bwd_Left.uasset,749438,AnimSequence,角色 / 动作 / 重定向,,test / authoring dependency: Tools/Presentation/author_combat_animations.py (dynamic folder); Tools/Presentation/author_complete_defeat.py (dynamic folder); Tools/Presentation/author_content.py (dynamic folder); Tools/Presentation/finalize_party_animation.py (dynamic folder),/Game/Presentation/Animation/Locomotion/Huohua/LIVE_Huohua_BS_Idle_Walk_Run,untracked,external local archive + SHA-256 manifest required,中,NO
待核实,Content/Presentation/Animation,Content/Presentation/Animation/Locomotion/Huohua/LIVE_Huohua_MF_Unarmed_Jog_Bwd_Right.uasset,749394,AnimSequence,角色 / 动作 / 重定向,,test / authoring dependency: Tools/Presentation/author_combat_animations.py (dynamic folder); Tools/Presentation/author_complete_defeat.py (dynamic folder); Tools/Presentation/author_content.py (dynamic folder); Tools/Presentation/finalize_party_animation.py (dynamic folder),/Game/Presentation/Animation/Locomotion/Huohua/LIVE_Huohua_BS_Idle_Walk_Run,untracked,external local archive + SHA-256 manifest required,中,NO
待核实,Content/Presentation/Animation,Content/Presentation/Animation/Locomotion/Huohua/LIVE_Huohua_MF_Unarmed_Jog_Fwd.uasset,796924,AnimSequence,角色 / 动作 / 重定向,,test / authoring dependency: Tools/Presentation/author_combat_animations.py (dynamic folder); Tools/Presentation/author_complete_defeat.py (dynamic folder); Tools/Presentation/author_content.py (dynamic folder); Tools/Presentation/finalize_party_animation.py (dynamic folder),/Game/Presentation/Animation/Locomotion/Huohua/LIVE_Huohua_BS_Idle_Walk_Run,untracked,external local archive + SHA-256 manifest required,中,NO
待核实,Content/Presentation/Animation,Content/Presentation/Animation/Locomotion/Huohua/LIVE_Huohua_MF_Unarmed_Jog_Fwd_Left.uasset,799175,AnimSequence,角色 / 动作 / 重定向,,test / authoring dependency: Tools/Presentation/author_combat_animations.py (dynamic folder); Tools/Presentation/author_complete_defeat.py (dynamic folder); Tools/Presentation/author_content.py (dynamic folder); Tools/Presentation/finalize_party_animation.py (dynamic folder),/Game/Presentation/Animation/Locomotion/Huohua/LIVE_Huohua_BS_Idle_Walk_Run,untracked,external local archive + SHA-256 manifest required,中,NO
待核实,Content/Presentation/Animation,Content/Presentation/Animation/Locomotion/Huohua/LIVE_Huohua_MF_Unarmed_Jog_Fwd_Right.uasset,799118,AnimSequence,角色 / 动作 / 重定向,,test / authoring dependency: Tools/Presentation/author_combat_animations.py (dynamic folder); Tools/Presentation/author_complete_defeat.py (dynamic folder); Tools/Presentation/author_content.py (dynamic folder); Tools/Presentation/finalize_party_animation.py (dynamic folder),/Game/Presentation/Animation/Locomotion/Huohua/LIVE_Huohua_BS_Idle_Walk_Run,untracked,external local archive + SHA-256 manifest required,中,NO
待核实,Content/Presentation/Animation,Content/Presentation/Animation/Locomotion/Huohua/LIVE_Huohua_MF_Unarmed_Jog_Left.uasset,753862,AnimSequence,角色 / 动作 / 重定向,,test / authoring dependency: Tools/Presentation/author_combat_animations.py (dynamic folder); Tools/Presentation/author_complete_defeat.py (dynamic folder); Tools/Presentation/author_content.py (dynamic folder); Tools/Presentation/finalize_party_animation.py (dynamic folder),/Game/Presentation/Animation/Locomotion/Huohua/LIVE_Huohua_BS_Idle_Walk_Run,untracked,external local archive + SHA-256 manifest required,中,NO
待核实,Content/Presentation/Animation,Content/Presentation/Animation/Locomotion/Huohua/LIVE_Huohua_MF_Unarmed_Jog_Right.uasset,790616,AnimSequence,角色 / 动作 / 重定向,,test / authoring dependency: Tools/Presentation/author_combat_animations.py (dynamic folder); Tools/Presentation/author_complete_defeat.py (dynamic folder); Tools/Presentation/author_content.py (dynamic folder); Tools/Presentation/finalize_party_animation.py (dynamic folder),/Game/Presentation/Animation/Locomotion/Huohua/LIVE_Huohua_BS_Idle_Walk_Run,untracked,external local archive + SHA-256 manifest required,中,NO
待核实,Content/Presentation/Animation,Content/Presentation/Animation/Locomotion/Huohua/LIVE_Huohua_MF_Unarmed_Walk_Bwd.uasset,864472,AnimSequence,角色 / 动作 / 重定向,,test / authoring dependency: Tools/Presentation/author_combat_animations.py (dynamic folder); Tools/Presentation/author_complete_defeat.py (dynamic folder); Tools/Presentation/author_content.py (dynamic folder); Tools/Presentation/finalize_party_animation.py (dynamic folder),/Game/Presentation/Animation/Locomotion/Huohua/LIVE_Huohua_BS_Idle_Walk_Run,untracked,external local archive + SHA-256 manifest required,中,NO
待核实,Content/Presentation/Animation,Content/Presentation/Animation/Locomotion/Huohua/LIVE_Huohua_MF_Unarmed_Walk_Bwd_Left.uasset,867551,AnimSequence,角色 / 动作 / 重定向,,test / authoring dependency: Tools/Presentation/author_combat_animations.py (dynamic folder); Tools/Presentation/author_complete_defeat.py (dynamic folder); Tools/Presentation/author_content.py (dynamic folder); Tools/Presentation/finalize_party_animation.py (dynamic folder),/Game/Presentation/Animation/Locomotion/Huohua/LIVE_Huohua_BS_Idle_Walk_Run,untracked,external local archive + SHA-256 manifest required,中,NO
待核实,Content/Presentation/Animation,Content/Presentation/Animation/Locomotion/Huohua/LIVE_Huohua_MF_Unarmed_Walk_Bwd_Right.uasset,867508,AnimSequence,角色 / 动作 / 重定向,,test / authoring dependency: Tools/Presentation/author_combat_animations.py (dynamic folder); Tools/Presentation/author_complete_defeat.py (dynamic folder); Tools/Presentation/author_content.py (dynamic folder); Tools/Presentation/finalize_party_animation.py (dynamic folder),/Game/Presentation/Animation/Locomotion/Huohua/LIVE_Huohua_BS_Idle_Walk_Run,untracked,external local archive + SHA-256 manifest required,中,NO
待核实,Content/Presentation/Animation,Content/Presentation/Animation/Locomotion/Huohua/LIVE_Huohua_MF_Unarmed_Walk_Fwd.uasset,748180,AnimSequence,角色 / 动作 / 重定向,,test / authoring dependency: Tools/Presentation/author_combat_animations.py (dynamic folder); Tools/Presentation/author_complete_defeat.py (dynamic folder); Tools/Presentation/author_content.py (dynamic folder); Tools/Presentation/finalize_party_animation.py (dynamic folder),/Game/Presentation/Animation/Locomotion/Huohua/LIVE_Huohua_BS_Idle_Walk_Run,untracked,external local archive + SHA-256 manifest required,中,NO
待核实,Content/Presentation/Animation,Content/Presentation/Animation/Locomotion/Huohua/LIVE_Huohua_MF_Unarmed_Walk_Fwd_Left.uasset,749941,AnimSequence,角色 / 动作 / 重定向,,test / authoring dependency: Tools/Presentation/author_combat_animations.py (dynamic folder); Tools/Presentation/author_complete_defeat.py (dynamic folder); Tools/Presentation/author_content.py (dynamic folder); Tools/Presentation/finalize_party_animation.py (dynamic folder),/Game/Presentation/Animation/Locomotion/Huohua/LIVE_Huohua_BS_Idle_Walk_Run,untracked,external local archive + SHA-256 manifest required,中,NO
待核实,Content/Presentation/Animation,Content/Presentation/Animation/Locomotion/Huohua/LIVE_Huohua_MF_Unarmed_Walk_Fwd_Right.uasset,749782,AnimSequence,角色 / 动作 / 重定向,,test / authoring dependency: Tools/Presentation/author_combat_animations.py (dynamic folder); Tools/Presentation/author_complete_defeat.py (dynamic folder); Tools/Presentation/author_content.py (dynamic folder); Tools/Presentation/finalize_party_animation.py (dynamic folder),/Game/Presentation/Animation/Locomotion/Huohua/LIVE_Huohua_BS_Idle_Walk_Run,untracked,external local archive + SHA-256 manifest required,中,NO
待核实,Content/Presentation/Animation,Content/Presentation/Animation/Locomotion/Huohua/LIVE_Huohua_MF_Unarmed_Walk_Left.uasset,757244,AnimSequence,角色 / 动作 / 重定向,,test / authoring dependency: Tools/Presentation/author_combat_animations.py (dynamic folder); Tools/Presentation/author_complete_defeat.py (dynamic folder); Tools/Presentation/author_content.py (dynamic folder); Tools/Presentation/finalize_party_animation.py (dynamic folder),/Game/Presentation/Animation/Locomotion/Huohua/LIVE_Huohua_BS_Idle_Walk_Run,untracked,external local archive + SHA-256 manifest required,中,NO
待核实,Content/Presentation/Animation,Content/Presentation/Animation/Locomotion/Huohua/LIVE_Huohua_MF_Unarmed_Walk_Right.uasset,756884,AnimSequence,角色 / 动作 / 重定向,,test / authoring dependency: Tools/Presentation/author_combat_animations.py (dynamic folder); Tools/Presentation/author_complete_defeat.py (dynamic folder); Tools/Presentation/author_content.py (dynamic folder); Tools/Presentation/finalize_party_animation.py (dynamic folder),/Game/Presentation/Animation/Locomotion/Huohua/LIVE_Huohua_BS_Idle_Walk_Run,untracked,external local archive + SHA-256 manifest required,中,NO
待核实,Content/Presentation/Animation,Content/Presentation/Animation/Locomotion/Huohua/LIVE_Huohua_MM_Fall_Loop.uasset,1013817,AnimSequence,角色 / 动作 / 重定向,,test / authoring dependency: Tools/Presentation/author_combat_animations.py (dynamic folder); Tools/Presentation/author_complete_defeat.py (dynamic folder); Tools/Presentation/author_content.py (dynamic folder); Tools/Presentation/finalize_party_animation.py (dynamic folder),/Game/Presentation/Animation/Locomotion/Huohua/LIVE_Huohua_ABP_Unarmed,untracked,external local archive + SHA-256 manifest required,中,NO
待核实,Content/Presentation/Animation,Content/Presentation/Animation/Locomotion/Huohua/LIVE_Huohua_MM_Idle.uasset,1823669,AnimSequence,角色 / 动作 / 重定向,,test / authoring dependency: Tools/Presentation/author_combat_animations.py (dynamic folder); Tools/Presentation/author_complete_defeat.py (dynamic folder); Tools/Presentation/author_content.py (dynamic folder); Tools/Presentation/finalize_party_animation.py (dynamic folder),/Game/Presentation/Animation/Locomotion/Huohua/LIVE_Huohua_BS_Idle_Walk_Run; /Game/Presentation/Animation/Locomotion/Huohua/LIVE_Huohua_ABP_Unarmed,untracked,external local archive + SHA-256 manifest required,中,NO
待核实,Content/Presentation/Animation,Content/Presentation/Animation/Locomotion/Huohua/LIVE_Huohua_MM_Jump.uasset,632355,AnimSequence,角色 / 动作 / 重定向,,test / authoring dependency: Tools/Presentation/author_combat_animations.py (dynamic folder); Tools/Presentation/author_complete_defeat.py (dynamic folder); Tools/Presentation/author_content.py (dynamic folder); Tools/Presentation/finalize_party_animation.py (dynamic folder),/Game/Presentation/Animation/Locomotion/Huohua/LIVE_Huohua_ABP_Unarmed,untracked,external local archive + SHA-256 manifest required,中,NO
待核实,Content/Presentation/Animation,Content/Presentation/Animation/Locomotion/Huohua/LIVE_Huohua_MM_Land.uasset,629392,AnimSequence,角色 / 动作 / 重定向,,test / authoring dependency: Tools/Presentation/author_combat_animations.py (dynamic folder); Tools/Presentation/author_complete_defeat.py (dynamic folder); Tools/Presentation/author_content.py (dynamic folder); Tools/Presentation/finalize_party_animation.py (dynamic folder),/Game/Presentation/Animation/Locomotion/Huohua/LIVE_Huohua_ABP_Unarmed,untracked,external local archive + SHA-256 manifest required,中,NO
仍被使用,Content/Presentation/Animation,Content/Presentation/Animation/Locomotion/Remiel/FINAL_Remiel_ABP_Unarmed.uasset,377629,AnimBlueprint,角色 / 动作 / 重定向,,dependency of /Game/Data/VerticalSlice/Characters/DA_Character_Remiel,/Game/Data/VerticalSlice/Characters/DA_Character_Remiel,untracked,external local archive + SHA-256 manifest required,保留,NO
仍被使用,Content/Presentation/Animation,Content/Presentation/Animation/Locomotion/Remiel/FINAL_Remiel_BS_Idle_Walk_Run.uasset,52131,BlendSpace,蓝图 / 数据 / 其他资源,,dependency of /Game/Presentation/Animation/Locomotion/Remiel/FINAL_Remiel_ABP_Unarmed,/Game/Presentation/Animation/Locomotion/Remiel/FINAL_Remiel_ABP_Unarmed,untracked,external local archive + SHA-256 manifest required,保留,NO
仍被使用,Content/Presentation/Animation,Content/Presentation/Animation/Locomotion/Remiel/FINAL_Remiel_MF_Unarmed_Jog_Bwd.uasset,1300056,AnimSequence,角色 / 动作 / 重定向,,dependency of /Game/Presentation/Animation/Locomotion/Remiel/FINAL_Remiel_BS_Idle_Walk_Run,/Game/Presentation/Animation/Locomotion/Remiel/FINAL_Remiel_BS_Idle_Walk_Run,untracked,external local archive + SHA-256 manifest required,保留,NO
仍被使用,Content/Presentation/Animation,Content/Presentation/Animation/Locomotion/Remiel/FINAL_Remiel_MF_Unarmed_Jog_Bwd_Left.uasset,1306309,AnimSequence,角色 / 动作 / 重定向,,dependency of /Game/Presentation/Animation/Locomotion/Remiel/FINAL_Remiel_BS_Idle_Walk_Run,/Game/Presentation/Animation/Locomotion/Remiel/FINAL_Remiel_BS_Idle_Walk_Run,untracked,external local archive + SHA-256 manifest required,保留,NO
仍被使用,Content/Presentation/Animation,Content/Presentation/Animation/Locomotion/Remiel/FINAL_Remiel_MF_Unarmed_Jog_Bwd_Right.uasset,1306302,AnimSequence,角色 / 动作 / 重定向,,dependency of /Game/Presentation/Animation/Locomotion/Remiel/FINAL_Remiel_BS_Idle_Walk_Run,/Game/Presentation/Animation/Locomotion/Remiel/FINAL_Remiel_BS_Idle_Walk_Run,untracked,external local archive + SHA-256 manifest required,保留,NO
仍被使用,Content/Presentation/Animation,Content/Presentation/Animation/Locomotion/Remiel/FINAL_Remiel_MF_Unarmed_Jog_Fwd.uasset,1347269,AnimSequence,角色 / 动作 / 重定向,,dependency of /Game/Presentation/Animation/Locomotion/Remiel/FINAL_Remiel_BS_Idle_Walk_Run,/Game/Presentation/Animation/Locomotion/Remiel/FINAL_Remiel_BS_Idle_Walk_Run,untracked,external local archive + SHA-256 manifest required,保留,NO
仍被使用,Content/Presentation/Animation,Content/Presentation/Animation/Locomotion/Remiel/FINAL_Remiel_MF_Unarmed_Jog_Fwd_Left.uasset,1354620,AnimSequence,角色 / 动作 / 重定向,,dependency of /Game/Presentation/Animation/Locomotion/Remiel/FINAL_Remiel_BS_Idle_Walk_Run,/Game/Presentation/Animation/Locomotion/Remiel/FINAL_Remiel_BS_Idle_Walk_Run,untracked,external local archive + SHA-256 manifest required,保留,NO
仍被使用,Content/Presentation/Animation,Content/Presentation/Animation/Locomotion/Remiel/FINAL_Remiel_MF_Unarmed_Jog_Fwd_Right.uasset,1354571,AnimSequence,角色 / 动作 / 重定向,,dependency of /Game/Presentation/Animation/Locomotion/Remiel/FINAL_Remiel_BS_Idle_Walk_Run,/Game/Presentation/Animation/Locomotion/Remiel/FINAL_Remiel_BS_Idle_Walk_Run,untracked,external local archive + SHA-256 manifest required,保留,NO
仍被使用,Content/Presentation/Animation,Content/Presentation/Animation/Locomotion/Remiel/FINAL_Remiel_MF_Unarmed_Jog_Left.uasset,1306379,AnimSequence,角色 / 动作 / 重定向,,dependency of /Game/Presentation/Animation/Locomotion/Remiel/FINAL_Remiel_BS_Idle_Walk_Run,/Game/Presentation/Animation/Locomotion/Remiel/FINAL_Remiel_BS_Idle_Walk_Run,untracked,external local archive + SHA-256 manifest required,保留,NO
仍被使用,Content/Presentation/Animation,Content/Presentation/Animation/Locomotion/Remiel/FINAL_Remiel_MF_Unarmed_Jog_Right.uasset,1344118,AnimSequence,角色 / 动作 / 重定向,,dependency of /Game/Presentation/Animation/Locomotion/Remiel/FINAL_Remiel_BS_Idle_Walk_Run,/Game/Presentation/Animation/Locomotion/Remiel/FINAL_Remiel_BS_Idle_Walk_Run,untracked,external local archive + SHA-256 manifest required,保留,NO
仍被使用,Content/Presentation/Animation,Content/Presentation/Animation/Locomotion/Remiel/FINAL_Remiel_MF_Unarmed_Walk_Bwd.uasset,1420002,AnimSequence,角色 / 动作 / 重定向,,dependency of /Game/Presentation/Animation/Locomotion/Remiel/FINAL_Remiel_BS_Idle_Walk_Run,/Game/Presentation/Animation/Locomotion/Remiel/FINAL_Remiel_BS_Idle_Walk_Run,untracked,external local archive + SHA-256 manifest required,保留,NO
仍被使用,Content/Presentation/Animation,Content/Presentation/Animation/Locomotion/Remiel/FINAL_Remiel_MF_Unarmed_Walk_Bwd_Left.uasset,1429341,AnimSequence,角色 / 动作 / 重定向,,dependency of /Game/Presentation/Animation/Locomotion/Remiel/FINAL_Remiel_BS_Idle_Walk_Run,/Game/Presentation/Animation/Locomotion/Remiel/FINAL_Remiel_BS_Idle_Walk_Run,untracked,external local archive + SHA-256 manifest required,保留,NO
仍被使用,Content/Presentation/Animation,Content/Presentation/Animation/Locomotion/Remiel/FINAL_Remiel_MF_Unarmed_Walk_Bwd_Right.uasset,1429320,AnimSequence,角色 / 动作 / 重定向,,dependency of /Game/Presentation/Animation/Locomotion/Remiel/FINAL_Remiel_BS_Idle_Walk_Run,/Game/Presentation/Animation/Locomotion/Remiel/FINAL_Remiel_BS_Idle_Walk_Run,untracked,external local archive + SHA-256 manifest required,保留,NO
仍被使用,Content/Presentation/Animation,Content/Presentation/Animation/Locomotion/Remiel/FINAL_Remiel_MF_Unarmed_Walk_Fwd.uasset,1297515,AnimSequence,角色 / 动作 / 重定向,,dependency of /Game/Presentation/Animation/Locomotion/Remiel/FINAL_Remiel_BS_Idle_Walk_Run,/Game/Presentation/Animation/Locomotion/Remiel/FINAL_Remiel_BS_Idle_Walk_Run,untracked,external local archive + SHA-256 manifest required,保留,NO
仍被使用,Content/Presentation/Animation,Content/Presentation/Animation/Locomotion/Remiel/FINAL_Remiel_MF_Unarmed_Walk_Fwd_Left.uasset,1303871,AnimSequence,角色 / 动作 / 重定向,,dependency of /Game/Presentation/Animation/Locomotion/Remiel/FINAL_Remiel_BS_Idle_Walk_Run,/Game/Presentation/Animation/Locomotion/Remiel/FINAL_Remiel_BS_Idle_Walk_Run,untracked,external local archive + SHA-256 manifest required,保留,NO
仍被使用,Content/Presentation/Animation,Content/Presentation/Animation/Locomotion/Remiel/FINAL_Remiel_MF_Unarmed_Walk_Fwd_Right.uasset,1303685,AnimSequence,角色 / 动作 / 重定向,,dependency of /Game/Presentation/Animation/Locomotion/Remiel/FINAL_Remiel_BS_Idle_Walk_Run,/Game/Presentation/Animation/Locomotion/Remiel/FINAL_Remiel_BS_Idle_Walk_Run,untracked,external local archive + SHA-256 manifest required,保留,NO
仍被使用,Content/Presentation/Animation,Content/Presentation/Animation/Locomotion/Remiel/FINAL_Remiel_MF_Unarmed_Walk_Left.uasset,1306380,AnimSequence,角色 / 动作 / 重定向,,dependency of /Game/Presentation/Animation/Locomotion/Remiel/FINAL_Remiel_BS_Idle_Walk_Run,/Game/Presentation/Animation/Locomotion/Remiel/FINAL_Remiel_BS_Idle_Walk_Run,untracked,external local archive + SHA-256 manifest required,保留,NO
仍被使用,Content/Presentation/Animation,Content/Presentation/Animation/Locomotion/Remiel/FINAL_Remiel_MF_Unarmed_Walk_Right.uasset,1306271,AnimSequence,角色 / 动作 / 重定向,,dependency of /Game/Presentation/Animation/Locomotion/Remiel/FINAL_Remiel_BS_Idle_Walk_Run,/Game/Presentation/Animation/Locomotion/Remiel/FINAL_Remiel_BS_Idle_Walk_Run,untracked,external local archive + SHA-256 manifest required,保留,NO
仍被使用,Content/Presentation/Animation,Content/Presentation/Animation/Locomotion/Remiel/FINAL_Remiel_MM_Fall_Loop.uasset,1551573,AnimSequence,角色 / 动作 / 重定向,,dependency of /Game/Presentation/Animation/Locomotion/Remiel/FINAL_Remiel_ABP_Unarmed,/Game/Presentation/Animation/Locomotion/Remiel/FINAL_Remiel_ABP_Unarmed,untracked,external local archive + SHA-256 manifest required,保留,NO
仍被使用,Content/Presentation/Animation,Content/Presentation/Animation/Locomotion/Remiel/FINAL_Remiel_MM_Idle.uasset,2366843,AnimSequence,角色 / 动作 / 重定向,,dependency of /Game/Presentation/Animation/Locomotion/Remiel/FINAL_Remiel_ABP_Unarmed,/Game/Presentation/Animation/Locomotion/Remiel/FINAL_Remiel_BS_Idle_Walk_Run; /Game/Presentation/Animation/Locomotion/Remiel/FINAL_Remiel_ABP_Unarmed,untracked,external local archive + SHA-256 manifest required,保留,NO
仍被使用,Content/Presentation/Animation,Content/Presentation/Animation/Locomotion/Remiel/FINAL_Remiel_MM_Jump.uasset,1175688,AnimSequence,角色 / 动作 / 重定向,,dependency of /Game/Presentation/Animation/Locomotion/Remiel/FINAL_Remiel_ABP_Unarmed,/Game/Presentation/Animation/Locomotion/Remiel/FINAL_Remiel_ABP_Unarmed,untracked,external local archive + SHA-256 manifest required,保留,NO
仍被使用,Content/Presentation/Animation,Content/Presentation/Animation/Locomotion/Remiel/FINAL_Remiel_MM_Land.uasset,1174155,AnimSequence,角色 / 动作 / 重定向,,dependency of /Game/Presentation/Animation/Locomotion/Remiel/FINAL_Remiel_ABP_Unarmed,/Game/Presentation/Animation/Locomotion/Remiel/FINAL_Remiel_ABP_Unarmed,untracked,external local archive + SHA-256 manifest required,保留,NO
待核实,Content/Presentation/Animation,Content/Presentation/Animation/Locomotion/Remiel/FIX_Remiel_ABP_Unarmed.uasset,377664,AnimBlueprint,角色 / 动作 / 重定向,,test / authoring dependency: Tools/Presentation/author_combat_animations.py (dynamic folder); Tools/Presentation/author_complete_defeat.py (dynamic folder); Tools/Presentation/author_content.py (dynamic folder); Tools/Presentation/finalize_party_animation.py (dynamic folder),,untracked,external local archive + SHA-256 manifest required,中,NO
待核实,Content/Presentation/Animation,Content/Presentation/Animation/Locomotion/Remiel/FIX_Remiel_BS_Idle_Walk_Run.uasset,52272,BlendSpace,蓝图 / 数据 / 其他资源,,test / authoring dependency: Tools/Presentation/author_combat_animations.py (dynamic folder); Tools/Presentation/author_complete_defeat.py (dynamic folder); Tools/Presentation/author_content.py (dynamic folder); Tools/Presentation/finalize_party_animation.py (dynamic folder),/Game/Presentation/Animation/Locomotion/Remiel/FIX_Remiel_ABP_Unarmed,untracked,external local archive + SHA-256 manifest required,中,NO
待核实,Content/Presentation/Animation,Content/Presentation/Animation/Locomotion/Remiel/FIX_Remiel_MF_Unarmed_Jog_Bwd.uasset,1011211,AnimSequence,角色 / 动作 / 重定向,,test / authoring dependency: Tools/Presentation/author_combat_animations.py (dynamic folder); Tools/Presentation/author_complete_defeat.py (dynamic folder); Tools/Presentation/author_content.py (dynamic folder); Tools/Presentation/finalize_party_animation.py (dynamic folder),/Game/Presentation/Animation/Locomotion/Remiel/FIX_Remiel_BS_Idle_Walk_Run,untracked,external local archive + SHA-256 manifest required,中,NO
待核实,Content/Presentation/Animation,Content/Presentation/Animation/Locomotion/Remiel/FIX_Remiel_MF_Unarmed_Jog_Bwd_Left.uasset,1010089,AnimSequence,角色 / 动作 / 重定向,,test / authoring dependency: Tools/Presentation/author_combat_animations.py (dynamic folder); Tools/Presentation/author_complete_defeat.py (dynamic folder); Tools/Presentation/author_content.py (dynamic folder); Tools/Presentation/finalize_party_animation.py (dynamic folder),/Game/Presentation/Animation/Locomotion/Remiel/FIX_Remiel_BS_Idle_Walk_Run,untracked,external local archive + SHA-256 manifest required,中,NO
待核实,Content/Presentation/Animation,Content/Presentation/Animation/Locomotion/Remiel/FIX_Remiel_MF_Unarmed_Jog_Bwd_Right.uasset,1010094,AnimSequence,角色 / 动作 / 重定向,,test / authoring dependency: Tools/Presentation/author_combat_animations.py (dynamic folder); Tools/Presentation/author_complete_defeat.py (dynamic folder); Tools/Presentation/author_content.py (dynamic folder); Tools/Presentation/finalize_party_animation.py (dynamic folder),/Game/Presentation/Animation/Locomotion/Remiel/FIX_Remiel_BS_Idle_Walk_Run,untracked,external local archive + SHA-256 manifest required,中,NO
待核实,Content/Presentation/Animation,Content/Presentation/Animation/Locomotion/Remiel/FIX_Remiel_MF_Unarmed_Jog_Fwd.uasset,1011211,AnimSequence,角色 / 动作 / 重定向,,test / authoring dependency: Tools/Presentation/author_combat_animations.py (dynamic folder); Tools/Presentation/author_complete_defeat.py (dynamic folder); Tools/Presentation/author_content.py (dynamic folder); Tools/Presentation/finalize_party_animation.py (dynamic folder),/Game/Presentation/Animation/Locomotion/Remiel/FIX_Remiel_BS_Idle_Walk_Run,untracked,external local archive + SHA-256 manifest required,中,NO
待核实,Content/Presentation/Animation,Content/Presentation/Animation/Locomotion/Remiel/FIX_Remiel_MF_Unarmed_Jog_Fwd_Left.uasset,1010089,AnimSequence,角色 / 动作 / 重定向,,test / authoring dependency: Tools/Presentation/author_combat_animations.py (dynamic folder); Tools/Presentation/author_complete_defeat.py (dynamic folder); Tools/Presentation/author_content.py (dynamic folder); Tools/Presentation/finalize_party_animation.py (dynamic folder),/Game/Presentation/Animation/Locomotion/Remiel/FIX_Remiel_BS_Idle_Walk_Run,untracked,external local archive + SHA-256 manifest required,中,NO
待核实,Content/Presentation/Animation,Content/Presentation/Animation/Locomotion/Remiel/FIX_Remiel_MF_Unarmed_Jog_Fwd_Right.uasset,1010094,AnimSequence,角色 / 动作 / 重定向,,test / authoring dependency: Tools/Presentation/author_combat_animations.py (dynamic folder); Tools/Presentation/author_complete_defeat.py (dynamic folder); Tools/Presentation/author_content.py (dynamic folder); Tools/Presentation/finalize_party_animation.py (dynamic folder),/Game/Presentation/Animation/Locomotion/Remiel/FIX_Remiel_BS_Idle_Walk_Run,untracked,external local archive + SHA-256 manifest required,中,NO
待核实,Content/Presentation/Animation,Content/Presentation/Animation/Locomotion/Remiel/FIX_Remiel_MF_Unarmed_Jog_Left.uasset,1011219,AnimSequence,角色 / 动作 / 重定向,,test / authoring dependency: Tools/Presentation/author_combat_animations.py (dynamic folder); Tools/Presentation/author_complete_defeat.py (dynamic folder); Tools/Presentation/author_content.py (dynamic folder); Tools/Presentation/finalize_party_animation.py (dynamic folder),/Game/Presentation/Animation/Locomotion/Remiel/FIX_Remiel_BS_Idle_Walk_Run,untracked,external local archive + SHA-256 manifest required,中,NO
待核实,Content/Presentation/Animation,Content/Presentation/Animation/Locomotion/Remiel/FIX_Remiel_MF_Unarmed_Jog_Right.uasset,1011227,AnimSequence,角色 / 动作 / 重定向,,test / authoring dependency: Tools/Presentation/author_combat_animations.py (dynamic folder); Tools/Presentation/author_complete_defeat.py (dynamic folder); Tools/Presentation/author_content.py (dynamic folder); Tools/Presentation/finalize_party_animation.py (dynamic folder),/Game/Presentation/Animation/Locomotion/Remiel/FIX_Remiel_BS_Idle_Walk_Run,untracked,external local archive + SHA-256 manifest required,中,NO
待核实,Content/Presentation/Animation,Content/Presentation/Animation/Locomotion/Remiel/FIX_Remiel_MF_Unarmed_Walk_Bwd.uasset,1011247,AnimSequence,角色 / 动作 / 重定向,,test / authoring dependency: Tools/Presentation/author_combat_animations.py (dynamic folder); Tools/Presentation/author_complete_defeat.py (dynamic folder); Tools/Presentation/author_content.py (dynamic folder); Tools/Presentation/finalize_party_animation.py (dynamic folder),/Game/Presentation/Animation/Locomotion/Remiel/FIX_Remiel_BS_Idle_Walk_Run,untracked,external local archive + SHA-256 manifest required,中,NO
待核实,Content/Presentation/Animation,Content/Presentation/Animation/Locomotion/Remiel/FIX_Remiel_MF_Unarmed_Walk_Bwd_Left.uasset,1010133,AnimSequence,角色 / 动作 / 重定向,,test / authoring dependency: Tools/Presentation/author_combat_animations.py (dynamic folder); Tools/Presentation/author_complete_defeat.py (dynamic folder); Tools/Presentation/author_content.py (dynamic folder); Tools/Presentation/finalize_party_animation.py (dynamic folder),/Game/Presentation/Animation/Locomotion/Remiel/FIX_Remiel_BS_Idle_Walk_Run,untracked,external local archive + SHA-256 manifest required,中,NO
待核实,Content/Presentation/Animation,Content/Presentation/Animation/Locomotion/Remiel/FIX_Remiel_MF_Unarmed_Walk_Bwd_Right.uasset,1010138,AnimSequence,角色 / 动作 / 重定向,,test / authoring dependency: Tools/Presentation/author_combat_animations.py (dynamic folder); Tools/Presentation/author_complete_defeat.py (dynamic folder); Tools/Presentation/author_content.py (dynamic folder); Tools/Presentation/finalize_party_animation.py (dynamic folder),/Game/Presentation/Animation/Locomotion/Remiel/FIX_Remiel_BS_Idle_Walk_Run,untracked,external local archive + SHA-256 manifest required,中,NO
待核实,Content/Presentation/Animation,Content/Presentation/Animation/Locomotion/Remiel/FIX_Remiel_MF_Unarmed_Walk_Fwd.uasset,1010930,AnimSequence,角色 / 动作 / 重定向,,test / authoring dependency: Tools/Presentation/author_combat_animations.py (dynamic folder); Tools/Presentation/author_complete_defeat.py (dynamic folder); Tools/Presentation/author_content.py (dynamic folder); Tools/Presentation/finalize_party_animation.py (dynamic folder),/Game/Presentation/Animation/Locomotion/Remiel/FIX_Remiel_BS_Idle_Walk_Run,untracked,external local archive + SHA-256 manifest required,中,NO
待核实,Content/Presentation/Animation,Content/Presentation/Animation/Locomotion/Remiel/FIX_Remiel_MF_Unarmed_Walk_Fwd_Left.uasset,1009805,AnimSequence,角色 / 动作 / 重定向,,test / authoring dependency: Tools/Presentation/author_combat_animations.py (dynamic folder); Tools/Presentation/author_complete_defeat.py (dynamic folder); Tools/Presentation/author_content.py (dynamic folder); Tools/Presentation/finalize_party_animation.py (dynamic folder),/Game/Presentation/Animation/Locomotion/Remiel/FIX_Remiel_BS_Idle_Walk_Run,untracked,external local archive + SHA-256 manifest required,中,NO
待核实,Content/Presentation/Animation,Content/Presentation/Animation/Locomotion/Remiel/FIX_Remiel_MF_Unarmed_Walk_Fwd_Right.uasset,1009810,AnimSequence,角色 / 动作 / 重定向,,test / authoring dependency: Tools/Presentation/author_combat_animations.py (dynamic folder); Tools/Presentation/author_complete_defeat.py (dynamic folder); Tools/Presentation/author_content.py (dynamic folder); Tools/Presentation/finalize_party_animation.py (dynamic folder),/Game/Presentation/Animation/Locomotion/Remiel/FIX_Remiel_BS_Idle_Walk_Run,untracked,external local archive + SHA-256 manifest required,中,NO
待核实,Content/Presentation/Animation,Content/Presentation/Animation/Locomotion/Remiel/FIX_Remiel_MF_Unarmed_Walk_Left.uasset,1010938,AnimSequence,角色 / 动作 / 重定向,,test / authoring dependency: Tools/Presentation/author_combat_animations.py (dynamic folder); Tools/Presentation/author_complete_defeat.py (dynamic folder); Tools/Presentation/author_content.py (dynamic folder); Tools/Presentation/finalize_party_animation.py (dynamic folder),/Game/Presentation/Animation/Locomotion/Remiel/FIX_Remiel_BS_Idle_Walk_Run,untracked,external local archive + SHA-256 manifest required,中,NO
待核实,Content/Presentation/Animation,Content/Presentation/Animation/Locomotion/Remiel/FIX_Remiel_MF_Unarmed_Walk_Right.uasset,1010931,AnimSequence,角色 / 动作 / 重定向,,test / authoring dependency: Tools/Presentation/author_combat_animations.py (dynamic folder); Tools/Presentation/author_complete_defeat.py (dynamic folder); Tools/Presentation/author_content.py (dynamic folder); Tools/Presentation/finalize_party_animation.py (dynamic folder),/Game/Presentation/Animation/Locomotion/Remiel/FIX_Remiel_BS_Idle_Walk_Run,untracked,external local archive + SHA-256 manifest required,中,NO
待核实,Content/Presentation/Animation,Content/Presentation/Animation/Locomotion/Remiel/FIX_Remiel_MM_Fall_Loop.uasset,1010112,AnimSequence,角色 / 动作 / 重定向,,test / authoring dependency: Tools/Presentation/author_combat_animations.py (dynamic folder); Tools/Presentation/author_complete_defeat.py (dynamic folder); Tools/Presentation/author_content.py (dynamic folder); Tools/Presentation/finalize_party_animation.py (dynamic folder),/Game/Presentation/Animation/Locomotion/Remiel/FIX_Remiel_ABP_Unarmed,untracked,external local archive + SHA-256 manifest required,中,NO
待核实,Content/Presentation/Animation,Content/Presentation/Animation/Locomotion/Remiel/FIX_Remiel_MM_Idle.uasset,1009998,AnimSequence,角色 / 动作 / 重定向,,test / authoring dependency: Tools/Presentation/author_combat_animations.py (dynamic folder); Tools/Presentation/author_complete_defeat.py (dynamic folder); Tools/Presentation/author_content.py (dynamic folder); Tools/Presentation/finalize_party_animation.py (dynamic folder),/Game/Presentation/Animation/Locomotion/Remiel/FIX_Remiel_BS_Idle_Walk_Run; /Game/Presentation/Animation/Locomotion/Remiel/FIX_Remiel_ABP_Unarmed,untracked,external local archive + SHA-256 manifest required,中,NO
待核实,Content/Presentation/Animation,Content/Presentation/Animation/Locomotion/Remiel/FIX_Remiel_MM_Jump.uasset,1010096,AnimSequence,角色 / 动作 / 重定向,,test / authoring dependency: Tools/Presentation/author_combat_animations.py (dynamic folder); Tools/Presentation/author_complete_defeat.py (dynamic folder); Tools/Presentation/author_content.py (dynamic folder); Tools/Presentation/finalize_party_animation.py (dynamic folder),/Game/Presentation/Animation/Locomotion/Remiel/FIX_Remiel_ABP_Unarmed,untracked,external local archive + SHA-256 manifest required,中,NO
待核实,Content/Presentation/Animation,Content/Presentation/Animation/Locomotion/Remiel/FIX_Remiel_MM_Land.uasset,1010256,AnimSequence,角色 / 动作 / 重定向,,test / authoring dependency: Tools/Presentation/author_combat_animations.py (dynamic folder); Tools/Presentation/author_complete_defeat.py (dynamic folder); Tools/Presentation/author_content.py (dynamic folder); Tools/Presentation/finalize_party_animation.py (dynamic folder),/Game/Presentation/Animation/Locomotion/Remiel/FIX_Remiel_ABP_Unarmed,untracked,external local archive + SHA-256 manifest required,中,NO
待核实,Content/Presentation/Animation,Content/Presentation/Animation/Locomotion/Remiel/LIVE_Remiel_ABP_Unarmed.uasset,377558,AnimBlueprint,角色 / 动作 / 重定向,,test / authoring dependency: Tools/Presentation/author_combat_animations.py (dynamic folder); Tools/Presentation/author_complete_defeat.py (dynamic folder); Tools/Presentation/author_content.py (dynamic folder); Tools/Presentation/finalize_party_animation.py (dynamic folder),,untracked,external local archive + SHA-256 manifest required,中,NO
待核实,Content/Presentation/Animation,Content/Presentation/Animation/Locomotion/Remiel/LIVE_Remiel_BS_Idle_Walk_Run.uasset,52117,BlendSpace,蓝图 / 数据 / 其他资源,,test / authoring dependency: Tools/Presentation/author_combat_animations.py (dynamic folder); Tools/Presentation/author_complete_defeat.py (dynamic folder); Tools/Presentation/author_content.py (dynamic folder); Tools/Presentation/finalize_party_animation.py (dynamic folder),/Game/Presentation/Animation/Locomotion/Remiel/LIVE_Remiel_ABP_Unarmed,untracked,external local archive + SHA-256 manifest required,中,NO
待核实,Content/Presentation/Animation,Content/Presentation/Animation/Locomotion/Remiel/LIVE_Remiel_MF_Unarmed_Jog_Bwd.uasset,1299829,AnimSequence,角色 / 动作 / 重定向,,test / authoring dependency: Tools/Presentation/author_combat_animations.py (dynamic folder); Tools/Presentation/author_complete_defeat.py (dynamic folder); Tools/Presentation/author_content.py (dynamic folder); Tools/Presentation/finalize_party_animation.py (dynamic folder),/Game/Presentation/Animation/Locomotion/Remiel/LIVE_Remiel_BS_Idle_Walk_Run,untracked,external local archive + SHA-256 manifest required,中,NO
待核实,Content/Presentation/Animation,Content/Presentation/Animation/Locomotion/Remiel/LIVE_Remiel_MF_Unarmed_Jog_Bwd_Left.uasset,1306069,AnimSequence,角色 / 动作 / 重定向,,test / authoring dependency: Tools/Presentation/author_combat_animations.py (dynamic folder); Tools/Presentation/author_complete_defeat.py (dynamic folder); Tools/Presentation/author_content.py (dynamic folder); Tools/Presentation/finalize_party_animation.py (dynamic folder),/Game/Presentation/Animation/Locomotion/Remiel/LIVE_Remiel_BS_Idle_Walk_Run,untracked,external local archive + SHA-256 manifest required,中,NO
待核实,Content/Presentation/Animation,Content/Presentation/Animation/Locomotion/Remiel/LIVE_Remiel_MF_Unarmed_Jog_Bwd_Right.uasset,1306046,AnimSequence,角色 / 动作 / 重定向,,test / authoring dependency: Tools/Presentation/author_combat_animations.py (dynamic folder); Tools/Presentation/author_complete_defeat.py (dynamic folder); Tools/Presentation/author_content.py (dynamic folder); Tools/Presentation/finalize_party_animation.py (dynamic folder),/Game/Presentation/Animation/Locomotion/Remiel/LIVE_Remiel_BS_Idle_Walk_Run,untracked,external local archive + SHA-256 manifest required,中,NO
待核实,Content/Presentation/Animation,Content/Presentation/Animation/Locomotion/Remiel/LIVE_Remiel_MF_Unarmed_Jog_Fwd.uasset,1350342,AnimSequence,角色 / 动作 / 重定向,,test / authoring dependency: Tools/Presentation/author_combat_animations.py (dynamic folder); Tools/Presentation/author_complete_defeat.py (dynamic folder); Tools/Presentation/author_content.py (dynamic folder); Tools/Presentation/finalize_party_animation.py (dynamic folder),/Game/Presentation/Animation/Locomotion/Remiel/LIVE_Remiel_BS_Idle_Walk_Run,untracked,external local archive + SHA-256 manifest required,中,NO
待核实,Content/Presentation/Animation,Content/Presentation/Animation/Locomotion/Remiel/LIVE_Remiel_MF_Unarmed_Jog_Fwd_Left.uasset,1357811,AnimSequence,角色 / 动作 / 重定向,,test / authoring dependency: Tools/Presentation/author_combat_animations.py (dynamic folder); Tools/Presentation/author_complete_defeat.py (dynamic folder); Tools/Presentation/author_content.py (dynamic folder); Tools/Presentation/finalize_party_animation.py (dynamic folder),/Game/Presentation/Animation/Locomotion/Remiel/LIVE_Remiel_BS_Idle_Walk_Run,untracked,external local archive + SHA-256 manifest required,中,NO
待核实,Content/Presentation/Animation,Content/Presentation/Animation/Locomotion/Remiel/LIVE_Remiel_MF_Unarmed_Jog_Fwd_Right.uasset,1357802,AnimSequence,角色 / 动作 / 重定向,,test / authoring dependency: Tools/Presentation/author_combat_animations.py (dynamic folder); Tools/Presentation/author_complete_defeat.py (dynamic folder); Tools/Presentation/author_content.py (dynamic folder); Tools/Presentation/finalize_party_animation.py (dynamic folder),/Game/Presentation/Animation/Locomotion/Remiel/LIVE_Remiel_BS_Idle_Walk_Run,untracked,external local archive + SHA-256 manifest required,中,NO
待核实,Content/Presentation/Animation,Content/Presentation/Animation/Locomotion/Remiel/LIVE_Remiel_MF_Unarmed_Jog_Left.uasset,1306165,AnimSequence,角色 / 动作 / 重定向,,test / authoring dependency: Tools/Presentation/author_combat_animations.py (dynamic folder); Tools/Presentation/author_complete_defeat.py (dynamic folder); Tools/Presentation/author_content.py (dynamic folder); Tools/Presentation/finalize_party_animation.py (dynamic folder),/Game/Presentation/Animation/Locomotion/Remiel/LIVE_Remiel_BS_Idle_Walk_Run,untracked,external local archive + SHA-256 manifest required,中,NO
待核实,Content/Presentation/Animation,Content/Presentation/Animation/Locomotion/Remiel/LIVE_Remiel_MF_Unarmed_Jog_Right.uasset,1343950,AnimSequence,角色 / 动作 / 重定向,,test / authoring dependency: Tools/Presentation/author_combat_animations.py (dynamic folder); Tools/Presentation/author_complete_defeat.py (dynamic folder); Tools/Presentation/author_content.py (dynamic folder); Tools/Presentation/finalize_party_animation.py (dynamic folder),/Game/Presentation/Animation/Locomotion/Remiel/LIVE_Remiel_BS_Idle_Walk_Run,untracked,external local archive + SHA-256 manifest required,中,NO
待核实,Content/Presentation/Animation,Content/Presentation/Animation/Locomotion/Remiel/LIVE_Remiel_MF_Unarmed_Walk_Bwd.uasset,1419722,AnimSequence,角色 / 动作 / 重定向,,test / authoring dependency: Tools/Presentation/author_combat_animations.py (dynamic folder); Tools/Presentation/author_complete_defeat.py (dynamic folder); Tools/Presentation/author_content.py (dynamic folder); Tools/Presentation/finalize_party_animation.py (dynamic folder),/Game/Presentation/Animation/Locomotion/Remiel/LIVE_Remiel_BS_Idle_Walk_Run,untracked,external local archive + SHA-256 manifest required,中,NO
待核实,Content/Presentation/Animation,Content/Presentation/Animation/Locomotion/Remiel/LIVE_Remiel_MF_Unarmed_Walk_Bwd_Left.uasset,1429027,AnimSequence,角色 / 动作 / 重定向,,test / authoring dependency: Tools/Presentation/author_combat_animations.py (dynamic folder); Tools/Presentation/author_complete_defeat.py (dynamic folder); Tools/Presentation/author_content.py (dynamic folder); Tools/Presentation/finalize_party_animation.py (dynamic folder),/Game/Presentation/Animation/Locomotion/Remiel/LIVE_Remiel_BS_Idle_Walk_Run,untracked,external local archive + SHA-256 manifest required,中,NO
待核实,Content/Presentation/Animation,Content/Presentation/Animation/Locomotion/Remiel/LIVE_Remiel_MF_Unarmed_Walk_Bwd_Right.uasset,1428986,AnimSequence,角色 / 动作 / 重定向,,test / authoring dependency: Tools/Presentation/author_combat_animations.py (dynamic folder); Tools/Presentation/author_complete_defeat.py (dynamic folder); Tools/Presentation/author_content.py (dynamic folder); Tools/Presentation/finalize_party_animation.py (dynamic folder),/Game/Presentation/Animation/Locomotion/Remiel/LIVE_Remiel_BS_Idle_Walk_Run,untracked,external local archive + SHA-256 manifest required,中,NO
待核实,Content/Presentation/Animation,Content/Presentation/Animation/Locomotion/Remiel/LIVE_Remiel_MF_Unarmed_Walk_Fwd.uasset,1300090,AnimSequence,角色 / 动作 / 重定向,,test / authoring dependency: Tools/Presentation/author_combat_animations.py (dynamic folder); Tools/Presentation/author_complete_defeat.py (dynamic folder); Tools/Presentation/author_content.py (dynamic folder); Tools/Presentation/finalize_party_animation.py (dynamic folder),/Game/Presentation/Animation/Locomotion/Remiel/LIVE_Remiel_BS_Idle_Walk_Run,untracked,external local archive + SHA-256 manifest required,中,NO
待核实,Content/Presentation/Animation,Content/Presentation/Animation/Locomotion/Remiel/LIVE_Remiel_MF_Unarmed_Walk_Fwd_Left.uasset,1306280,AnimSequence,角色 / 动作 / 重定向,,test / authoring dependency: Tools/Presentation/author_combat_animations.py (dynamic folder); Tools/Presentation/author_complete_defeat.py (dynamic folder); Tools/Presentation/author_content.py (dynamic folder); Tools/Presentation/finalize_party_animation.py (dynamic folder),/Game/Presentation/Animation/Locomotion/Remiel/LIVE_Remiel_BS_Idle_Walk_Run,untracked,external local archive + SHA-256 manifest required,中,NO
待核实,Content/Presentation/Animation,Content/Presentation/Animation/Locomotion/Remiel/LIVE_Remiel_MF_Unarmed_Walk_Fwd_Right.uasset,1306194,AnimSequence,角色 / 动作 / 重定向,,test / authoring dependency: Tools/Presentation/author_combat_animations.py (dynamic folder); Tools/Presentation/author_complete_defeat.py (dynamic folder); Tools/Presentation/author_content.py (dynamic folder); Tools/Presentation/finalize_party_animation.py (dynamic folder),/Game/Presentation/Animation/Locomotion/Remiel/LIVE_Remiel_BS_Idle_Walk_Run,untracked,external local archive + SHA-256 manifest required,中,NO
待核实,Content/Presentation/Animation,Content/Presentation/Animation/Locomotion/Remiel/LIVE_Remiel_MF_Unarmed_Walk_Left.uasset,1306106,AnimSequence,角色 / 动作 / 重定向,,test / authoring dependency: Tools/Presentation/author_combat_animations.py (dynamic folder); Tools/Presentation/author_complete_defeat.py (dynamic folder); Tools/Presentation/author_content.py (dynamic folder); Tools/Presentation/finalize_party_animation.py (dynamic folder),/Game/Presentation/Animation/Locomotion/Remiel/LIVE_Remiel_BS_Idle_Walk_Run,untracked,external local archive + SHA-256 manifest required,中,NO
待核实,Content/Presentation/Animation,Content/Presentation/Animation/Locomotion/Remiel/LIVE_Remiel_MF_Unarmed_Walk_Right.uasset,1305969,AnimSequence,角色 / 动作 / 重定向,,test / authoring dependency: Tools/Presentation/author_combat_animations.py (dynamic folder); Tools/Presentation/author_complete_defeat.py (dynamic folder); Tools/Presentation/author_content.py (dynamic folder); Tools/Presentation/finalize_party_animation.py (dynamic folder),/Game/Presentation/Animation/Locomotion/Remiel/LIVE_Remiel_BS_Idle_Walk_Run,untracked,external local archive + SHA-256 manifest required,中,NO
待核实,Content/Presentation/Animation,Content/Presentation/Animation/Locomotion/Remiel/LIVE_Remiel_MM_Fall_Loop.uasset,1557376,AnimSequence,角色 / 动作 / 重定向,,test / authoring dependency: Tools/Presentation/author_combat_animations.py (dynamic folder); Tools/Presentation/author_complete_defeat.py (dynamic folder); Tools/Presentation/author_content.py (dynamic folder); Tools/Presentation/finalize_party_animation.py (dynamic folder),/Game/Presentation/Animation/Locomotion/Remiel/LIVE_Remiel_ABP_Unarmed,untracked,external local archive + SHA-256 manifest required,中,NO
待核实,Content/Presentation/Animation,Content/Presentation/Animation/Locomotion/Remiel/LIVE_Remiel_MM_Idle.uasset,2366866,AnimSequence,角色 / 动作 / 重定向,,test / authoring dependency: Tools/Presentation/author_combat_animations.py (dynamic folder); Tools/Presentation/author_complete_defeat.py (dynamic folder); Tools/Presentation/author_content.py (dynamic folder); Tools/Presentation/finalize_party_animation.py (dynamic folder),/Game/Presentation/Animation/Locomotion/Remiel/LIVE_Remiel_BS_Idle_Walk_Run; /Game/Presentation/Animation/Locomotion/Remiel/LIVE_Remiel_ABP_Unarmed,untracked,external local archive + SHA-256 manifest required,中,NO
待核实,Content/Presentation/Animation,Content/Presentation/Animation/Locomotion/Remiel/LIVE_Remiel_MM_Jump.uasset,1175686,AnimSequence,角色 / 动作 / 重定向,,test / authoring dependency: Tools/Presentation/author_combat_animations.py (dynamic folder); Tools/Presentation/author_complete_defeat.py (dynamic folder); Tools/Presentation/author_content.py (dynamic folder); Tools/Presentation/finalize_party_animation.py (dynamic folder),/Game/Presentation/Animation/Locomotion/Remiel/LIVE_Remiel_ABP_Unarmed,untracked,external local archive + SHA-256 manifest required,中,NO
待核实,Content/Presentation/Animation,Content/Presentation/Animation/Locomotion/Remiel/LIVE_Remiel_MM_Land.uasset,1174138,AnimSequence,角色 / 动作 / 重定向,,test / authoring dependency: Tools/Presentation/author_combat_animations.py (dynamic folder); Tools/Presentation/author_complete_defeat.py (dynamic folder); Tools/Presentation/author_content.py (dynamic folder); Tools/Presentation/finalize_party_animation.py (dynamic folder),/Game/Presentation/Animation/Locomotion/Remiel/LIVE_Remiel_ABP_Unarmed,untracked,external local archive + SHA-256 manifest required,中,NO
仍被使用,Content/Presentation/Animation,Content/Presentation/Animation/Locomotion/Verina/FINAL_Verina_ABP_Unarmed.uasset,379384,AnimBlueprint,角色 / 动作 / 重定向,,dependency of /Game/Data/VerticalSlice/Characters/DA_Character_Verina,/Game/Data/VerticalSlice/Characters/DA_Character_Verina,untracked,external local archive + SHA-256 manifest required,保留,NO
仍被使用,Content/Presentation/Animation,Content/Presentation/Animation/Locomotion/Verina/FINAL_Verina_BS_Idle_Walk_Run.uasset,53654,BlendSpace,蓝图 / 数据 / 其他资源,,dependency of /Game/Presentation/Animation/Locomotion/Verina/FINAL_Verina_ABP_Unarmed,/Game/Presentation/Animation/Locomotion/Verina/FINAL_Verina_ABP_Unarmed,untracked,external local archive + SHA-256 manifest required,保留,NO
仍被使用,Content/Presentation/Animation,Content/Presentation/Animation/Locomotion/Verina/FINAL_Verina_MF_Unarmed_Jog_Bwd.uasset,1187459,AnimSequence,角色 / 动作 / 重定向,,dependency of /Game/Presentation/Animation/Locomotion/Verina/FINAL_Verina_BS_Idle_Walk_Run,/Game/Presentation/Animation/Locomotion/Verina/FINAL_Verina_BS_Idle_Walk_Run,untracked,external local archive + SHA-256 manifest required,保留,NO
仍被使用,Content/Presentation/Animation,Content/Presentation/Animation/Locomotion/Verina/FINAL_Verina_MF_Unarmed_Jog_Bwd_Left.uasset,1189317,AnimSequence,角色 / 动作 / 重定向,,dependency of /Game/Presentation/Animation/Locomotion/Verina/FINAL_Verina_BS_Idle_Walk_Run,/Game/Presentation/Animation/Locomotion/Verina/FINAL_Verina_BS_Idle_Walk_Run,untracked,external local archive + SHA-256 manifest required,保留,NO
仍被使用,Content/Presentation/Animation,Content/Presentation/Animation/Locomotion/Verina/FINAL_Verina_MF_Unarmed_Jog_Bwd_Right.uasset,1189265,AnimSequence,角色 / 动作 / 重定向,,dependency of /Game/Presentation/Animation/Locomotion/Verina/FINAL_Verina_BS_Idle_Walk_Run,/Game/Presentation/Animation/Locomotion/Verina/FINAL_Verina_BS_Idle_Walk_Run,untracked,external local archive + SHA-256 manifest required,保留,NO
仍被使用,Content/Presentation/Animation,Content/Presentation/Animation/Locomotion/Verina/FINAL_Verina_MF_Unarmed_Jog_Fwd.uasset,1233454,AnimSequence,角色 / 动作 / 重定向,,dependency of /Game/Presentation/Animation/Locomotion/Verina/FINAL_Verina_BS_Idle_Walk_Run,/Game/Presentation/Animation/Locomotion/Verina/FINAL_Verina_BS_Idle_Walk_Run,untracked,external local archive + SHA-256 manifest required,保留,NO
仍被使用,Content/Presentation/Animation,Content/Presentation/Animation/Locomotion/Verina/FINAL_Verina_MF_Unarmed_Jog_Fwd_Left.uasset,1235527,AnimSequence,角色 / 动作 / 重定向,,dependency of /Game/Presentation/Animation/Locomotion/Verina/FINAL_Verina_BS_Idle_Walk_Run,/Game/Presentation/Animation/Locomotion/Verina/FINAL_Verina_BS_Idle_Walk_Run,untracked,external local archive + SHA-256 manifest required,保留,NO
仍被使用,Content/Presentation/Animation,Content/Presentation/Animation/Locomotion/Verina/FINAL_Verina_MF_Unarmed_Jog_Fwd_Right.uasset,1235597,AnimSequence,角色 / 动作 / 重定向,,dependency of /Game/Presentation/Animation/Locomotion/Verina/FINAL_Verina_BS_Idle_Walk_Run,/Game/Presentation/Animation/Locomotion/Verina/FINAL_Verina_BS_Idle_Walk_Run,untracked,external local archive + SHA-256 manifest required,保留,NO
仍被使用,Content/Presentation/Animation,Content/Presentation/Animation/Locomotion/Verina/FINAL_Verina_MF_Unarmed_Jog_Left.uasset,1190716,AnimSequence,角色 / 动作 / 重定向,,dependency of /Game/Presentation/Animation/Locomotion/Verina/FINAL_Verina_BS_Idle_Walk_Run,/Game/Presentation/Animation/Locomotion/Verina/FINAL_Verina_BS_Idle_Walk_Run,untracked,external local archive + SHA-256 manifest required,保留,NO
仍被使用,Content/Presentation/Animation,Content/Presentation/Animation/Locomotion/Verina/FINAL_Verina_MF_Unarmed_Jog_Right.uasset,1230523,AnimSequence,角色 / 动作 / 重定向,,dependency of /Game/Presentation/Animation/Locomotion/Verina/FINAL_Verina_BS_Idle_Walk_Run,/Game/Presentation/Animation/Locomotion/Verina/FINAL_Verina_BS_Idle_Walk_Run,untracked,external local archive + SHA-256 manifest required,保留,NO
仍被使用,Content/Presentation/Animation,Content/Presentation/Animation/Locomotion/Verina/FINAL_Verina_MF_Unarmed_Walk_Bwd.uasset,1304482,AnimSequence,角色 / 动作 / 重定向,,dependency of /Game/Presentation/Animation/Locomotion/Verina/FINAL_Verina_BS_Idle_Walk_Run,/Game/Presentation/Animation/Locomotion/Verina/FINAL_Verina_BS_Idle_Walk_Run,untracked,external local archive + SHA-256 manifest required,保留,NO
仍被使用,Content/Presentation/Animation,Content/Presentation/Animation/Locomotion/Verina/FINAL_Verina_MF_Unarmed_Walk_Bwd_Left.uasset,1307643,AnimSequence,角色 / 动作 / 重定向,,dependency of /Game/Presentation/Animation/Locomotion/Verina/FINAL_Verina_BS_Idle_Walk_Run,/Game/Presentation/Animation/Locomotion/Verina/FINAL_Verina_BS_Idle_Walk_Run,untracked,external local archive + SHA-256 manifest required,保留,NO
仍被使用,Content/Presentation/Animation,Content/Presentation/Animation/Locomotion/Verina/FINAL_Verina_MF_Unarmed_Walk_Bwd_Right.uasset,1307464,AnimSequence,角色 / 动作 / 重定向,,dependency of /Game/Presentation/Animation/Locomotion/Verina/FINAL_Verina_BS_Idle_Walk_Run,/Game/Presentation/Animation/Locomotion/Verina/FINAL_Verina_BS_Idle_Walk_Run,untracked,external local archive + SHA-256 manifest required,保留,NO
仍被使用,Content/Presentation/Animation,Content/Presentation/Animation/Locomotion/Verina/FINAL_Verina_MF_Unarmed_Walk_Fwd.uasset,1185498,AnimSequence,角色 / 动作 / 重定向,,dependency of /Game/Presentation/Animation/Locomotion/Verina/FINAL_Verina_BS_Idle_Walk_Run,/Game/Presentation/Animation/Locomotion/Verina/FINAL_Verina_BS_Idle_Walk_Run,untracked,external local archive + SHA-256 manifest required,保留,NO
仍被使用,Content/Presentation/Animation,Content/Presentation/Animation/Locomotion/Verina/FINAL_Verina_MF_Unarmed_Walk_Fwd_Left.uasset,1187098,AnimSequence,角色 / 动作 / 重定向,,dependency of /Game/Presentation/Animation/Locomotion/Verina/FINAL_Verina_BS_Idle_Walk_Run,/Game/Presentation/Animation/Locomotion/Verina/FINAL_Verina_BS_Idle_Walk_Run,untracked,external local archive + SHA-256 manifest required,保留,NO
仍被使用,Content/Presentation/Animation,Content/Presentation/Animation/Locomotion/Verina/FINAL_Verina_MF_Unarmed_Walk_Fwd_Right.uasset,1186986,AnimSequence,角色 / 动作 / 重定向,,dependency of /Game/Presentation/Animation/Locomotion/Verina/FINAL_Verina_BS_Idle_Walk_Run,/Game/Presentation/Animation/Locomotion/Verina/FINAL_Verina_BS_Idle_Walk_Run,untracked,external local archive + SHA-256 manifest required,保留,NO
仍被使用,Content/Presentation/Animation,Content/Presentation/Animation/Locomotion/Verina/FINAL_Verina_MF_Unarmed_Walk_Left.uasset,1194316,AnimSequence,角色 / 动作 / 重定向,,dependency of /Game/Presentation/Animation/Locomotion/Verina/FINAL_Verina_BS_Idle_Walk_Run,/Game/Presentation/Animation/Locomotion/Verina/FINAL_Verina_BS_Idle_Walk_Run,untracked,external local archive + SHA-256 manifest required,保留,NO
仍被使用,Content/Presentation/Animation,Content/Presentation/Animation/Locomotion/Verina/FINAL_Verina_MF_Unarmed_Walk_Right.uasset,1193857,AnimSequence,角色 / 动作 / 重定向,,dependency of /Game/Presentation/Animation/Locomotion/Verina/FINAL_Verina_BS_Idle_Walk_Run,/Game/Presentation/Animation/Locomotion/Verina/FINAL_Verina_BS_Idle_Walk_Run,untracked,external local archive + SHA-256 manifest required,保留,NO
仍被使用,Content/Presentation/Animation,Content/Presentation/Animation/Locomotion/Verina/FINAL_Verina_MM_Fall_Loop.uasset,1447402,AnimSequence,角色 / 动作 / 重定向,,dependency of /Game/Presentation/Animation/Locomotion/Verina/FINAL_Verina_ABP_Unarmed,/Game/Presentation/Animation/Locomotion/Verina/FINAL_Verina_ABP_Unarmed,untracked,external local archive + SHA-256 manifest required,保留,NO
仍被使用,Content/Presentation/Animation,Content/Presentation/Animation/Locomotion/Verina/FINAL_Verina_MM_Idle.uasset,2262939,AnimSequence,角色 / 动作 / 重定向,,dependency of /Game/Presentation/Animation/Locomotion/Verina/FINAL_Verina_ABP_Unarmed,/Game/Presentation/Animation/Locomotion/Verina/FINAL_Verina_BS_Idle_Walk_Run; /Game/Presentation/Animation/Locomotion/Verina/FINAL_Verina_ABP_Unarmed,untracked,external local archive + SHA-256 manifest required,保留,NO
仍被使用,Content/Presentation/Animation,Content/Presentation/Animation/Locomotion/Verina/FINAL_Verina_MM_Jump.uasset,1069700,AnimSequence,角色 / 动作 / 重定向,,dependency of /Game/Presentation/Animation/Locomotion/Verina/FINAL_Verina_ABP_Unarmed,/Game/Presentation/Animation/Locomotion/Verina/FINAL_Verina_ABP_Unarmed,untracked,external local archive + SHA-256 manifest required,保留,NO
仍被使用,Content/Presentation/Animation,Content/Presentation/Animation/Locomotion/Verina/FINAL_Verina_MM_Land.uasset,1068552,AnimSequence,角色 / 动作 / 重定向,,dependency of /Game/Presentation/Animation/Locomotion/Verina/FINAL_Verina_ABP_Unarmed,/Game/Presentation/Animation/Locomotion/Verina/FINAL_Verina_ABP_Unarmed,untracked,external local archive + SHA-256 manifest required,保留,NO
待核实,Content/Presentation/Animation,Content/Presentation/Animation/Locomotion/Verina/FIX_Verina_ABP_Unarmed.uasset,379564,AnimBlueprint,角色 / 动作 / 重定向,,test / authoring dependency: Tools/Presentation/author_combat_animations.py (dynamic folder); Tools/Presentation/author_complete_defeat.py (dynamic folder); Tools/Presentation/author_content.py (dynamic folder); Tools/Presentation/finalize_party_animation.py (dynamic folder),,untracked,external local archive + SHA-256 manifest required,中,NO
待核实,Content/Presentation/Animation,Content/Presentation/Animation/Locomotion/Verina/FIX_Verina_BS_Idle_Walk_Run.uasset,53718,BlendSpace,蓝图 / 数据 / 其他资源,,test / authoring dependency: Tools/Presentation/author_combat_animations.py (dynamic folder); Tools/Presentation/author_complete_defeat.py (dynamic folder); Tools/Presentation/author_content.py (dynamic folder); Tools/Presentation/finalize_party_animation.py (dynamic folder),/Game/Presentation/Animation/Locomotion/Verina/FIX_Verina_ABP_Unarmed,untracked,external local archive + SHA-256 manifest required,中,NO
待核实,Content/Presentation/Animation,Content/Presentation/Animation/Locomotion/Verina/FIX_Verina_MF_Unarmed_Jog_Bwd.uasset,907277,AnimSequence,角色 / 动作 / 重定向,,test / authoring dependency: Tools/Presentation/author_combat_animations.py (dynamic folder); Tools/Presentation/author_complete_defeat.py (dynamic folder); Tools/Presentation/author_content.py (dynamic folder); Tools/Presentation/finalize_party_animation.py (dynamic folder),/Game/Presentation/Animation/Locomotion/Verina/FIX_Verina_BS_Idle_Walk_Run,untracked,external local archive + SHA-256 manifest required,中,NO
待核实,Content/Presentation/Animation,Content/Presentation/Animation/Locomotion/Verina/FIX_Verina_MF_Unarmed_Jog_Bwd_Left.uasset,906161,AnimSequence,角色 / 动作 / 重定向,,test / authoring dependency: Tools/Presentation/author_combat_animations.py (dynamic folder); Tools/Presentation/author_complete_defeat.py (dynamic folder); Tools/Presentation/author_content.py (dynamic folder); Tools/Presentation/finalize_party_animation.py (dynamic folder),/Game/Presentation/Animation/Locomotion/Verina/FIX_Verina_BS_Idle_Walk_Run,untracked,external local archive + SHA-256 manifest required,中,NO
待核实,Content/Presentation/Animation,Content/Presentation/Animation/Locomotion/Verina/FIX_Verina_MF_Unarmed_Jog_Bwd_Right.uasset,906166,AnimSequence,角色 / 动作 / 重定向,,test / authoring dependency: Tools/Presentation/author_combat_animations.py (dynamic folder); Tools/Presentation/author_complete_defeat.py (dynamic folder); Tools/Presentation/author_content.py (dynamic folder); Tools/Presentation/finalize_party_animation.py (dynamic folder),/Game/Presentation/Animation/Locomotion/Verina/FIX_Verina_BS_Idle_Walk_Run,untracked,external local archive + SHA-256 manifest required,中,NO
待核实,Content/Presentation/Animation,Content/Presentation/Animation/Locomotion/Verina/FIX_Verina_MF_Unarmed_Jog_Fwd.uasset,907285,AnimSequence,角色 / 动作 / 重定向,,test / authoring dependency: Tools/Presentation/author_combat_animations.py (dynamic folder); Tools/Presentation/author_complete_defeat.py (dynamic folder); Tools/Presentation/author_content.py (dynamic folder); Tools/Presentation/finalize_party_animation.py (dynamic folder),/Game/Presentation/Animation/Locomotion/Verina/FIX_Verina_BS_Idle_Walk_Run,untracked,external local archive + SHA-256 manifest required,中,NO
待核实,Content/Presentation/Animation,Content/Presentation/Animation/Locomotion/Verina/FIX_Verina_MF_Unarmed_Jog_Fwd_Left.uasset,906161,AnimSequence,角色 / 动作 / 重定向,,test / authoring dependency: Tools/Presentation/author_combat_animations.py (dynamic folder); Tools/Presentation/author_complete_defeat.py (dynamic folder); Tools/Presentation/author_content.py (dynamic folder); Tools/Presentation/finalize_party_animation.py (dynamic folder),/Game/Presentation/Animation/Locomotion/Verina/FIX_Verina_BS_Idle_Walk_Run,untracked,external local archive + SHA-256 manifest required,中,NO
待核实,Content/Presentation/Animation,Content/Presentation/Animation/Locomotion/Verina/FIX_Verina_MF_Unarmed_Jog_Fwd_Right.uasset,906166,AnimSequence,角色 / 动作 / 重定向,,test / authoring dependency: Tools/Presentation/author_combat_animations.py (dynamic folder); Tools/Presentation/author_complete_defeat.py (dynamic folder); Tools/Presentation/author_content.py (dynamic folder); Tools/Presentation/finalize_party_animation.py (dynamic folder),/Game/Presentation/Animation/Locomotion/Verina/FIX_Verina_BS_Idle_Walk_Run,untracked,external local archive + SHA-256 manifest required,中,NO
待核实,Content/Presentation/Animation,Content/Presentation/Animation/Locomotion/Verina/FIX_Verina_MF_Unarmed_Jog_Left.uasset,907285,AnimSequence,角色 / 动作 / 重定向,,test / authoring dependency: Tools/Presentation/author_combat_animations.py (dynamic folder); Tools/Presentation/author_complete_defeat.py (dynamic folder); Tools/Presentation/author_content.py (dynamic folder); Tools/Presentation/finalize_party_animation.py (dynamic folder),/Game/Presentation/Animation/Locomotion/Verina/FIX_Verina_BS_Idle_Walk_Run,untracked,external local archive + SHA-256 manifest required,中,NO
待核实,Content/Presentation/Animation,Content/Presentation/Animation/Locomotion/Verina/FIX_Verina_MF_Unarmed_Jog_Right.uasset,907301,AnimSequence,角色 / 动作 / 重定向,,test / authoring dependency: Tools/Presentation/author_combat_animations.py (dynamic folder); Tools/Presentation/author_complete_defeat.py (dynamic folder); Tools/Presentation/author_content.py (dynamic folder); Tools/Presentation/finalize_party_animation.py (dynamic folder),/Game/Presentation/Animation/Locomotion/Verina/FIX_Verina_BS_Idle_Walk_Run,untracked,external local archive + SHA-256 manifest required,中,NO
待核实,Content/Presentation/Animation,Content/Presentation/Animation/Locomotion/Verina/FIX_Verina_MF_Unarmed_Walk_Bwd.uasset,907313,AnimSequence,角色 / 动作 / 重定向,,test / authoring dependency: Tools/Presentation/author_combat_animations.py (dynamic folder); Tools/Presentation/author_complete_defeat.py (dynamic folder); Tools/Presentation/author_content.py (dynamic folder); Tools/Presentation/finalize_party_animation.py (dynamic folder),/Game/Presentation/Animation/Locomotion/Verina/FIX_Verina_BS_Idle_Walk_Run,untracked,external local archive + SHA-256 manifest required,中,NO
待核实,Content/Presentation/Animation,Content/Presentation/Animation/Locomotion/Verina/FIX_Verina_MF_Unarmed_Walk_Bwd_Left.uasset,906205,AnimSequence,角色 / 动作 / 重定向,,test / authoring dependency: Tools/Presentation/author_combat_animations.py (dynamic folder); Tools/Presentation/author_complete_defeat.py (dynamic folder); Tools/Presentation/author_content.py (dynamic folder); Tools/Presentation/finalize_party_animation.py (dynamic folder),/Game/Presentation/Animation/Locomotion/Verina/FIX_Verina_BS_Idle_Walk_Run,untracked,external local archive + SHA-256 manifest required,中,NO
待核实,Content/Presentation/Animation,Content/Presentation/Animation/Locomotion/Verina/FIX_Verina_MF_Unarmed_Walk_Bwd_Right.uasset,906210,AnimSequence,角色 / 动作 / 重定向,,test / authoring dependency: Tools/Presentation/author_combat_animations.py (dynamic folder); Tools/Presentation/author_complete_defeat.py (dynamic folder); Tools/Presentation/author_content.py (dynamic folder); Tools/Presentation/finalize_party_animation.py (dynamic folder),/Game/Presentation/Animation/Locomotion/Verina/FIX_Verina_BS_Idle_Walk_Run,untracked,external local archive + SHA-256 manifest required,中,NO
待核实,Content/Presentation/Animation,Content/Presentation/Animation/Locomotion/Verina/FIX_Verina_MF_Unarmed_Walk_Fwd.uasset,907004,AnimSequence,角色 / 动作 / 重定向,,test / authoring dependency: Tools/Presentation/author_combat_animations.py (dynamic folder); Tools/Presentation/author_complete_defeat.py (dynamic folder); Tools/Presentation/author_content.py (dynamic folder); Tools/Presentation/finalize_party_animation.py (dynamic folder),/Game/Presentation/Animation/Locomotion/Verina/FIX_Verina_BS_Idle_Walk_Run,untracked,external local archive + SHA-256 manifest required,中,NO
待核实,Content/Presentation/Animation,Content/Presentation/Animation/Locomotion/Verina/FIX_Verina_MF_Unarmed_Walk_Fwd_Left.uasset,905877,AnimSequence,角色 / 动作 / 重定向,,test / authoring dependency: Tools/Presentation/author_combat_animations.py (dynamic folder); Tools/Presentation/author_complete_defeat.py (dynamic folder); Tools/Presentation/author_content.py (dynamic folder); Tools/Presentation/finalize_party_animation.py (dynamic folder),/Game/Presentation/Animation/Locomotion/Verina/FIX_Verina_BS_Idle_Walk_Run,untracked,external local archive + SHA-256 manifest required,中,NO
待核实,Content/Presentation/Animation,Content/Presentation/Animation/Locomotion/Verina/FIX_Verina_MF_Unarmed_Walk_Fwd_Right.uasset,905882,AnimSequence,角色 / 动作 / 重定向,,test / authoring dependency: Tools/Presentation/author_combat_animations.py (dynamic folder); Tools/Presentation/author_complete_defeat.py (dynamic folder); Tools/Presentation/author_content.py (dynamic folder); Tools/Presentation/finalize_party_animation.py (dynamic folder),/Game/Presentation/Animation/Locomotion/Verina/FIX_Verina_BS_Idle_Walk_Run,untracked,external local archive + SHA-256 manifest required,中,NO
待核实,Content/Presentation/Animation,Content/Presentation/Animation/Locomotion/Verina/FIX_Verina_MF_Unarmed_Walk_Left.uasset,907004,AnimSequence,角色 / 动作 / 重定向,,test / authoring dependency: Tools/Presentation/author_combat_animations.py (dynamic folder); Tools/Presentation/author_complete_defeat.py (dynamic folder); Tools/Presentation/author_content.py (dynamic folder); Tools/Presentation/finalize_party_animation.py (dynamic folder),/Game/Presentation/Animation/Locomotion/Verina/FIX_Verina_BS_Idle_Walk_Run,untracked,external local archive + SHA-256 manifest required,中,NO
待核实,Content/Presentation/Animation,Content/Presentation/Animation/Locomotion/Verina/FIX_Verina_MF_Unarmed_Walk_Right.uasset,906997,AnimSequence,角色 / 动作 / 重定向,,test / authoring dependency: Tools/Presentation/author_combat_animations.py (dynamic folder); Tools/Presentation/author_complete_defeat.py (dynamic folder); Tools/Presentation/author_content.py (dynamic folder); Tools/Presentation/finalize_party_animation.py (dynamic folder),/Game/Presentation/Animation/Locomotion/Verina/FIX_Verina_BS_Idle_Walk_Run,untracked,external local archive + SHA-256 manifest required,中,NO
待核实,Content/Presentation/Animation,Content/Presentation/Animation/Locomotion/Verina/FIX_Verina_MM_Fall_Loop.uasset,906178,AnimSequence,角色 / 动作 / 重定向,,test / authoring dependency: Tools/Presentation/author_combat_animations.py (dynamic folder); Tools/Presentation/author_complete_defeat.py (dynamic folder); Tools/Presentation/author_content.py (dynamic folder); Tools/Presentation/finalize_party_animation.py (dynamic folder),/Game/Presentation/Animation/Locomotion/Verina/FIX_Verina_ABP_Unarmed,untracked,external local archive + SHA-256 manifest required,中,NO
待核实,Content/Presentation/Animation,Content/Presentation/Animation/Locomotion/Verina/FIX_Verina_MM_Idle.uasset,906064,AnimSequence,角色 / 动作 / 重定向,,test / authoring dependency: Tools/Presentation/author_combat_animations.py (dynamic folder); Tools/Presentation/author_complete_defeat.py (dynamic folder); Tools/Presentation/author_content.py (dynamic folder); Tools/Presentation/finalize_party_animation.py (dynamic folder),/Game/Presentation/Animation/Locomotion/Verina/FIX_Verina_BS_Idle_Walk_Run; /Game/Presentation/Animation/Locomotion/Verina/FIX_Verina_ABP_Unarmed,untracked,external local archive + SHA-256 manifest required,中,NO
待核实,Content/Presentation/Animation,Content/Presentation/Animation/Locomotion/Verina/FIX_Verina_MM_Jump.uasset,906162,AnimSequence,角色 / 动作 / 重定向,,test / authoring dependency: Tools/Presentation/author_combat_animations.py (dynamic folder); Tools/Presentation/author_complete_defeat.py (dynamic folder); Tools/Presentation/author_content.py (dynamic folder); Tools/Presentation/finalize_party_animation.py (dynamic folder),/Game/Presentation/Animation/Locomotion/Verina/FIX_Verina_ABP_Unarmed,untracked,external local archive + SHA-256 manifest required,中,NO
待核实,Content/Presentation/Animation,Content/Presentation/Animation/Locomotion/Verina/FIX_Verina_MM_Land.uasset,906322,AnimSequence,角色 / 动作 / 重定向,,test / authoring dependency: Tools/Presentation/author_combat_animations.py (dynamic folder); Tools/Presentation/author_complete_defeat.py (dynamic folder); Tools/Presentation/author_content.py (dynamic folder); Tools/Presentation/finalize_party_animation.py (dynamic folder),/Game/Presentation/Animation/Locomotion/Verina/FIX_Verina_ABP_Unarmed,untracked,external local archive + SHA-256 manifest required,中,NO
待核实,Content/Presentation/Animation,Content/Presentation/Animation/Locomotion/Verina/LIVE_Verina_ABP_Unarmed.uasset,379294,AnimBlueprint,角色 / 动作 / 重定向,,test / authoring dependency: Tools/Presentation/author_combat_animations.py (dynamic folder); Tools/Presentation/author_complete_defeat.py (dynamic folder); Tools/Presentation/author_content.py (dynamic folder); Tools/Presentation/finalize_party_animation.py (dynamic folder),,untracked,external local archive + SHA-256 manifest required,中,NO
待核实,Content/Presentation/Animation,Content/Presentation/Animation/Locomotion/Verina/LIVE_Verina_BS_Idle_Walk_Run.uasset,53569,BlendSpace,蓝图 / 数据 / 其他资源,,test / authoring dependency: Tools/Presentation/author_combat_animations.py (dynamic folder); Tools/Presentation/author_complete_defeat.py (dynamic folder); Tools/Presentation/author_content.py (dynamic folder); Tools/Presentation/finalize_party_animation.py (dynamic folder),/Game/Presentation/Animation/Locomotion/Verina/LIVE_Verina_ABP_Unarmed,untracked,external local archive + SHA-256 manifest required,中,NO
待核实,Content/Presentation/Animation,Content/Presentation/Animation/Locomotion/Verina/LIVE_Verina_MF_Unarmed_Jog_Bwd.uasset,1188017,AnimSequence,角色 / 动作 / 重定向,,test / authoring dependency: Tools/Presentation/author_combat_animations.py (dynamic folder); Tools/Presentation/author_complete_defeat.py (dynamic folder); Tools/Presentation/author_content.py (dynamic folder); Tools/Presentation/finalize_party_animation.py (dynamic folder),/Game/Presentation/Animation/Locomotion/Verina/LIVE_Verina_BS_Idle_Walk_Run,untracked,external local archive + SHA-256 manifest required,中,NO
待核实,Content/Presentation/Animation,Content/Presentation/Animation/Locomotion/Verina/LIVE_Verina_MF_Unarmed_Jog_Bwd_Left.uasset,1188509,AnimSequence,角色 / 动作 / 重定向,,test / authoring dependency: Tools/Presentation/author_combat_animations.py (dynamic folder); Tools/Presentation/author_complete_defeat.py (dynamic folder); Tools/Presentation/author_content.py (dynamic folder); Tools/Presentation/finalize_party_animation.py (dynamic folder),/Game/Presentation/Animation/Locomotion/Verina/LIVE_Verina_BS_Idle_Walk_Run,untracked,external local archive + SHA-256 manifest required,中,NO
待核实,Content/Presentation/Animation,Content/Presentation/Animation/Locomotion/Verina/LIVE_Verina_MF_Unarmed_Jog_Bwd_Right.uasset,1188396,AnimSequence,角色 / 动作 / 重定向,,test / authoring dependency: Tools/Presentation/author_combat_animations.py (dynamic folder); Tools/Presentation/author_complete_defeat.py (dynamic folder); Tools/Presentation/author_content.py (dynamic folder); Tools/Presentation/finalize_party_animation.py (dynamic folder),/Game/Presentation/Animation/Locomotion/Verina/LIVE_Verina_BS_Idle_Walk_Run,untracked,external local archive + SHA-256 manifest required,中,NO
待核实,Content/Presentation/Animation,Content/Presentation/Animation/Locomotion/Verina/LIVE_Verina_MF_Unarmed_Jog_Fwd.uasset,1236725,AnimSequence,角色 / 动作 / 重定向,,test / authoring dependency: Tools/Presentation/author_combat_animations.py (dynamic folder); Tools/Presentation/author_complete_defeat.py (dynamic folder); Tools/Presentation/author_content.py (dynamic folder); Tools/Presentation/finalize_party_animation.py (dynamic folder),/Game/Presentation/Animation/Locomotion/Verina/LIVE_Verina_BS_Idle_Walk_Run,untracked,external local archive + SHA-256 manifest required,中,NO
待核实,Content/Presentation/Animation,Content/Presentation/Animation/Locomotion/Verina/LIVE_Verina_MF_Unarmed_Jog_Fwd_Left.uasset,1237041,AnimSequence,角色 / 动作 / 重定向,,test / authoring dependency: Tools/Presentation/author_combat_animations.py (dynamic folder); Tools/Presentation/author_complete_defeat.py (dynamic folder); Tools/Presentation/author_content.py (dynamic folder); Tools/Presentation/finalize_party_animation.py (dynamic folder),/Game/Presentation/Animation/Locomotion/Verina/LIVE_Verina_BS_Idle_Walk_Run,untracked,external local archive + SHA-256 manifest required,中,NO
待核实,Content/Presentation/Animation,Content/Presentation/Animation/Locomotion/Verina/LIVE_Verina_MF_Unarmed_Jog_Fwd_Right.uasset,1237732,AnimSequence,角色 / 动作 / 重定向,,test / authoring dependency: Tools/Presentation/author_combat_animations.py (dynamic folder); Tools/Presentation/author_complete_defeat.py (dynamic folder); Tools/Presentation/author_content.py (dynamic folder); Tools/Presentation/finalize_party_animation.py (dynamic folder),/Game/Presentation/Animation/Locomotion/Verina/LIVE_Verina_BS_Idle_Walk_Run,untracked,external local archive + SHA-256 manifest required,中,NO
待核实,Content/Presentation/Animation,Content/Presentation/Animation/Locomotion/Verina/LIVE_Verina_MF_Unarmed_Jog_Left.uasset,1196901,AnimSequence,角色 / 动作 / 重定向,,test / authoring dependency: Tools/Presentation/author_combat_animations.py (dynamic folder); Tools/Presentation/author_complete_defeat.py (dynamic folder); Tools/Presentation/author_content.py (dynamic folder); Tools/Presentation/finalize_party_animation.py (dynamic folder),/Game/Presentation/Animation/Locomotion/Verina/LIVE_Verina_BS_Idle_Walk_Run,untracked,external local archive + SHA-256 manifest required,中,NO
待核实,Content/Presentation/Animation,Content/Presentation/Animation/Locomotion/Verina/LIVE_Verina_MF_Unarmed_Jog_Right.uasset,1234281,AnimSequence,角色 / 动作 / 重定向,,test / authoring dependency: Tools/Presentation/author_combat_animations.py (dynamic folder); Tools/Presentation/author_complete_defeat.py (dynamic folder); Tools/Presentation/author_content.py (dynamic folder); Tools/Presentation/finalize_party_animation.py (dynamic folder),/Game/Presentation/Animation/Locomotion/Verina/LIVE_Verina_BS_Idle_Walk_Run,untracked,external local archive + SHA-256 manifest required,中,NO
待核实,Content/Presentation/Animation,Content/Presentation/Animation/Locomotion/Verina/LIVE_Verina_MF_Unarmed_Walk_Bwd.uasset,1308462,AnimSequence,角色 / 动作 / 重定向,,test / authoring dependency: Tools/Presentation/author_combat_animations.py (dynamic folder); Tools/Presentation/author_complete_defeat.py (dynamic folder); Tools/Presentation/author_content.py (dynamic folder); Tools/Presentation/finalize_party_animation.py (dynamic folder),/Game/Presentation/Animation/Locomotion/Verina/LIVE_Verina_BS_Idle_Walk_Run,untracked,external local archive + SHA-256 manifest required,中,NO
待核实,Content/Presentation/Animation,Content/Presentation/Animation/Locomotion/Verina/LIVE_Verina_MF_Unarmed_Walk_Bwd_Left.uasset,1309649,AnimSequence,角色 / 动作 / 重定向,,test / authoring dependency: Tools/Presentation/author_combat_animations.py (dynamic folder); Tools/Presentation/author_complete_defeat.py (dynamic folder); Tools/Presentation/author_content.py (dynamic folder); Tools/Presentation/finalize_party_animation.py (dynamic folder),/Game/Presentation/Animation/Locomotion/Verina/LIVE_Verina_BS_Idle_Walk_Run,untracked,external local archive + SHA-256 manifest required,中,NO
待核实,Content/Presentation/Animation,Content/Presentation/Animation/Locomotion/Verina/LIVE_Verina_MF_Unarmed_Walk_Bwd_Right.uasset,1309232,AnimSequence,角色 / 动作 / 重定向,,test / authoring dependency: Tools/Presentation/author_combat_animations.py (dynamic folder); Tools/Presentation/author_complete_defeat.py (dynamic folder); Tools/Presentation/author_content.py (dynamic folder); Tools/Presentation/finalize_party_animation.py (dynamic folder),/Game/Presentation/Animation/Locomotion/Verina/LIVE_Verina_BS_Idle_Walk_Run,untracked,external local archive + SHA-256 manifest required,中,NO
待核实,Content/Presentation/Animation,Content/Presentation/Animation/Locomotion/Verina/LIVE_Verina_MF_Unarmed_Walk_Fwd.uasset,1187795,AnimSequence,角色 / 动作 / 重定向,,test / authoring dependency: Tools/Presentation/author_combat_animations.py (dynamic folder); Tools/Presentation/author_complete_defeat.py (dynamic folder); Tools/Presentation/author_content.py (dynamic folder); Tools/Presentation/finalize_party_animation.py (dynamic folder),/Game/Presentation/Animation/Locomotion/Verina/LIVE_Verina_BS_Idle_Walk_Run,untracked,external local archive + SHA-256 manifest required,中,NO
待核实,Content/Presentation/Animation,Content/Presentation/Animation/Locomotion/Verina/LIVE_Verina_MF_Unarmed_Walk_Fwd_Left.uasset,1188218,AnimSequence,角色 / 动作 / 重定向,,test / authoring dependency: Tools/Presentation/author_combat_animations.py (dynamic folder); Tools/Presentation/author_complete_defeat.py (dynamic folder); Tools/Presentation/author_content.py (dynamic folder); Tools/Presentation/finalize_party_animation.py (dynamic folder),/Game/Presentation/Animation/Locomotion/Verina/LIVE_Verina_BS_Idle_Walk_Run,untracked,external local archive + SHA-256 manifest required,中,NO
待核实,Content/Presentation/Animation,Content/Presentation/Animation/Locomotion/Verina/LIVE_Verina_MF_Unarmed_Walk_Fwd_Right.uasset,1188230,AnimSequence,角色 / 动作 / 重定向,,test / authoring dependency: Tools/Presentation/author_combat_animations.py (dynamic folder); Tools/Presentation/author_complete_defeat.py (dynamic folder); Tools/Presentation/author_content.py (dynamic folder); Tools/Presentation/finalize_party_animation.py (dynamic folder),/Game/Presentation/Animation/Locomotion/Verina/LIVE_Verina_BS_Idle_Walk_Run,untracked,external local archive + SHA-256 manifest required,中,NO
待核实,Content/Presentation/Animation,Content/Presentation/Animation/Locomotion/Verina/LIVE_Verina_MF_Unarmed_Walk_Left.uasset,1196962,AnimSequence,角色 / 动作 / 重定向,,test / authoring dependency: Tools/Presentation/author_combat_animations.py (dynamic folder); Tools/Presentation/author_complete_defeat.py (dynamic folder); Tools/Presentation/author_content.py (dynamic folder); Tools/Presentation/finalize_party_animation.py (dynamic folder),/Game/Presentation/Animation/Locomotion/Verina/LIVE_Verina_BS_Idle_Walk_Run,untracked,external local archive + SHA-256 manifest required,中,NO
待核实,Content/Presentation/Animation,Content/Presentation/Animation/Locomotion/Verina/LIVE_Verina_MF_Unarmed_Walk_Right.uasset,1196732,AnimSequence,角色 / 动作 / 重定向,,test / authoring dependency: Tools/Presentation/author_combat_animations.py (dynamic folder); Tools/Presentation/author_complete_defeat.py (dynamic folder); Tools/Presentation/author_content.py (dynamic folder); Tools/Presentation/finalize_party_animation.py (dynamic folder),/Game/Presentation/Animation/Locomotion/Verina/LIVE_Verina_BS_Idle_Walk_Run,untracked,external local archive + SHA-256 manifest required,中,NO
待核实,Content/Presentation/Animation,Content/Presentation/Animation/Locomotion/Verina/LIVE_Verina_MM_Fall_Loop.uasset,1447364,AnimSequence,角色 / 动作 / 重定向,,test / authoring dependency: Tools/Presentation/author_combat_animations.py (dynamic folder); Tools/Presentation/author_complete_defeat.py (dynamic folder); Tools/Presentation/author_content.py (dynamic folder); Tools/Presentation/finalize_party_animation.py (dynamic folder),/Game/Presentation/Animation/Locomotion/Verina/LIVE_Verina_ABP_Unarmed,untracked,external local archive + SHA-256 manifest required,中,NO
待核实,Content/Presentation/Animation,Content/Presentation/Animation/Locomotion/Verina/LIVE_Verina_MM_Idle.uasset,2262941,AnimSequence,角色 / 动作 / 重定向,,test / authoring dependency: Tools/Presentation/author_combat_animations.py (dynamic folder); Tools/Presentation/author_complete_defeat.py (dynamic folder); Tools/Presentation/author_content.py (dynamic folder); Tools/Presentation/finalize_party_animation.py (dynamic folder),/Game/Presentation/Animation/Locomotion/Verina/LIVE_Verina_BS_Idle_Walk_Run; /Game/Presentation/Animation/Locomotion/Verina/LIVE_Verina_ABP_Unarmed,untracked,external local archive + SHA-256 manifest required,中,NO
待核实,Content/Presentation/Animation,Content/Presentation/Animation/Locomotion/Verina/LIVE_Verina_MM_Jump.uasset,1071441,AnimSequence,角色 / 动作 / 重定向,,test / authoring dependency: Tools/Presentation/author_combat_animations.py (dynamic folder); Tools/Presentation/author_complete_defeat.py (dynamic folder); Tools/Presentation/author_content.py (dynamic folder); Tools/Presentation/finalize_party_animation.py (dynamic folder),/Game/Presentation/Animation/Locomotion/Verina/LIVE_Verina_ABP_Unarmed,untracked,external local archive + SHA-256 manifest required,中,NO
待核实,Content/Presentation/Animation,Content/Presentation/Animation/Locomotion/Verina/LIVE_Verina_MM_Land.uasset,1070225,AnimSequence,角色 / 动作 / 重定向,,test / authoring dependency: Tools/Presentation/author_combat_animations.py (dynamic folder); Tools/Presentation/author_complete_defeat.py (dynamic folder); Tools/Presentation/author_content.py (dynamic folder); Tools/Presentation/finalize_party_animation.py (dynamic folder),/Game/Presentation/Animation/Locomotion/Verina/LIVE_Verina_ABP_Unarmed,untracked,external local archive + SHA-256 manifest required,中,NO
待核实,Content/Presentation/Animation,Content/Presentation/Animation/PLAY_BS_Idle_Walk_Run.uasset,53050,BlendSpace,蓝图 / 数据 / 其他资源,,test / authoring dependency: Tools/Presentation/author_combat_animations.py (dynamic folder); Tools/Presentation/author_complete_defeat.py (dynamic folder); Tools/Presentation/finalize_party_animation.py (dynamic folder); Tools/Presentation/finalize_party_animation.py (dynamic folder),/Game/Presentation/Animation/ABP_Playable_Huohua,untracked,external local archive + SHA-256 manifest required,中,NO
待核实,Content/Presentation/Animation,Content/Presentation/Animation/PLAY_MF_Unarmed_Jog_Bwd.uasset,469690,AnimSequence,角色 / 动作 / 重定向,,test / authoring dependency: Tools/Presentation/author_combat_animations.py (dynamic folder); Tools/Presentation/author_complete_defeat.py (dynamic folder); Tools/Presentation/finalize_party_animation.py (dynamic folder); Tools/Presentation/finalize_party_animation.py (dynamic folder),,untracked,external local archive + SHA-256 manifest required,中,NO
待核实,Content/Presentation/Animation,Content/Presentation/Animation/PLAY_MF_Unarmed_Jog_Bwd_Left.uasset,468552,AnimSequence,角色 / 动作 / 重定向,,test / authoring dependency: Tools/Presentation/author_combat_animations.py (dynamic folder); Tools/Presentation/author_complete_defeat.py (dynamic folder); Tools/Presentation/finalize_party_animation.py (dynamic folder); Tools/Presentation/finalize_party_animation.py (dynamic folder),,untracked,external local archive + SHA-256 manifest required,中,NO
待核实,Content/Presentation/Animation,Content/Presentation/Animation/PLAY_MF_Unarmed_Jog_Bwd_Right.uasset,468557,AnimSequence,角色 / 动作 / 重定向,,test / authoring dependency: Tools/Presentation/author_combat_animations.py (dynamic folder); Tools/Presentation/author_complete_defeat.py (dynamic folder); Tools/Presentation/finalize_party_animation.py (dynamic folder); Tools/Presentation/finalize_party_animation.py (dynamic folder),,untracked,external local archive + SHA-256 manifest required,中,NO
待核实,Content/Presentation/Animation,Content/Presentation/Animation/PLAY_MF_Unarmed_Jog_Fwd.uasset,469674,AnimSequence,角色 / 动作 / 重定向,,test / authoring dependency: Tools/Presentation/author_combat_animations.py (dynamic folder); Tools/Presentation/author_complete_defeat.py (dynamic folder); Tools/Presentation/finalize_party_animation.py (dynamic folder); Tools/Presentation/finalize_party_animation.py (dynamic folder),,untracked,external local archive + SHA-256 manifest required,中,NO
待核实,Content/Presentation/Animation,Content/Presentation/Animation/PLAY_MF_Unarmed_Jog_Fwd_Left.uasset,468552,AnimSequence,角色 / 动作 / 重定向,,test / authoring dependency: Tools/Presentation/author_combat_animations.py (dynamic folder); Tools/Presentation/author_complete_defeat.py (dynamic folder); Tools/Presentation/finalize_party_animation.py (dynamic folder); Tools/Presentation/finalize_party_animation.py (dynamic folder),,untracked,external local archive + SHA-256 manifest required,中,NO
待核实,Content/Presentation/Animation,Content/Presentation/Animation/PLAY_MF_Unarmed_Jog_Fwd_Right.uasset,468557,AnimSequence,角色 / 动作 / 重定向,,test / authoring dependency: Tools/Presentation/author_combat_animations.py (dynamic folder); Tools/Presentation/author_complete_defeat.py (dynamic folder); Tools/Presentation/finalize_party_animation.py (dynamic folder); Tools/Presentation/finalize_party_animation.py (dynamic folder),,untracked,external local archive + SHA-256 manifest required,中,NO
待核实,Content/Presentation/Animation,Content/Presentation/Animation/PLAY_MF_Unarmed_Jog_Left.uasset,469682,AnimSequence,角色 / 动作 / 重定向,,test / authoring dependency: Tools/Presentation/author_combat_animations.py (dynamic folder); Tools/Presentation/author_complete_defeat.py (dynamic folder); Tools/Presentation/finalize_party_animation.py (dynamic folder); Tools/Presentation/finalize_party_animation.py (dynamic folder),,untracked,external local archive + SHA-256 manifest required,中,NO
待核实,Content/Presentation/Animation,Content/Presentation/Animation/PLAY_MF_Unarmed_Jog_Right.uasset,469690,AnimSequence,角色 / 动作 / 重定向,,test / authoring dependency: Tools/Presentation/author_combat_animations.py (dynamic folder); Tools/Presentation/author_complete_defeat.py (dynamic folder); Tools/Presentation/finalize_party_animation.py (dynamic folder); Tools/Presentation/finalize_party_animation.py (dynamic folder),,untracked,external local archive + SHA-256 manifest required,中,NO
待核实,Content/Presentation/Animation,Content/Presentation/Animation/PLAY_MF_Unarmed_Walk_Bwd.uasset,469710,AnimSequence,角色 / 动作 / 重定向,,test / authoring dependency: Tools/Presentation/author_combat_animations.py (dynamic folder); Tools/Presentation/author_complete_defeat.py (dynamic folder); Tools/Presentation/finalize_party_animation.py (dynamic folder); Tools/Presentation/finalize_party_animation.py (dynamic folder),,untracked,external local archive + SHA-256 manifest required,中,NO
待核实,Content/Presentation/Animation,Content/Presentation/Animation/PLAY_MF_Unarmed_Walk_Bwd_Left.uasset,468596,AnimSequence,角色 / 动作 / 重定向,,test / authoring dependency: Tools/Presentation/author_combat_animations.py (dynamic folder); Tools/Presentation/author_complete_defeat.py (dynamic folder); Tools/Presentation/finalize_party_animation.py (dynamic folder); Tools/Presentation/finalize_party_animation.py (dynamic folder),,untracked,external local archive + SHA-256 manifest required,中,NO
待核实,Content/Presentation/Animation,Content/Presentation/Animation/PLAY_MF_Unarmed_Walk_Bwd_Right.uasset,468601,AnimSequence,角色 / 动作 / 重定向,,test / authoring dependency: Tools/Presentation/author_combat_animations.py (dynamic folder); Tools/Presentation/author_complete_defeat.py (dynamic folder); Tools/Presentation/finalize_party_animation.py (dynamic folder); Tools/Presentation/finalize_party_animation.py (dynamic folder),,untracked,external local archive + SHA-256 manifest required,中,NO
待核实,Content/Presentation/Animation,Content/Presentation/Animation/PLAY_MF_Unarmed_Walk_Fwd.uasset,469393,AnimSequence,角色 / 动作 / 重定向,,test / authoring dependency: Tools/Presentation/author_combat_animations.py (dynamic folder); Tools/Presentation/author_complete_defeat.py (dynamic folder); Tools/Presentation/finalize_party_animation.py (dynamic folder); Tools/Presentation/finalize_party_animation.py (dynamic folder),,untracked,external local archive + SHA-256 manifest required,中,NO
待核实,Content/Presentation/Animation,Content/Presentation/Animation/PLAY_MF_Unarmed_Walk_Fwd_Left.uasset,468268,AnimSequence,角色 / 动作 / 重定向,,test / authoring dependency: Tools/Presentation/author_combat_animations.py (dynamic folder); Tools/Presentation/author_complete_defeat.py (dynamic folder); Tools/Presentation/finalize_party_animation.py (dynamic folder); Tools/Presentation/finalize_party_animation.py (dynamic folder),,untracked,external local archive + SHA-256 manifest required,中,NO
待核实,Content/Presentation/Animation,Content/Presentation/Animation/PLAY_MF_Unarmed_Walk_Fwd_Right.uasset,468273,AnimSequence,角色 / 动作 / 重定向,,test / authoring dependency: Tools/Presentation/author_combat_animations.py (dynamic folder); Tools/Presentation/author_complete_defeat.py (dynamic folder); Tools/Presentation/finalize_party_animation.py (dynamic folder); Tools/Presentation/finalize_party_animation.py (dynamic folder),,untracked,external local archive + SHA-256 manifest required,中,NO
待核实,Content/Presentation/Animation,Content/Presentation/Animation/PLAY_MF_Unarmed_Walk_Left.uasset,469401,AnimSequence,角色 / 动作 / 重定向,,test / authoring dependency: Tools/Presentation/author_combat_animations.py (dynamic folder); Tools/Presentation/author_complete_defeat.py (dynamic folder); Tools/Presentation/finalize_party_animation.py (dynamic folder); Tools/Presentation/finalize_party_animation.py (dynamic folder),,untracked,external local archive + SHA-256 manifest required,中,NO
待核实,Content/Presentation/Animation,Content/Presentation/Animation/PLAY_MF_Unarmed_Walk_Right.uasset,469394,AnimSequence,角色 / 动作 / 重定向,,test / authoring dependency: Tools/Presentation/author_combat_animations.py (dynamic folder); Tools/Presentation/author_complete_defeat.py (dynamic folder); Tools/Presentation/finalize_party_animation.py (dynamic folder); Tools/Presentation/finalize_party_animation.py (dynamic folder),,untracked,external local archive + SHA-256 manifest required,中,NO
待核实,Content/Presentation/Animation,Content/Presentation/Animation/PLAY_MM_Fall_Loop.uasset,468575,AnimSequence,角色 / 动作 / 重定向,,test / authoring dependency: Tools/Presentation/author_combat_animations.py (dynamic folder); Tools/Presentation/author_complete_defeat.py (dynamic folder); Tools/Presentation/finalize_party_animation.py (dynamic folder); Tools/Presentation/finalize_party_animation.py (dynamic folder),/Game/Presentation/Animation/ABP_Playable_Huohua,untracked,external local archive + SHA-256 manifest required,中,NO
待核实,Content/Presentation/Animation,Content/Presentation/Animation/PLAY_MM_Idle1.uasset,468466,AnimSequence,角色 / 动作 / 重定向,,test / authoring dependency: Tools/Presentation/author_combat_animations.py (dynamic folder); Tools/Presentation/author_complete_defeat.py (dynamic folder); Tools/Presentation/finalize_party_animation.py (dynamic folder); Tools/Presentation/finalize_party_animation.py (dynamic folder),/Game/Presentation/Animation/ABP_Playable_Huohua,untracked,external local archive + SHA-256 manifest required,中,NO
待核实,Content/Presentation/Animation,Content/Presentation/Animation/PLAY_MM_Jump.uasset,468559,AnimSequence,角色 / 动作 / 重定向,,test / authoring dependency: Tools/Presentation/author_combat_animations.py (dynamic folder); Tools/Presentation/author_complete_defeat.py (dynamic folder); Tools/Presentation/finalize_party_animation.py (dynamic folder); Tools/Presentation/finalize_party_animation.py (dynamic folder),/Game/Presentation/Animation/ABP_Playable_Huohua,untracked,external local archive + SHA-256 manifest required,中,NO
待核实,Content/Presentation/Animation,Content/Presentation/Animation/PLAY_MM_Land.uasset,468719,AnimSequence,角色 / 动作 / 重定向,,test / authoring dependency: Tools/Presentation/author_combat_animations.py (dynamic folder); Tools/Presentation/author_complete_defeat.py (dynamic folder); Tools/Presentation/finalize_party_animation.py (dynamic folder); Tools/Presentation/finalize_party_animation.py (dynamic folder),/Game/Presentation/Animation/ABP_Playable_Huohua,untracked,external local archive + SHA-256 manifest required,中,NO
待核实,Content/Presentation/Animation,Content/Presentation/Animation/PR_ABP_EvernightMoon_Unarmed.uasset,385820,AnimBlueprint,角色 / 动作 / 重定向,,test / authoring dependency: Tools/Presentation/author_combat_animations.py (dynamic folder); Tools/Presentation/author_complete_defeat.py (dynamic folder); Tools/Presentation/finalize_party_animation.py (dynamic folder); Tools/Presentation/finalize_party_animation.py (dynamic folder),,untracked,external local archive + SHA-256 manifest required,中,NO
待核实,Content/Presentation/Animation,Content/Presentation/Animation/PR_ABP_Remiel_Unarmed.uasset,383868,AnimBlueprint,角色 / 动作 / 重定向,,test / authoring dependency: Tools/Presentation/author_combat_animations.py (dynamic folder); Tools/Presentation/author_complete_defeat.py (dynamic folder); Tools/Presentation/finalize_party_animation.py (dynamic folder); Tools/Presentation/finalize_party_animation.py (dynamic folder),,untracked,external local archive + SHA-256 manifest required,中,NO
待核实,Content/Presentation/Animation,Content/Presentation/Animation/PR_BS_Idle_Walk_Run.uasset,51620,BlendSpace,蓝图 / 数据 / 其他资源,,test / authoring dependency: Tools/Presentation/author_combat_animations.py (dynamic folder); Tools/Presentation/author_complete_defeat.py (dynamic folder); Tools/Presentation/finalize_party_animation.py (dynamic folder); Tools/Presentation/finalize_party_animation.py (dynamic folder),/Game/Presentation/Animation/PR_ABP_Remiel_Unarmed; /Game/Presentation/Animation/ABP_Playable_Remiel,untracked,external local archive + SHA-256 manifest required,中,NO
待核实,Content/Presentation/Animation,Content/Presentation/Animation/PR_BS_Idle_Walk_Run1.uasset,53091,BlendSpace,蓝图 / 数据 / 其他资源,,test / authoring dependency: Tools/Presentation/author_combat_animations.py (dynamic folder); Tools/Presentation/author_complete_defeat.py (dynamic folder); Tools/Presentation/finalize_party_animation.py (dynamic folder); Tools/Presentation/finalize_party_animation.py (dynamic folder),/Game/Presentation/Animation/PR_ABP_EvernightMoon_Unarmed; /Game/Presentation/Animation/ABP_Playable_EvernightMoon,untracked,external local archive + SHA-256 manifest required,中,NO
待核实,Content/Presentation/Animation,Content/Presentation/Animation/PR_MF_Unarmed_Jog_Bwd.uasset,1011151,AnimSequence,角色 / 动作 / 重定向,,test / authoring dependency: Tools/Presentation/author_combat_animations.py (dynamic folder); Tools/Presentation/author_complete_defeat.py (dynamic folder); Tools/Presentation/finalize_party_animation.py (dynamic folder); Tools/Presentation/finalize_party_animation.py (dynamic folder),/Game/Presentation/Animation/PR_BS_Idle_Walk_Run,untracked,external local archive + SHA-256 manifest required,中,NO
待核实,Content/Presentation/Animation,Content/Presentation/Animation/PR_MF_Unarmed_Jog_Bwd1.uasset,461502,AnimSequence,角色 / 动作 / 重定向,,test / authoring dependency: Tools/Presentation/author_combat_animations.py (dynamic folder); Tools/Presentation/author_complete_defeat.py (dynamic folder); Tools/Presentation/finalize_party_animation.py (dynamic folder); Tools/Presentation/finalize_party_animation.py (dynamic folder),/Game/Presentation/Animation/PR_BS_Idle_Walk_Run1,untracked,external local archive + SHA-256 manifest required,中,NO
待核实,Content/Presentation/Animation,Content/Presentation/Animation/PR_MF_Unarmed_Jog_Bwd_Left.uasset,1010013,AnimSequence,角色 / 动作 / 重定向,,test / authoring dependency: Tools/Presentation/author_combat_animations.py (dynamic folder); Tools/Presentation/author_complete_defeat.py (dynamic folder); Tools/Presentation/finalize_party_animation.py (dynamic folder); Tools/Presentation/finalize_party_animation.py (dynamic folder),/Game/Presentation/Animation/PR_BS_Idle_Walk_Run,untracked,external local archive + SHA-256 manifest required,中,NO
待核实,Content/Presentation/Animation,Content/Presentation/Animation/PR_MF_Unarmed_Jog_Bwd_Left1.uasset,460364,AnimSequence,角色 / 动作 / 重定向,,test / authoring dependency: Tools/Presentation/author_combat_animations.py (dynamic folder); Tools/Presentation/author_complete_defeat.py (dynamic folder); Tools/Presentation/finalize_party_animation.py (dynamic folder); Tools/Presentation/finalize_party_animation.py (dynamic folder),/Game/Presentation/Animation/PR_BS_Idle_Walk_Run1,untracked,external local archive + SHA-256 manifest required,中,NO
待核实,Content/Presentation/Animation,Content/Presentation/Animation/PR_MF_Unarmed_Jog_Bwd_Right.uasset,1010018,AnimSequence,角色 / 动作 / 重定向,,test / authoring dependency: Tools/Presentation/author_combat_animations.py (dynamic folder); Tools/Presentation/author_complete_defeat.py (dynamic folder); Tools/Presentation/finalize_party_animation.py (dynamic folder); Tools/Presentation/finalize_party_animation.py (dynamic folder),/Game/Presentation/Animation/PR_BS_Idle_Walk_Run,untracked,external local archive + SHA-256 manifest required,中,NO
待核实,Content/Presentation/Animation,Content/Presentation/Animation/PR_MF_Unarmed_Jog_Bwd_Right1.uasset,460369,AnimSequence,角色 / 动作 / 重定向,,test / authoring dependency: Tools/Presentation/author_combat_animations.py (dynamic folder); Tools/Presentation/author_complete_defeat.py (dynamic folder); Tools/Presentation/finalize_party_animation.py (dynamic folder); Tools/Presentation/finalize_party_animation.py (dynamic folder),/Game/Presentation/Animation/PR_BS_Idle_Walk_Run1,untracked,external local archive + SHA-256 manifest required,中,NO
待核实,Content/Presentation/Animation,Content/Presentation/Animation/PR_MF_Unarmed_Jog_Fwd.uasset,1011135,AnimSequence,角色 / 动作 / 重定向,,test / authoring dependency: Tools/Presentation/author_combat_animations.py (dynamic folder); Tools/Presentation/author_complete_defeat.py (dynamic folder); Tools/Presentation/finalize_party_animation.py (dynamic folder); Tools/Presentation/finalize_party_animation.py (dynamic folder),/Game/Presentation/Animation/PR_BS_Idle_Walk_Run,untracked,external local archive + SHA-256 manifest required,中,NO
待核实,Content/Presentation/Animation,Content/Presentation/Animation/PR_MF_Unarmed_Jog_Fwd1.uasset,461486,AnimSequence,角色 / 动作 / 重定向,,test / authoring dependency: Tools/Presentation/author_combat_animations.py (dynamic folder); Tools/Presentation/author_complete_defeat.py (dynamic folder); Tools/Presentation/finalize_party_animation.py (dynamic folder); Tools/Presentation/finalize_party_animation.py (dynamic folder),/Game/Presentation/Animation/PR_BS_Idle_Walk_Run1,untracked,external local archive + SHA-256 manifest required,中,NO
待核实,Content/Presentation/Animation,Content/Presentation/Animation/PR_MF_Unarmed_Jog_Fwd_Left.uasset,1010013,AnimSequence,角色 / 动作 / 重定向,,test / authoring dependency: Tools/Presentation/author_combat_animations.py (dynamic folder); Tools/Presentation/author_complete_defeat.py (dynamic folder); Tools/Presentation/finalize_party_animation.py (dynamic folder); Tools/Presentation/finalize_party_animation.py (dynamic folder),/Game/Presentation/Animation/PR_BS_Idle_Walk_Run,untracked,external local archive + SHA-256 manifest required,中,NO
待核实,Content/Presentation/Animation,Content/Presentation/Animation/PR_MF_Unarmed_Jog_Fwd_Left1.uasset,460354,AnimSequence,角色 / 动作 / 重定向,,test / authoring dependency: Tools/Presentation/author_combat_animations.py (dynamic folder); Tools/Presentation/author_complete_defeat.py (dynamic folder); Tools/Presentation/finalize_party_animation.py (dynamic folder); Tools/Presentation/finalize_party_animation.py (dynamic folder),/Game/Presentation/Animation/PR_BS_Idle_Walk_Run1,untracked,external local archive + SHA-256 manifest required,中,NO
待核实,Content/Presentation/Animation,Content/Presentation/Animation/PR_MF_Unarmed_Jog_Fwd_Right.uasset,1010018,AnimSequence,角色 / 动作 / 重定向,,test / authoring dependency: Tools/Presentation/author_combat_animations.py (dynamic folder); Tools/Presentation/author_complete_defeat.py (dynamic folder); Tools/Presentation/finalize_party_animation.py (dynamic folder); Tools/Presentation/finalize_party_animation.py (dynamic folder),/Game/Presentation/Animation/PR_BS_Idle_Walk_Run,untracked,external local archive + SHA-256 manifest required,中,NO
待核实,Content/Presentation/Animation,Content/Presentation/Animation/PR_MF_Unarmed_Jog_Fwd_Right1.uasset,460369,AnimSequence,角色 / 动作 / 重定向,,test / authoring dependency: Tools/Presentation/author_combat_animations.py (dynamic folder); Tools/Presentation/author_complete_defeat.py (dynamic folder); Tools/Presentation/finalize_party_animation.py (dynamic folder); Tools/Presentation/finalize_party_animation.py (dynamic folder),/Game/Presentation/Animation/PR_BS_Idle_Walk_Run1,untracked,external local archive + SHA-256 manifest required,中,NO
待核实,Content/Presentation/Animation,Content/Presentation/Animation/PR_MF_Unarmed_Jog_Left.uasset,1011143,AnimSequence,角色 / 动作 / 重定向,,test / authoring dependency: Tools/Presentation/author_combat_animations.py (dynamic folder); Tools/Presentation/author_complete_defeat.py (dynamic folder); Tools/Presentation/finalize_party_animation.py (dynamic folder); Tools/Presentation/finalize_party_animation.py (dynamic folder),/Game/Presentation/Animation/PR_BS_Idle_Walk_Run,untracked,external local archive + SHA-256 manifest required,中,NO
待核实,Content/Presentation/Animation,Content/Presentation/Animation/PR_MF_Unarmed_Jog_Left1.uasset,461484,AnimSequence,角色 / 动作 / 重定向,,test / authoring dependency: Tools/Presentation/author_combat_animations.py (dynamic folder); Tools/Presentation/author_complete_defeat.py (dynamic folder); Tools/Presentation/finalize_party_animation.py (dynamic folder); Tools/Presentation/finalize_party_animation.py (dynamic folder),/Game/Presentation/Animation/PR_BS_Idle_Walk_Run1,untracked,external local archive + SHA-256 manifest required,中,NO
待核实,Content/Presentation/Animation,Content/Presentation/Animation/PR_MF_Unarmed_Jog_Right.uasset,1011151,AnimSequence,角色 / 动作 / 重定向,,test / authoring dependency: Tools/Presentation/author_combat_animations.py (dynamic folder); Tools/Presentation/author_complete_defeat.py (dynamic folder); Tools/Presentation/finalize_party_animation.py (dynamic folder); Tools/Presentation/finalize_party_animation.py (dynamic folder),/Game/Presentation/Animation/PR_BS_Idle_Walk_Run,untracked,external local archive + SHA-256 manifest required,中,NO
待核实,Content/Presentation/Animation,Content/Presentation/Animation/PR_MF_Unarmed_Jog_Right1.uasset,461502,AnimSequence,角色 / 动作 / 重定向,,test / authoring dependency: Tools/Presentation/author_combat_animations.py (dynamic folder); Tools/Presentation/author_complete_defeat.py (dynamic folder); Tools/Presentation/finalize_party_animation.py (dynamic folder); Tools/Presentation/finalize_party_animation.py (dynamic folder),/Game/Presentation/Animation/PR_BS_Idle_Walk_Run1,untracked,external local archive + SHA-256 manifest required,中,NO
待核实,Content/Presentation/Animation,Content/Presentation/Animation/PR_MF_Unarmed_Walk_Bwd.uasset,1011171,AnimSequence,角色 / 动作 / 重定向,,test / authoring dependency: Tools/Presentation/author_combat_animations.py (dynamic folder); Tools/Presentation/author_complete_defeat.py (dynamic folder); Tools/Presentation/finalize_party_animation.py (dynamic folder); Tools/Presentation/finalize_party_animation.py (dynamic folder),/Game/Presentation/Animation/PR_BS_Idle_Walk_Run,untracked,external local archive + SHA-256 manifest required,中,NO
待核实,Content/Presentation/Animation,Content/Presentation/Animation/PR_MF_Unarmed_Walk_Bwd1.uasset,461522,AnimSequence,角色 / 动作 / 重定向,,test / authoring dependency: Tools/Presentation/author_combat_animations.py (dynamic folder); Tools/Presentation/author_complete_defeat.py (dynamic folder); Tools/Presentation/finalize_party_animation.py (dynamic folder); Tools/Presentation/finalize_party_animation.py (dynamic folder),/Game/Presentation/Animation/PR_BS_Idle_Walk_Run1,untracked,external local archive + SHA-256 manifest required,中,NO
待核实,Content/Presentation/Animation,Content/Presentation/Animation/PR_MF_Unarmed_Walk_Bwd_Left.uasset,1010057,AnimSequence,角色 / 动作 / 重定向,,test / authoring dependency: Tools/Presentation/author_combat_animations.py (dynamic folder); Tools/Presentation/author_complete_defeat.py (dynamic folder); Tools/Presentation/finalize_party_animation.py (dynamic folder); Tools/Presentation/finalize_party_animation.py (dynamic folder),/Game/Presentation/Animation/PR_BS_Idle_Walk_Run,untracked,external local archive + SHA-256 manifest required,中,NO
待核实,Content/Presentation/Animation,Content/Presentation/Animation/PR_MF_Unarmed_Walk_Bwd_Left1.uasset,460396,AnimSequence,角色 / 动作 / 重定向,,test / authoring dependency: Tools/Presentation/author_combat_animations.py (dynamic folder); Tools/Presentation/author_complete_defeat.py (dynamic folder); Tools/Presentation/finalize_party_animation.py (dynamic folder); Tools/Presentation/finalize_party_animation.py (dynamic folder),/Game/Presentation/Animation/PR_BS_Idle_Walk_Run1,untracked,external local archive + SHA-256 manifest required,中,NO
待核实,Content/Presentation/Animation,Content/Presentation/Animation/PR_MF_Unarmed_Walk_Bwd_Right.uasset,1010062,AnimSequence,角色 / 动作 / 重定向,,test / authoring dependency: Tools/Presentation/author_combat_animations.py (dynamic folder); Tools/Presentation/author_complete_defeat.py (dynamic folder); Tools/Presentation/finalize_party_animation.py (dynamic folder); Tools/Presentation/finalize_party_animation.py (dynamic folder),/Game/Presentation/Animation/PR_BS_Idle_Walk_Run,untracked,external local archive + SHA-256 manifest required,中,NO
待核实,Content/Presentation/Animation,Content/Presentation/Animation/PR_MF_Unarmed_Walk_Bwd_Right1.uasset,460413,AnimSequence,角色 / 动作 / 重定向,,test / authoring dependency: Tools/Presentation/author_combat_animations.py (dynamic folder); Tools/Presentation/author_complete_defeat.py (dynamic folder); Tools/Presentation/finalize_party_animation.py (dynamic folder); Tools/Presentation/finalize_party_animation.py (dynamic folder),/Game/Presentation/Animation/PR_BS_Idle_Walk_Run1,untracked,external local archive + SHA-256 manifest required,中,NO
待核实,Content/Presentation/Animation,Content/Presentation/Animation/PR_MF_Unarmed_Walk_Fwd.uasset,1010854,AnimSequence,角色 / 动作 / 重定向,,test / authoring dependency: Tools/Presentation/author_combat_animations.py (dynamic folder); Tools/Presentation/author_complete_defeat.py (dynamic folder); Tools/Presentation/finalize_party_animation.py (dynamic folder); Tools/Presentation/finalize_party_animation.py (dynamic folder),/Game/Presentation/Animation/PR_BS_Idle_Walk_Run,untracked,external local archive + SHA-256 manifest required,中,NO
待核实,Content/Presentation/Animation,Content/Presentation/Animation/PR_MF_Unarmed_Walk_Fwd1.uasset,461205,AnimSequence,角色 / 动作 / 重定向,,test / authoring dependency: Tools/Presentation/author_combat_animations.py (dynamic folder); Tools/Presentation/author_complete_defeat.py (dynamic folder); Tools/Presentation/finalize_party_animation.py (dynamic folder); Tools/Presentation/finalize_party_animation.py (dynamic folder),/Game/Presentation/Animation/PR_BS_Idle_Walk_Run1,untracked,external local archive + SHA-256 manifest required,中,NO
待核实,Content/Presentation/Animation,Content/Presentation/Animation/PR_MF_Unarmed_Walk_Fwd_Left.uasset,1009729,AnimSequence,角色 / 动作 / 重定向,,test / authoring dependency: Tools/Presentation/author_combat_animations.py (dynamic folder); Tools/Presentation/author_complete_defeat.py (dynamic folder); Tools/Presentation/finalize_party_animation.py (dynamic folder); Tools/Presentation/finalize_party_animation.py (dynamic folder),/Game/Presentation/Animation/PR_BS_Idle_Walk_Run,untracked,external local archive + SHA-256 manifest required,中,NO
待核实,Content/Presentation/Animation,Content/Presentation/Animation/PR_MF_Unarmed_Walk_Fwd_Left1.uasset,460080,AnimSequence,角色 / 动作 / 重定向,,test / authoring dependency: Tools/Presentation/author_combat_animations.py (dynamic folder); Tools/Presentation/author_complete_defeat.py (dynamic folder); Tools/Presentation/finalize_party_animation.py (dynamic folder); Tools/Presentation/finalize_party_animation.py (dynamic folder),/Game/Presentation/Animation/PR_BS_Idle_Walk_Run1,untracked,external local archive + SHA-256 manifest required,中,NO
待核实,Content/Presentation/Animation,Content/Presentation/Animation/PR_MF_Unarmed_Walk_Fwd_Right.uasset,1009734,AnimSequence,角色 / 动作 / 重定向,,test / authoring dependency: Tools/Presentation/author_combat_animations.py (dynamic folder); Tools/Presentation/author_complete_defeat.py (dynamic folder); Tools/Presentation/finalize_party_animation.py (dynamic folder); Tools/Presentation/finalize_party_animation.py (dynamic folder),/Game/Presentation/Animation/PR_BS_Idle_Walk_Run,untracked,external local archive + SHA-256 manifest required,中,NO
待核实,Content/Presentation/Animation,Content/Presentation/Animation/PR_MF_Unarmed_Walk_Fwd_Right1.uasset,460085,AnimSequence,角色 / 动作 / 重定向,,test / authoring dependency: Tools/Presentation/author_combat_animations.py (dynamic folder); Tools/Presentation/author_complete_defeat.py (dynamic folder); Tools/Presentation/finalize_party_animation.py (dynamic folder); Tools/Presentation/finalize_party_animation.py (dynamic folder),/Game/Presentation/Animation/PR_BS_Idle_Walk_Run1,untracked,external local archive + SHA-256 manifest required,中,NO
待核实,Content/Presentation/Animation,Content/Presentation/Animation/PR_MF_Unarmed_Walk_Left.uasset,1010862,AnimSequence,角色 / 动作 / 重定向,,test / authoring dependency: Tools/Presentation/author_combat_animations.py (dynamic folder); Tools/Presentation/author_complete_defeat.py (dynamic folder); Tools/Presentation/finalize_party_animation.py (dynamic folder); Tools/Presentation/finalize_party_animation.py (dynamic folder),/Game/Presentation/Animation/PR_BS_Idle_Walk_Run,untracked,external local archive + SHA-256 manifest required,中,NO
待核实,Content/Presentation/Animation,Content/Presentation/Animation/PR_MF_Unarmed_Walk_Left1.uasset,461213,AnimSequence,角色 / 动作 / 重定向,,test / authoring dependency: Tools/Presentation/author_combat_animations.py (dynamic folder); Tools/Presentation/author_complete_defeat.py (dynamic folder); Tools/Presentation/finalize_party_animation.py (dynamic folder); Tools/Presentation/finalize_party_animation.py (dynamic folder),/Game/Presentation/Animation/PR_BS_Idle_Walk_Run1,untracked,external local archive + SHA-256 manifest required,中,NO
待核实,Content/Presentation/Animation,Content/Presentation/Animation/PR_MF_Unarmed_Walk_Right.uasset,1010855,AnimSequence,角色 / 动作 / 重定向,,test / authoring dependency: Tools/Presentation/author_combat_animations.py (dynamic folder); Tools/Presentation/author_complete_defeat.py (dynamic folder); Tools/Presentation/finalize_party_animation.py (dynamic folder); Tools/Presentation/finalize_party_animation.py (dynamic folder),/Game/Presentation/Animation/PR_BS_Idle_Walk_Run,untracked,external local archive + SHA-256 manifest required,中,NO
待核实,Content/Presentation/Animation,Content/Presentation/Animation/PR_MF_Unarmed_Walk_Right1.uasset,461206,AnimSequence,角色 / 动作 / 重定向,,test / authoring dependency: Tools/Presentation/author_combat_animations.py (dynamic folder); Tools/Presentation/author_complete_defeat.py (dynamic folder); Tools/Presentation/finalize_party_animation.py (dynamic folder); Tools/Presentation/finalize_party_animation.py (dynamic folder),/Game/Presentation/Animation/PR_BS_Idle_Walk_Run1,untracked,external local archive + SHA-256 manifest required,中,NO
待核实,Content/Presentation/Animation,Content/Presentation/Animation/PR_MM_Fall_Loop.uasset,1010036,AnimSequence,角色 / 动作 / 重定向,,test / authoring dependency: Tools/Presentation/author_combat_animations.py (dynamic folder); Tools/Presentation/author_complete_defeat.py (dynamic folder); Tools/Presentation/finalize_party_animation.py (dynamic folder); Tools/Presentation/finalize_party_animation.py (dynamic folder),/Game/Presentation/Animation/PR_ABP_Remiel_Unarmed; /Game/Presentation/Animation/ABP_Playable_Remiel,untracked,external local archive + SHA-256 manifest required,中,NO
待核实,Content/Presentation/Animation,Content/Presentation/Animation/PR_MM_Fall_Loop1.uasset,460387,AnimSequence,角色 / 动作 / 重定向,,test / authoring dependency: Tools/Presentation/author_combat_animations.py (dynamic folder); Tools/Presentation/author_complete_defeat.py (dynamic folder); Tools/Presentation/finalize_party_animation.py (dynamic folder); Tools/Presentation/finalize_party_animation.py (dynamic folder),/Game/Presentation/Animation/PR_ABP_EvernightMoon_Unarmed; /Game/Presentation/Animation/ABP_Playable_EvernightMoon,untracked,external local archive + SHA-256 manifest required,中,NO
待核实,Content/Presentation/Animation,Content/Presentation/Animation/PR_MM_Idle1.uasset,1009927,AnimSequence,角色 / 动作 / 重定向,,test / authoring dependency: Tools/Presentation/author_combat_animations.py (dynamic folder); Tools/Presentation/author_complete_defeat.py (dynamic folder); Tools/Presentation/finalize_party_animation.py (dynamic folder); Tools/Presentation/finalize_party_animation.py (dynamic folder),/Game/Presentation/Animation/PR_BS_Idle_Walk_Run; /Game/Presentation/Animation/PR_ABP_Remiel_Unarmed; /Game/Presentation/Animation/ABP_Playable_Remiel,untracked,external local archive + SHA-256 manifest required,中,NO
待核实,Content/Presentation/Animation,Content/Presentation/Animation/PR_MM_Idle2.uasset,460273,AnimSequence,角色 / 动作 / 重定向,,test / authoring dependency: Tools/Presentation/author_combat_animations.py (dynamic folder); Tools/Presentation/author_complete_defeat.py (dynamic folder); Tools/Presentation/finalize_party_animation.py (dynamic folder); Tools/Presentation/finalize_party_animation.py (dynamic folder),/Game/Presentation/Animation/PR_BS_Idle_Walk_Run1; /Game/Presentation/Animation/PR_ABP_EvernightMoon_Unarmed; /Game/Presentation/Animation/ABP_Playable_EvernightMoon,untracked,external local archive + SHA-256 manifest required,中,NO
待核实,Content/Presentation/Animation,Content/Presentation/Animation/PR_MM_Jump.uasset,1010020,AnimSequence,角色 / 动作 / 重定向,,test / authoring dependency: Tools/Presentation/author_combat_animations.py (dynamic folder); Tools/Presentation/author_complete_defeat.py (dynamic folder); Tools/Presentation/finalize_party_animation.py (dynamic folder); Tools/Presentation/finalize_party_animation.py (dynamic folder),/Game/Presentation/Animation/PR_ABP_Remiel_Unarmed; /Game/Presentation/Animation/ABP_Playable_Remiel,untracked,external local archive + SHA-256 manifest required,中,NO
待核实,Content/Presentation/Animation,Content/Presentation/Animation/PR_MM_Jump1.uasset,460371,AnimSequence,角色 / 动作 / 重定向,,test / authoring dependency: Tools/Presentation/author_combat_animations.py (dynamic folder); Tools/Presentation/author_complete_defeat.py (dynamic folder); Tools/Presentation/finalize_party_animation.py (dynamic folder); Tools/Presentation/finalize_party_animation.py (dynamic folder),/Game/Presentation/Animation/PR_ABP_EvernightMoon_Unarmed; /Game/Presentation/Animation/ABP_Playable_EvernightMoon,untracked,external local archive + SHA-256 manifest required,中,NO
待核实,Content/Presentation/Animation,Content/Presentation/Animation/PR_MM_Land.uasset,1010180,AnimSequence,角色 / 动作 / 重定向,,test / authoring dependency: Tools/Presentation/author_combat_animations.py (dynamic folder); Tools/Presentation/author_complete_defeat.py (dynamic folder); Tools/Presentation/finalize_party_animation.py (dynamic folder); Tools/Presentation/finalize_party_animation.py (dynamic folder),/Game/Presentation/Animation/PR_ABP_Remiel_Unarmed; /Game/Presentation/Animation/ABP_Playable_Remiel,untracked,external local archive + SHA-256 manifest required,中,NO
待核实,Content/Presentation/Animation,Content/Presentation/Animation/PR_MM_Land1.uasset,460520,AnimSequence,角色 / 动作 / 重定向,,test / authoring dependency: Tools/Presentation/author_combat_animations.py (dynamic folder); Tools/Presentation/author_complete_defeat.py (dynamic folder); Tools/Presentation/finalize_party_animation.py (dynamic folder); Tools/Presentation/finalize_party_animation.py (dynamic folder),/Game/Presentation/Animation/PR_ABP_EvernightMoon_Unarmed; /Game/Presentation/Animation/ABP_Playable_EvernightMoon,untracked,external local archive + SHA-256 manifest required,中,NO
待核实,Content/Presentation/Animation,Content/Presentation/Animation/RTG_Combat_EvernightMoon.uasset,23824,IKRetargeter,角色 / 动作 / 重定向,,test / authoring dependency: Tools/Presentation/author_combat_animations.py (dynamic folder); Tools/Presentation/author_complete_defeat.py (dynamic folder); Tools/Presentation/finalize_party_animation.py (dynamic folder); Tools/Presentation/finalize_party_animation.py (dynamic folder),,untracked,external local archive + SHA-256 manifest required,中,NO
待核实,Content/Presentation/Animation,Content/Presentation/Animation/RTG_Combat_Huohua.uasset,24183,IKRetargeter,角色 / 动作 / 重定向,,test / authoring dependency: Tools/Presentation/author_combat_animations.py (dynamic folder); Tools/Presentation/author_complete_defeat.py (dynamic folder); Tools/Presentation/finalize_party_animation.py (dynamic folder); Tools/Presentation/finalize_party_animation.py (dynamic folder),,untracked,external local archive + SHA-256 manifest required,中,NO
待核实,Content/Presentation/Animation,Content/Presentation/Animation/RTG_Combat_Remiel.uasset,23908,IKRetargeter,角色 / 动作 / 重定向,,test / authoring dependency: Tools/Presentation/author_combat_animations.py (dynamic folder); Tools/Presentation/author_complete_defeat.py (dynamic folder); Tools/Presentation/finalize_party_animation.py (dynamic folder); Tools/Presentation/finalize_party_animation.py (dynamic folder),,untracked,external local archive + SHA-256 manifest required,中,NO
待核实,Content/Presentation/Animation,Content/Presentation/Animation/RTG_Combat_Verina.uasset,24390,IKRetargeter,角色 / 动作 / 重定向,,test / authoring dependency: Tools/Presentation/author_combat_animations.py (dynamic folder); Tools/Presentation/author_complete_defeat.py (dynamic folder); Tools/Presentation/finalize_party_animation.py (dynamic folder); Tools/Presentation/finalize_party_animation.py (dynamic folder),,untracked,external local archive + SHA-256 manifest required,中,NO
待核实,Content/Presentation/Animation,Content/Presentation/Animation/RTG_CompleteDefeat_EvernightMoon.uasset,23302,IKRetargeter,角色 / 动作 / 重定向,,test / authoring dependency: Tools/Presentation/author_combat_animations.py (dynamic folder); Tools/Presentation/author_complete_defeat.py (dynamic folder); Tools/Presentation/finalize_party_animation.py (dynamic folder); Tools/Presentation/finalize_party_animation.py (dynamic folder),,untracked,external local archive + SHA-256 manifest required,中,NO
待核实,Content/Presentation/Animation,Content/Presentation/Animation/RTG_CompleteDefeat_Huohua.uasset,23455,IKRetargeter,角色 / 动作 / 重定向,,test / authoring dependency: Tools/Presentation/author_combat_animations.py (dynamic folder); Tools/Presentation/author_complete_defeat.py (dynamic folder); Tools/Presentation/finalize_party_animation.py (dynamic folder); Tools/Presentation/finalize_party_animation.py (dynamic folder),,untracked,external local archive + SHA-256 manifest required,中,NO
待核实,Content/Presentation/Animation,Content/Presentation/Animation/RTG_CompleteDefeat_Remiel.uasset,23223,IKRetargeter,角色 / 动作 / 重定向,,test / authoring dependency: Tools/Presentation/author_combat_animations.py (dynamic folder); Tools/Presentation/author_complete_defeat.py (dynamic folder); Tools/Presentation/finalize_party_animation.py (dynamic folder); Tools/Presentation/finalize_party_animation.py (dynamic folder),,untracked,external local archive + SHA-256 manifest required,中,NO
待核实,Content/Presentation/Animation,Content/Presentation/Animation/RTG_CompleteDefeat_Verina.uasset,23631,IKRetargeter,角色 / 动作 / 重定向,,test / authoring dependency: Tools/Presentation/author_combat_animations.py (dynamic folder); Tools/Presentation/author_complete_defeat.py (dynamic folder); Tools/Presentation/finalize_party_animation.py (dynamic folder); Tools/Presentation/finalize_party_animation.py (dynamic folder),,untracked,external local archive + SHA-256 manifest required,中,NO
待核实,Content/Presentation/Animation,Content/Presentation/Animation/RTG_EvernightMoon.uasset,5416,IKRetargeter,角色 / 动作 / 重定向,,test / authoring dependency: Tools/Presentation/author_combat_animations.py (dynamic folder); Tools/Presentation/author_complete_defeat.py (dynamic folder); Tools/Presentation/finalize_party_animation.py (dynamic folder); Tools/Presentation/finalize_party_animation.py (dynamic folder),,untracked,external local archive + SHA-256 manifest required,中,NO
待核实,Content/Presentation/Animation,Content/Presentation/Animation/RTG_Playable_Huohua.uasset,5714,IKRetargeter,角色 / 动作 / 重定向,,test / authoring dependency: Tools/Presentation/author_combat_animations.py (dynamic folder); Tools/Presentation/author_complete_defeat.py (dynamic folder); Tools/Presentation/finalize_party_animation.py (dynamic folder); Tools/Presentation/finalize_party_animation.py (dynamic folder),,untracked,external local archive + SHA-256 manifest required,中,NO
待核实,Content/Presentation/Animation,Content/Presentation/Animation/RTG_Remiel.uasset,5386,IKRetargeter,角色 / 动作 / 重定向,,test / authoring dependency: Tools/Presentation/author_combat_animations.py (dynamic folder); Tools/Presentation/author_complete_defeat.py (dynamic folder); Tools/Presentation/finalize_party_animation.py (dynamic folder); Tools/Presentation/finalize_party_animation.py (dynamic folder),,untracked,external local archive + SHA-256 manifest required,中,NO
仍被使用,Content/Presentation/Blueprints,Content/Presentation/Blueprints/BP_HertaSupportSectionGameMode.uasset,25069,Blueprint,蓝图 / 数据 / 其他资源,,dependency of /Game/Maps/VerticalSlice/Map_HertaSupportSection,/Game/Maps/VerticalSlice/Map_HertaSupportSection,tracked,verified pushed commit + local archive,保留,NO
仍被使用,Content/Presentation/Blueprints,Content/Presentation/Blueprints/BP_NewEriduSixthStreetMetroGameMode.uasset,21969,Blueprint,蓝图 / 数据 / 其他资源,,dependency of /Game/Maps/VerticalSlice/Map_NewEriduSixthStreetMetro,/Game/Maps/VerticalSlice/Map_NewEriduSixthStreetMetro,tracked,verified pushed commit + local archive,保留,NO
仍被使用,Content/Presentation/Blueprints,Content/Presentation/Blueprints/BP_ObservationCarGameMode.uasset,21771,Blueprint,蓝图 / 数据 / 其他资源,,dependency of /Game/Maps/VerticalSlice/Map_ObservationCar,/Game/Maps/VerticalSlice/Map_ObservationCar,tracked,verified pushed commit + local archive,保留,NO
仍被使用,Content/Presentation/Materials,Content/Presentation/Materials/M_Fabric_Wine.uasset,8926,Material,材质 / 纹理,,dependency of /Game/Presentation/Meshes/SM_Banner,/Game/Presentation/Meshes/SM_Hydrant; /Game/Presentation/Meshes/SM_Banner,tracked,verified pushed commit + local archive,保留,NO
仍被使用,Content/Presentation/Materials,Content/Presentation/Materials/M_Glass_Midnight.uasset,8892,Material,材质 / 纹理,,dependency of /Game/Presentation/Meshes/SM_Bin,/Game/Presentation/Meshes/SM_Facade; /Game/Presentation/Meshes/SM_Bin,tracked,verified pushed commit + local archive,保留,NO
仍被使用,Content/Presentation/Materials,Content/Presentation/Materials/M_Glow_Amber.uasset,10321,Material,材质 / 纹理,,dependency of /Game/Presentation/Meshes/SM_Sentry,/Game/Presentation/Meshes/SM_StreetLamp; /Game/Presentation/Meshes/SM_Sentry; /Game/Presentation/Meshes/SM_Facade; /Game/Presentation/Meshes/SM_Brazier; /Game/Maps/VerticalSlice/Map_ObservationCar,tracked,verified pushed commit + local archive,保留,NO
仍被使用,Content/Presentation/Materials,Content/Presentation/Materials/M_Glow_Cyan.uasset,10331,Material,材质 / 纹理,,dependency of /Game/Presentation/Meshes/SM_Sentry,/Game/Presentation/Meshes/SM_TravelAnchor; /Game/Presentation/Meshes/SM_Sentry; /Game/Maps/VerticalSlice/Map_NewEriduSixthStreetMetro,tracked,verified pushed commit + local archive,保留,NO
仍被使用,Content/Presentation/Materials,Content/Presentation/Materials/M_Leaves_Teal.uasset,9413,Material,材质 / 纹理,,dependency of /Game/Presentation/Meshes/SM_Palm,/Game/Presentation/Meshes/SM_Planter; /Game/Presentation/Meshes/SM_Palm,tracked,verified pushed commit + local archive,保留,NO
仍被使用,Content/Presentation/Materials,Content/Presentation/Materials/M_Metal_Brass.uasset,9615,Material,材质 / 纹理,,dependency of /Game/Maps/VerticalSlice/Map_HertaSupportSection,/Game/Presentation/Meshes/SM_TravelAnchor; /Game/Presentation/Meshes/SM_StreetLamp; /Game/Presentation/Meshes/SM_Sentry; /Game/Presentation/Meshes/SM_Railing; /Game/Presentation/Meshes/SM_Planter; /Game/Presentation/Meshes/SM_Hydrant; /Game/Presentation/Meshes/SM_Facade; /Game/Presentation/Meshes/SM_Column; /Game/Presentation/Meshes/SM_Chest; /Game/Presentation/Meshes/SM_Brazier; /Game/Presentation/Meshes/SM_Bin; /Game/Presentation/Meshes/SM_Banner; /Game/Presentation/Meshes/SM_Arch; /Game/Maps/VerticalSlice/Map_ObservationCar; /Game/Maps/VerticalSlice/Map_NewEriduSixthStreetMetro; /Game/Maps/VerticalSlice/Map_HertaSupportSection,tracked,verified pushed commit + local archive,保留,NO
仍被使用,Content/Presentation/Materials,Content/Presentation/Materials/M_Metal_Charcoal.uasset,8791,Material,材质 / 纹理,,dependency of /Game/Presentation/Meshes/SM_Sentry,/Game/Presentation/Meshes/SM_StreetLamp; /Game/Presentation/Meshes/SM_Sentry; /Game/Presentation/Meshes/SM_Railing; /Game/Presentation/Meshes/SM_Hydrant; /Game/Presentation/Meshes/SM_Facade; /Game/Presentation/Meshes/SM_Chest; /Game/Presentation/Meshes/SM_Bin; /Game/Presentation/Meshes/SM_Bench; /Game/Maps/VerticalSlice/Map_ObservationCar,tracked,verified pushed commit + local archive,保留,NO
仍被使用,Content/Presentation/Materials,Content/Presentation/Materials/M_NightSky.uasset,7301,Material,材质 / 纹理,,dependency of /Game/Maps/VerticalSlice/Map_HertaSupportSection,/Game/Maps/VerticalSlice/Map_ObservationCar; /Game/Maps/VerticalSlice/Map_NewEriduSixthStreetMetro; /Game/Maps/VerticalSlice/Map_HertaSupportSection,tracked,verified pushed commit + local archive,保留,NO
仍被使用,Content/Presentation/Materials,Content/Presentation/Materials/M_Paving.uasset,11352,Material,材质 / 纹理,,dependency of /Game/Maps/VerticalSlice/Map_HertaSupportSection,/Game/Maps/VerticalSlice/Map_ObservationCar; /Game/Maps/VerticalSlice/Map_NewEriduSixthStreetMetro; /Game/Maps/VerticalSlice/Map_HertaSupportSection,tracked,verified pushed commit + local archive,保留,NO
仍被使用,Content/Presentation/Materials,Content/Presentation/Materials/M_Stone_Blue.uasset,11636,Material,材质 / 纹理,,dependency of /Game/Maps/VerticalSlice/Map_HertaSupportSection,/Game/Presentation/Meshes/SM_TravelAnchor; /Game/Presentation/Meshes/SM_Sentry; /Game/Presentation/Meshes/SM_Planter; /Game/Presentation/Meshes/SM_Facade; /Game/Presentation/Meshes/SM_Column; /Game/Presentation/Meshes/SM_Brazier; /Game/Maps/VerticalSlice/Map_ObservationCar; /Game/Maps/VerticalSlice/Map_NewEriduSixthStreetMetro; /Game/Maps/VerticalSlice/Map_HertaSupportSection,tracked,verified pushed commit + local archive,保留,NO
仍被使用,Content/Presentation/Materials,Content/Presentation/Materials/M_Stone_Ivory.uasset,11441,Material,材质 / 纹理,,dependency of /Game/Maps/VerticalSlice/Map_HertaSupportSection,/Game/Presentation/Meshes/SM_Railing; /Game/Presentation/Meshes/SM_Facade; /Game/Presentation/Meshes/SM_Column; /Game/Presentation/Meshes/SM_Arch; /Game/Maps/VerticalSlice/Map_NewEriduSixthStreetMetro; /Game/Maps/VerticalSlice/Map_HertaSupportSection,tracked,verified pushed commit + local archive,保留,NO
仍被使用,Content/Presentation/Materials,Content/Presentation/Materials/M_Water.uasset,9072,Material,材质 / 纹理,,dependency of /Game/Maps/VerticalSlice/Map_NewEriduSixthStreetMetro,/Game/Maps/VerticalSlice/Map_NewEriduSixthStreetMetro,tracked,verified pushed commit + local archive,保留,NO
仍被使用,Content/Presentation/Materials,Content/Presentation/Materials/M_Wood_Walnut.uasset,9255,Material,材质 / 纹理,,dependency of /Game/Presentation/Meshes/SM_Bench,/Game/Presentation/Meshes/SM_Palm; /Game/Presentation/Meshes/SM_Chest; /Game/Presentation/Meshes/SM_Bench; /Game/Maps/VerticalSlice/Map_ObservationCar,tracked,verified pushed commit + local archive,保留,NO
仍被使用,Content/Presentation/Meshes,Content/Presentation/Meshes/SM_Arch.uasset,34122,StaticMesh,模型 / 几何,,dependency of /Game/Maps/VerticalSlice/Map_HertaSupportSection,/Game/Maps/VerticalSlice/Map_NewEriduSixthStreetMetro; /Game/Maps/VerticalSlice/Map_HertaSupportSection,tracked,verified pushed commit + local archive,保留,NO
仍被使用,Content/Presentation/Meshes,Content/Presentation/Meshes/SM_Banner.uasset,34633,StaticMesh,模型 / 几何,,dependency of /Game/Maps/VerticalSlice/Map_HertaSupportSection,/Game/Maps/VerticalSlice/Map_HertaSupportSection,tracked,verified pushed commit + local archive,保留,NO
仍被使用,Content/Presentation/Meshes,Content/Presentation/Meshes/SM_Bench.uasset,49719,StaticMesh,模型 / 几何,,dependency of /Game/Maps/VerticalSlice/Map_NewEriduSixthStreetMetro,/Game/Maps/VerticalSlice/Map_ObservationCar; /Game/Maps/VerticalSlice/Map_NewEriduSixthStreetMetro,tracked,verified pushed commit + local archive,保留,NO
仍被使用,Content/Presentation/Meshes,Content/Presentation/Meshes/SM_Bin.uasset,27317,StaticMesh,模型 / 几何,,dependency of /Game/Maps/VerticalSlice/Map_NewEriduSixthStreetMetro,/Game/Maps/VerticalSlice/Map_NewEriduSixthStreetMetro,tracked,verified pushed commit + local archive,保留,NO
仍被使用,Content/Presentation/Meshes,Content/Presentation/Meshes/SM_Brazier.uasset,38383,StaticMesh,模型 / 几何,,dependency of /Game/Maps/VerticalSlice/Map_HertaSupportSection,/Game/Maps/VerticalSlice/Map_HertaSupportSection,tracked,verified pushed commit + local archive,保留,NO
仍被使用,Content/Presentation/Meshes,Content/Presentation/Meshes/SM_Chest.uasset,35245,StaticMesh,模型 / 几何,,dependency of /Game/Maps/VerticalSlice/Map_NewEriduSixthStreetMetro,/Game/Maps/VerticalSlice/Map_NewEriduSixthStreetMetro,tracked,verified pushed commit + local archive,保留,NO
仍被使用,Content/Presentation/Meshes,Content/Presentation/Meshes/SM_Column.uasset,38194,StaticMesh,模型 / 几何,,dependency of /Game/Maps/VerticalSlice/Map_HertaSupportSection,/Game/Maps/VerticalSlice/Map_ObservationCar; /Game/Maps/VerticalSlice/Map_NewEriduSixthStreetMetro; /Game/Maps/VerticalSlice/Map_HertaSupportSection,tracked,verified pushed commit + local archive,保留,NO
仍被使用,Content/Presentation/Meshes,Content/Presentation/Meshes/SM_Facade.uasset,92410,StaticMesh,模型 / 几何,,dependency of /Game/Maps/VerticalSlice/Map_NewEriduSixthStreetMetro,/Game/Maps/VerticalSlice/Map_ObservationCar; /Game/Maps/VerticalSlice/Map_NewEriduSixthStreetMetro,tracked,verified pushed commit + local archive,保留,NO
仍被使用,Content/Presentation/Meshes,Content/Presentation/Meshes/SM_Hydrant.uasset,32782,StaticMesh,模型 / 几何,,dependency of /Game/Maps/VerticalSlice/Map_NewEriduSixthStreetMetro,/Game/Maps/VerticalSlice/Map_NewEriduSixthStreetMetro,tracked,verified pushed commit + local archive,保留,NO
仍被使用,Content/Presentation/Meshes,Content/Presentation/Meshes/SM_Palm.uasset,25528,StaticMesh,模型 / 几何,,dependency of /Game/Maps/VerticalSlice/Map_NewEriduSixthStreetMetro,/Game/Maps/VerticalSlice/Map_ObservationCar; /Game/Maps/VerticalSlice/Map_NewEriduSixthStreetMetro,tracked,verified pushed commit + local archive,保留,NO
仍被使用,Content/Presentation/Meshes,Content/Presentation/Meshes/SM_Planter.uasset,35847,StaticMesh,模型 / 几何,,dependency of /Game/Maps/VerticalSlice/Map_NewEriduSixthStreetMetro,/Game/Maps/VerticalSlice/Map_ObservationCar; /Game/Maps/VerticalSlice/Map_NewEriduSixthStreetMetro,tracked,verified pushed commit + local archive,保留,NO
仍被使用,Content/Presentation/Meshes,Content/Presentation/Meshes/SM_Railing.uasset,49970,StaticMesh,模型 / 几何,,dependency of /Game/Maps/VerticalSlice/Map_NewEriduSixthStreetMetro,/Game/Maps/VerticalSlice/Map_ObservationCar; /Game/Maps/VerticalSlice/Map_NewEriduSixthStreetMetro,tracked,verified pushed commit + local archive,保留,NO
仍被使用,Content/Presentation/Meshes,Content/Presentation/Meshes/SM_Sentry.uasset,75856,StaticMesh,模型 / 几何,,dependency of /Game/Data/VerticalSlice/Enemies/DA_Boss_Laigushi,/Game/Data/VerticalSlice/Enemies/DA_Enemy_SupportSectionInspector; /Game/Maps/VerticalSlice/Map_NewEriduSixthStreetMetro; /Game/Data/VerticalSlice/Enemies/DA_Enemy_CourtyardPatrol; /Game/Data/VerticalSlice/Enemies/DA_Boss_Laigushi,tracked,verified pushed commit + local archive,保留,NO
仍被使用,Content/Presentation/Meshes,Content/Presentation/Meshes/SM_StreetLamp.uasset,41585,StaticMesh,模型 / 几何,,dependency of /Game/Maps/VerticalSlice/Map_NewEriduSixthStreetMetro,/Game/Maps/VerticalSlice/Map_ObservationCar; /Game/Maps/VerticalSlice/Map_NewEriduSixthStreetMetro,tracked,verified pushed commit + local archive,保留,NO
仍被使用,Content/Presentation/Meshes,Content/Presentation/Meshes/SM_TravelAnchor.uasset,41064,StaticMesh,模型 / 几何,,dependency of /Game/Maps/VerticalSlice/Map_NewEriduSixthStreetMetro,/Game/Maps/VerticalSlice/Map_ObservationCar; /Game/Maps/VerticalSlice/Map_NewEriduSixthStreetMetro,tracked,verified pushed commit + local archive,保留,NO
仍被使用,Content/Presentation/UI,Content/Presentation/UI/T_Item_Body.uasset,47922,Texture2D,材质 / 纹理,,dependency of /Game/Data/VerticalSlice/Items/DA_InventoryCatalog_VerticalSlice,/Game/Data/VerticalSlice/Items/DA_InventoryCatalog_VerticalSlice,tracked,verified pushed commit + local archive,保留,NO
仍被使用,Content/Presentation/UI,Content/Presentation/UI/T_Item_Feet.uasset,51619,Texture2D,材质 / 纹理,,dependency of /Game/Data/VerticalSlice/Items/DA_InventoryCatalog_VerticalSlice,/Game/Data/VerticalSlice/Items/DA_InventoryCatalog_VerticalSlice,tracked,verified pushed commit + local archive,保留,NO
仍被使用,Content/Presentation/UI,Content/Presentation/UI/T_Item_Hands.uasset,47147,Texture2D,材质 / 纹理,,dependency of /Game/Data/VerticalSlice/Items/DA_InventoryCatalog_VerticalSlice,/Game/Data/VerticalSlice/Items/DA_InventoryCatalog_VerticalSlice,tracked,verified pushed commit + local archive,保留,NO
仍被使用,Content/Presentation/UI,Content/Presentation/UI/T_Item_Head.uasset,49840,Texture2D,材质 / 纹理,,dependency of /Game/Data/VerticalSlice/Items/DA_InventoryCatalog_VerticalSlice,/Game/Data/VerticalSlice/Items/DA_InventoryCatalog_VerticalSlice,tracked,verified pushed commit + local archive,保留,NO
仍被使用,Content/Presentation/UI,Content/Presentation/UI/T_Item_LinkRope.uasset,45474,Texture2D,材质 / 纹理,,dependency of /Game/Data/VerticalSlice/Items/DA_InventoryCatalog_VerticalSlice,/Game/Data/VerticalSlice/Items/DA_InventoryCatalog_VerticalSlice,tracked,verified pushed commit + local archive,保留,NO
仍被使用,Content/Presentation/UI,Content/Presentation/UI/T_Item_Material.uasset,43201,Texture2D,材质 / 纹理,,dependency of /Game/Data/VerticalSlice/Items/DA_InventoryCatalog_VerticalSlice,/Game/Data/VerticalSlice/Items/DA_InventoryCatalog_VerticalSlice,tracked,verified pushed commit + local archive,保留,NO
仍被使用,Content/Presentation/UI,Content/Presentation/UI/T_Item_PlanarSphere.uasset,51311,Texture2D,材质 / 纹理,,dependency of /Game/Data/VerticalSlice/Items/DA_InventoryCatalog_VerticalSlice,/Game/Data/VerticalSlice/Items/DA_InventoryCatalog_VerticalSlice,tracked,verified pushed commit + local archive,保留,NO
仍被使用,Content/Presentation/UI,Content/Presentation/UI/T_Item_Weapon.uasset,39375,Texture2D,材质 / 纹理,,dependency of /Game/Data/VerticalSlice/Items/DA_InventoryCatalog_VerticalSlice,/Game/Data/VerticalSlice/Items/DA_InventoryCatalog_VerticalSlice,tracked,verified pushed commit + local archive,保留,NO
仍被使用,Content/Presentation/UI,Content/Presentation/UI/T_Portrait_EvernightMoon.uasset,92985,Texture2D,材质 / 纹理,,dependency of /Game/Data/VerticalSlice/Characters/DA_Character_EvernightMoon,/Game/Data/VerticalSlice/Characters/DA_Character_EvernightMoon,untracked,external local archive + SHA-256 manifest required,保留,NO
仍被使用,Content/Presentation/UI,Content/Presentation/UI/T_Portrait_Huohua.uasset,92114,Texture2D,材质 / 纹理,,dependency of /Game/Data/VerticalSlice/Characters/DA_Character_Huohua,/Game/Data/VerticalSlice/Characters/DA_Character_Huohua,untracked,external local archive + SHA-256 manifest required,保留,NO
仍被使用,Content/Presentation/UI,Content/Presentation/UI/T_Portrait_Remiel.uasset,94791,Texture2D,材质 / 纹理,,dependency of /Game/Data/VerticalSlice/Characters/DA_Character_Remiel,/Game/Data/VerticalSlice/Characters/DA_Character_Remiel,untracked,external local archive + SHA-256 manifest required,保留,NO
仍被使用,Content/Presentation/UI,Content/Presentation/UI/T_Portrait_Verina.uasset,84117,Texture2D,材质 / 纹理,,dependency of /Game/Data/VerticalSlice/Characters/DA_Character_Verina,/Game/Data/VerticalSlice/Characters/DA_Character_Verina,untracked,external local archive + SHA-256 manifest required,保留,NO
待核实,Content/Scrapopolis/Effects,Content/Scrapopolis/Effects/P_Fire.uasset,1668317,NiagaraSystem,蓝图 / 数据 / 其他资源,,test / authoring dependency: dependency of /Game/Scrapopolis/Levels/Level_Scrapopolis_Demo,/Game/Scrapopolis/Levels/Level_Scrapopolis_Demo,ignored,external local archive + SHA-256 manifest required,中,NO
待核实,Content/Scrapopolis/Levels,Content/Scrapopolis/Levels/Level_Scrapopolis_Demo.umap,38545645,World,地图 / 场景,,test / authoring dependency: dependency of /Game/Data/Maps/DA_Map_Exploration_p15_C,/Game/Data/Maps/DA_Map_Exploration_p15_C,ignored,external local archive + SHA-256 manifest required,中,NO
待核实,Content/Scrapopolis/Levels,Content/Scrapopolis/Levels/Level_Scrapopolis_Demo_BuiltData.uasset,110491266,MapBuildDataRegistry,蓝图 / 数据 / 其他资源,,test / authoring dependency: dependency of /Game/Scrapopolis/Levels/Level_Scrapopolis_Demo,/Game/Scrapopolis/Levels/Level_Scrapopolis_Demo,ignored,external local archive + SHA-256 manifest required,中,NO
待核实,Content/Scrapopolis/Materials,Content/Scrapopolis/Materials/Brown_Mud_LayerInfo.uasset,1581,LandscapeLayerInfoObject,蓝图 / 数据 / 其他资源,,test / authoring dependency: dependency of /Game/Scrapopolis/Levels/Level_Scrapopolis_Demo,/Game/Scrapopolis/Levels/Level_Scrapopolis_Demo,ignored,external local archive + SHA-256 manifest required,中,NO
待核实,Content/Scrapopolis/Materials,Content/Scrapopolis/Materials/Brown_Mud_Rocks_LayerInfo.uasset,1623,LandscapeLayerInfoObject,蓝图 / 数据 / 其他资源,,test / authoring dependency: dependency of /Game/Scrapopolis/Levels/Level_Scrapopolis_Demo,/Game/Scrapopolis/Levels/Level_Scrapopolis_Demo,ignored,external local archive + SHA-256 manifest required,中,NO
待核实,Content/Scrapopolis/Materials,Content/Scrapopolis/Materials/Coast_and_rocks_LayerInfo.uasset,1623,LandscapeLayerInfoObject,蓝图 / 数据 / 其他资源,,test / authoring dependency: dependency of /Game/Scrapopolis/Levels/Level_Scrapopolis_Demo,/Game/Scrapopolis/Levels/Level_Scrapopolis_Demo,ignored,external local archive + SHA-256 manifest required,中,NO
待核实,Content/Scrapopolis/Materials,Content/Scrapopolis/Materials/Instances/MI_Cloth.uasset,12785,MaterialInstanceConstant,材质 / 纹理,,test / authoring dependency: dependency of /Game/Scrapopolis/Meshes/Props/SM_cloth,/Game/Scrapopolis/Meshes/Props/SM_cloth,ignored,external local archive + SHA-256 manifest required,中,NO
待核实,Content/Scrapopolis/Materials,Content/Scrapopolis/Materials/Instances/MI_Cloud.uasset,11571,MaterialInstanceConstant,材质 / 纹理,,test / authoring dependency: dependency of /Game/Scrapopolis/Levels/Level_Scrapopolis_Demo,/Game/Scrapopolis/Levels/Level_Scrapopolis_Demo,ignored,external local archive + SHA-256 manifest required,中,NO
待核实,Content/Scrapopolis/Materials,Content/Scrapopolis/Materials/Instances/MI_Cloud_2.uasset,9720,MaterialInstanceConstant,材质 / 纹理,,test / authoring dependency: dependency of /Game/Scrapopolis/Levels/Level_Scrapopolis_Demo,/Game/Scrapopolis/Levels/Level_Scrapopolis_Demo,ignored,external local archive + SHA-256 manifest required,中,NO
待核实,Content/Scrapopolis/Materials,Content/Scrapopolis/Materials/Instances/MI_Debris.uasset,17696,MaterialInstanceConstant,材质 / 纹理,,test / authoring dependency: dependency of /Game/Scrapopolis/Meshes/Props/SM_Debris_gear_4,/Game/Scrapopolis/Meshes/Props/SM_Debris_rock_1; /Game/Scrapopolis/Meshes/Props/SM_Debris_rock_2; /Game/Scrapopolis/Meshes/Props/SM_Debris_rock_3; /Game/Scrapopolis/Meshes/Props/SM_Debris_rock_4; /Game/Scrapopolis/Meshes/Props/SM_Debris_rock_5; /Game/Scrapopolis/Meshes/Props/SM_Debris_gear_Simulation; /Game/Scrapopolis/Meshes/Props/SM_Debris_gear_4,ignored,external local archive + SHA-256 manifest required,中,NO
待核实,Content/Scrapopolis/Materials,Content/Scrapopolis/Materials/Instances/MI_Fence.uasset,12547,MaterialInstanceConstant,材质 / 纹理,,test / authoring dependency: dependency of /Game/Scrapopolis/Meshes/Architecture/SM_Fence,/Game/Scrapopolis/Meshes/Architecture/SM_Fence,ignored,external local archive + SHA-256 manifest required,中,NO
待核实,Content/Scrapopolis/Materials,Content/Scrapopolis/Materials/Instances/MI_House_Back.uasset,12155,MaterialInstanceConstant,材质 / 纹理,,test / authoring dependency: dependency of /Game/Scrapopolis/Meshes/Architecture/SM_House_Back,/Game/Scrapopolis/Meshes/Architecture/SM_House_Back,ignored,external local archive + SHA-256 manifest required,中,NO
待核实,Content/Scrapopolis/Materials,Content/Scrapopolis/Materials/Instances/MI_House_Door.uasset,13158,MaterialInstanceConstant,材质 / 纹理,,test / authoring dependency: dependency of /Game/Scrapopolis/Meshes/Architecture/SM_House_Door,/Game/Scrapopolis/Meshes/Architecture/SM_House_Door,ignored,external local archive + SHA-256 manifest required,中,NO
待核实,Content/Scrapopolis/Materials,Content/Scrapopolis/Materials/Instances/MI_Pipe_1.uasset,10966,MaterialInstanceConstant,材质 / 纹理,,test / authoring dependency: dependency of /Game/Scrapopolis/Meshes/Architecture/SM_Pipe_1,/Game/Scrapopolis/Meshes/Architecture/SM_Pipe_1,ignored,external local archive + SHA-256 manifest required,中,NO
待核实,Content/Scrapopolis/Materials,Content/Scrapopolis/Materials/Instances/MI_Pipe_2.uasset,11101,MaterialInstanceConstant,材质 / 纹理,,test / authoring dependency: dependency of /Game/Scrapopolis/Meshes/Architecture/SM_Pipe_2,/Game/Scrapopolis/Meshes/Architecture/SM_Pipe_2,ignored,external local archive + SHA-256 manifest required,中,NO
待核实,Content/Scrapopolis/Materials,Content/Scrapopolis/Materials/Instances/MI_Pipe_3.uasset,11463,MaterialInstanceConstant,材质 / 纹理,,test / authoring dependency: dependency of /Game/Scrapopolis/Materials/Instances/MI_Pipe_4_5,/Game/Scrapopolis/Meshes/Architecture/SM_Pipe_3; /Game/Scrapopolis/Materials/Instances/MI_Pipe_4_5,ignored,external local archive + SHA-256 manifest required,中,NO
待核实,Content/Scrapopolis/Materials,Content/Scrapopolis/Materials/Instances/MI_Pipe_4_5.uasset,12695,MaterialInstanceConstant,材质 / 纹理,,test / authoring dependency: dependency of /Game/Scrapopolis/Meshes/Architecture/SM_Pipe_5,/Game/Scrapopolis/Meshes/Architecture/SM_Pipe_4; /Game/Scrapopolis/Meshes/Architecture/SM_Pipe_5,ignored,external local archive + SHA-256 manifest required,中,NO
待核实,Content/Scrapopolis/Materials,Content/Scrapopolis/Materials/Instances/MI_Props.uasset,14411,MaterialInstanceConstant,材质 / 纹理,,test / authoring dependency: dependency of /Game/Scrapopolis/Meshes/Architecture/SM_stairs,/Game/Scrapopolis/Meshes/Props/SM_table; /Game/Scrapopolis/Meshes/Props/SM_flue; /Game/Scrapopolis/Meshes/Props/SM_box_1; /Game/Scrapopolis/Meshes/Props/SM_box_2; /Game/Scrapopolis/Meshes/Props/SM_bench; /Game/Scrapopolis/Meshes/Architecture/SM_stairs,ignored,external local archive + SHA-256 manifest required,中,NO
待核实,Content/Scrapopolis/Materials,Content/Scrapopolis/Materials/Instances/MI_Puddles_1.uasset,8900,MaterialInstanceConstant,材质 / 纹理,,test / authoring dependency: dependency of /Game/Scrapopolis/Levels/Level_Scrapopolis_Demo,/Game/Scrapopolis/Levels/Level_Scrapopolis_Demo,ignored,external local archive + SHA-256 manifest required,中,NO
待核实,Content/Scrapopolis/Materials,Content/Scrapopolis/Materials/Instances/MI_Support_1.uasset,12127,MaterialInstanceConstant,材质 / 纹理,,test / authoring dependency: dependency of /Game/Scrapopolis/Meshes/Architecture/SM_Support_1,/Game/Scrapopolis/Meshes/Architecture/SM_Support_1,ignored,external local archive + SHA-256 manifest required,中,NO
待核实,Content/Scrapopolis/Materials,Content/Scrapopolis/Materials/Instances/MI_Support_10.uasset,11984,MaterialInstanceConstant,材质 / 纹理,,test / authoring dependency: dependency of /Game/Scrapopolis/Meshes/Architecture/SM_Support_10,/Game/Scrapopolis/Meshes/Architecture/SM_Support_10,ignored,external local archive + SHA-256 manifest required,中,NO
待核实,Content/Scrapopolis/Materials,Content/Scrapopolis/Materials/Instances/MI_Support_2.uasset,12535,MaterialInstanceConstant,材质 / 纹理,,test / authoring dependency: dependency of /Game/Scrapopolis/Meshes/Architecture/SM_Support_2,/Game/Scrapopolis/Meshes/Architecture/SM_Support_2,ignored,external local archive + SHA-256 manifest required,中,NO
待核实,Content/Scrapopolis/Materials,Content/Scrapopolis/Materials/Instances/MI_Support_3.uasset,12455,MaterialInstanceConstant,材质 / 纹理,,test / authoring dependency: dependency of /Game/Scrapopolis/Meshes/Architecture/SM_Support_3,/Game/Scrapopolis/Meshes/Architecture/SM_Support_3,ignored,external local archive + SHA-256 manifest required,中,NO
待核实,Content/Scrapopolis/Materials,Content/Scrapopolis/Materials/Instances/MI_Support_4.uasset,12191,MaterialInstanceConstant,材质 / 纹理,,test / authoring dependency: dependency of /Game/Scrapopolis/Meshes/Architecture/SM_Support_4,/Game/Scrapopolis/Meshes/Architecture/SM_Support_4,ignored,external local archive + SHA-256 manifest required,中,NO
待核实,Content/Scrapopolis/Materials,Content/Scrapopolis/Materials/Instances/MI_Support_5.uasset,12444,MaterialInstanceConstant,材质 / 纹理,,test / authoring dependency: dependency of /Game/Scrapopolis/Meshes/Architecture/SM_Support_5,/Game/Scrapopolis/Meshes/Architecture/SM_Support_5,ignored,external local archive + SHA-256 manifest required,中,NO
待核实,Content/Scrapopolis/Materials,Content/Scrapopolis/Materials/Instances/MI_Support_6.uasset,12486,MaterialInstanceConstant,材质 / 纹理,,test / authoring dependency: dependency of /Game/Scrapopolis/Meshes/Architecture/SM_Support_6,/Game/Scrapopolis/Meshes/Architecture/SM_Support_6,ignored,external local archive + SHA-256 manifest required,中,NO
待核实,Content/Scrapopolis/Materials,Content/Scrapopolis/Materials/Instances/MI_Support_7.uasset,12161,MaterialInstanceConstant,材质 / 纹理,,test / authoring dependency: dependency of /Game/Scrapopolis/Meshes/Architecture/SM_Support_7,/Game/Scrapopolis/Meshes/Architecture/SM_Support_7,ignored,external local archive + SHA-256 manifest required,中,NO
待核实,Content/Scrapopolis/Materials,Content/Scrapopolis/Materials/Instances/MI_Support_8.uasset,12888,MaterialInstanceConstant,材质 / 纹理,,test / authoring dependency: dependency of /Game/Scrapopolis/Meshes/Architecture/SM_Support_8,/Game/Scrapopolis/Meshes/Architecture/SM_Support_8,ignored,external local archive + SHA-256 manifest required,中,NO
待核实,Content/Scrapopolis/Materials,Content/Scrapopolis/Materials/Instances/MI_Support_9.uasset,12677,MaterialInstanceConstant,材质 / 纹理,,test / authoring dependency: dependency of /Game/Scrapopolis/Meshes/Architecture/SM_Support_9,/Game/Scrapopolis/Meshes/Architecture/SM_Support_9,ignored,external local archive + SHA-256 manifest required,中,NO
待核实,Content/Scrapopolis/Materials,Content/Scrapopolis/Materials/M_CampFire.uasset,17401,Material,材质 / 纹理,,test / authoring dependency: dependency of /Game/Scrapopolis/Meshes/Props/SM_CampFire,/Game/Scrapopolis/Meshes/Props/SM_CampFire,ignored,external local archive + SHA-256 manifest required,中,NO
待核实,Content/Scrapopolis/Materials,Content/Scrapopolis/Materials/M_candle.uasset,13665,Material,材质 / 纹理,,test / authoring dependency: dependency of /Game/Scrapopolis/Meshes/Props/SM_candel,/Game/Scrapopolis/Meshes/Props/SM_candel,ignored,external local archive + SHA-256 manifest required,中,NO
待核实,Content/Scrapopolis/Materials,Content/Scrapopolis/Materials/M_candle_flame.uasset,11801,Material,材质 / 纹理,,test / authoring dependency: dependency of /Game/Scrapopolis/Meshes/Props/SM_candel,/Game/Scrapopolis/Meshes/Props/SM_candel,ignored,external local archive + SHA-256 manifest required,中,NO
待核实,Content/Scrapopolis/Materials,Content/Scrapopolis/Materials/M_Cloth.uasset,13245,Material,材质 / 纹理,,test / authoring dependency: dependency of /Game/Scrapopolis/Meshes/Props/SM_cloth,/Game/Scrapopolis/Meshes/Props/SM_cloth,ignored,external local archive + SHA-256 manifest required,中,NO
待核实,Content/Scrapopolis/Materials,Content/Scrapopolis/Materials/M_Cloud.uasset,13860,Material,材质 / 纹理,,test / authoring dependency: dependency of /Game/Scrapopolis/Levels/Level_Scrapopolis_Demo,/Game/Scrapopolis/Materials/Instances/MI_Cloud; /Game/Scrapopolis/Materials/Instances/MI_Cloud_2; /Game/Scrapopolis/Levels/Level_Scrapopolis_Demo,ignored,external local archive + SHA-256 manifest required,中,NO
待核实,Content/Scrapopolis/Materials,Content/Scrapopolis/Materials/M_FIre.uasset,13513,Material,材质 / 纹理,,test / authoring dependency: dependency of /Game/Scrapopolis/Effects/P_Fire,/Game/Scrapopolis/Effects/P_Fire,ignored,external local archive + SHA-256 manifest required,中,NO
待核实,Content/Scrapopolis/Materials,Content/Scrapopolis/Materials/M_HDRI.uasset,9247,Material,材质 / 纹理,,test / authoring dependency: dependency of /Game/Scrapopolis/Levels/Level_Scrapopolis_Demo,/Game/Scrapopolis/Levels/Level_Scrapopolis_Demo,ignored,external local archive + SHA-256 manifest required,中,NO
待核实,Content/Scrapopolis/Materials,Content/Scrapopolis/Materials/M_Landscape.uasset,40847,Material,材质 / 纹理,,test / authoring dependency: dependency of /Game/Scrapopolis/Levels/Level_Scrapopolis_Demo,/Game/Scrapopolis/Levels/Level_Scrapopolis_Demo,ignored,external local archive + SHA-256 manifest required,中,NO
待核实,Content/Scrapopolis/Materials,Content/Scrapopolis/Materials/M_Master_Material.uasset,14264,Material,材质 / 纹理,,test / authoring dependency: dependency of /Game/Scrapopolis/Materials/Instances/MI_Fence,/Game/Scrapopolis/Materials/Instances/MI_Props; /Game/Scrapopolis/Materials/Instances/MI_Debris; /Game/Scrapopolis/Materials/Instances/MI_Cloth; /Game/Scrapopolis/Materials/Instances/MI_Support_1; /Game/Scrapopolis/Materials/Instances/MI_Support_2; /Game/Scrapopolis/Materials/Instances/MI_Support_3; /Game/Scrapopolis/Materials/Instances/MI_Support_4; /Game/Scrapopolis/Materials/Instances/MI_Support_5; /Game/Scrapopolis/Materials/Instances/MI_Support_6; /Game/Scrapopolis/Materials/Instances/MI_Support_7; /Game/Scrapopolis/Materials/Instances/MI_Support_8; /Game/Scrapopolis/Materials/Instances/MI_Support_9; /Game/Scrapopolis/Materials/Instances/MI_Support_10; /Game/Scrapopolis/Materials/Instances/MI_Pipe_1; /Game/Scrapopolis/Materials/Instances/MI_Pipe_2; /Game/Scrapopolis/Materials/Instances/MI_Pipe_3; /Game/Scrapopolis/Materials/Instances/MI_House_Door; /Game/Scrapopolis/Materials/Instances/MI_House_Back; /Game/Scrapopolis/Materials/Instances/MI_Fence,ignored,external local archive + SHA-256 manifest required,中,NO
待核实,Content/Scrapopolis/Materials,Content/Scrapopolis/Materials/M_Puddles.uasset,18461,Material,材质 / 纹理,,test / authoring dependency: dependency of /Game/Scrapopolis/Materials/Instances/MI_Puddles_1,/Game/Scrapopolis/Materials/Instances/MI_Puddles_1,ignored,external local archive + SHA-256 manifest required,中,NO
待核实,Content/Scrapopolis/Materials,Content/Scrapopolis/Materials/M_Volumetric_Fog.uasset,14141,Material,材质 / 纹理,,test / authoring dependency: dependency of /Game/Scrapopolis/Levels/Level_Scrapopolis_Demo,/Game/Scrapopolis/Levels/Level_Scrapopolis_Demo,ignored,external local archive + SHA-256 manifest required,中,NO
待核实,Content/Scrapopolis/Materials,Content/Scrapopolis/Materials/M_Wires.uasset,7101,Material,材质 / 纹理,,test / authoring dependency: dependency of /Game/Scrapopolis/Levels/Level_Scrapopolis_Demo,/Game/Scrapopolis/Meshes/Architecture/SM_wires_1; /Game/Scrapopolis/Meshes/Architecture/SM_wires_2; /Game/Scrapopolis/Meshes/Architecture/SM_wires_3; /Game/Scrapopolis/Levels/Level_Scrapopolis_Demo,ignored,external local archive + SHA-256 manifest required,中,NO
待核实,Content/Scrapopolis/Meshes,Content/Scrapopolis/Meshes/Architecture/SM_Fence.uasset,298902,StaticMesh,模型 / 几何,,test / authoring dependency: dependency of /Game/Scrapopolis/Levels/Level_Scrapopolis_Demo,/Game/Scrapopolis/Levels/Level_Scrapopolis_Demo,ignored,external local archive + SHA-256 manifest required,中,NO
待核实,Content/Scrapopolis/Meshes,Content/Scrapopolis/Meshes/Architecture/SM_House_Back.uasset,277182,StaticMesh,模型 / 几何,,test / authoring dependency: dependency of /Game/Scrapopolis/Levels/Level_Scrapopolis_Demo,/Game/Scrapopolis/Levels/Level_Scrapopolis_Demo,ignored,external local archive + SHA-256 manifest required,中,NO
待核实,Content/Scrapopolis/Meshes,Content/Scrapopolis/Meshes/Architecture/SM_House_Door.uasset,455244,StaticMesh,模型 / 几何,,test / authoring dependency: dependency of /Game/Scrapopolis/Levels/Level_Scrapopolis_Demo,/Game/Scrapopolis/Levels/Level_Scrapopolis_Demo,ignored,external local archive + SHA-256 manifest required,中,NO
待核实,Content/Scrapopolis/Meshes,Content/Scrapopolis/Meshes/Architecture/SM_Pipe_1.uasset,81760,StaticMesh,模型 / 几何,,test / authoring dependency: dependency of /Game/Scrapopolis/Levels/Level_Scrapopolis_Demo,/Game/Scrapopolis/Levels/Level_Scrapopolis_Demo,ignored,external local archive + SHA-256 manifest required,中,NO
待核实,Content/Scrapopolis/Meshes,Content/Scrapopolis/Meshes/Architecture/SM_Pipe_2.uasset,113956,StaticMesh,模型 / 几何,,test / authoring dependency: dependency of /Game/Scrapopolis/Levels/Level_Scrapopolis_Demo,/Game/Scrapopolis/Levels/Level_Scrapopolis_Demo,ignored,external local archive + SHA-256 manifest required,中,NO
待核实,Content/Scrapopolis/Meshes,Content/Scrapopolis/Meshes/Architecture/SM_Pipe_3.uasset,55586,StaticMesh,模型 / 几何,,test / authoring dependency: dependency of /Game/Scrapopolis/Levels/Level_Scrapopolis_Demo,/Game/Scrapopolis/Levels/Level_Scrapopolis_Demo,ignored,external local archive + SHA-256 manifest required,中,NO
待核实,Content/Scrapopolis/Meshes,Content/Scrapopolis/Meshes/Architecture/SM_Pipe_4.uasset,403948,StaticMesh,模型 / 几何,,test / authoring dependency: dependency of /Game/Scrapopolis/Levels/Level_Scrapopolis_Demo,/Game/Scrapopolis/Levels/Level_Scrapopolis_Demo,ignored,external local archive + SHA-256 manifest required,中,NO
待核实,Content/Scrapopolis/Meshes,Content/Scrapopolis/Meshes/Architecture/SM_Pipe_5.uasset,123951,StaticMesh,模型 / 几何,,test / authoring dependency: dependency of /Game/Scrapopolis/Levels/Level_Scrapopolis_Demo,/Game/Scrapopolis/Levels/Level_Scrapopolis_Demo,ignored,external local archive + SHA-256 manifest required,中,NO
待核实,Content/Scrapopolis/Meshes,Content/Scrapopolis/Meshes/Architecture/SM_stairs.uasset,2897270,StaticMesh,模型 / 几何,,test / authoring dependency: dependency of /Game/Scrapopolis/Levels/Level_Scrapopolis_Demo,/Game/Scrapopolis/Levels/Level_Scrapopolis_Demo,ignored,external local archive + SHA-256 manifest required,中,NO
待核实,Content/Scrapopolis/Meshes,Content/Scrapopolis/Meshes/Architecture/SM_Support_1.uasset,98124,StaticMesh,模型 / 几何,,test / authoring dependency: dependency of /Game/Scrapopolis/Levels/Level_Scrapopolis_Demo,/Game/Scrapopolis/Levels/Level_Scrapopolis_Demo,ignored,external local archive + SHA-256 manifest required,中,NO
待核实,Content/Scrapopolis/Meshes,Content/Scrapopolis/Meshes/Architecture/SM_Support_10.uasset,397704,StaticMesh,模型 / 几何,,test / authoring dependency: dependency of /Game/Scrapopolis/Levels/Level_Scrapopolis_Demo,/Game/Scrapopolis/Levels/Level_Scrapopolis_Demo,ignored,external local archive + SHA-256 manifest required,中,NO
待核实,Content/Scrapopolis/Meshes,Content/Scrapopolis/Meshes/Architecture/SM_Support_2.uasset,374828,StaticMesh,模型 / 几何,,test / authoring dependency: dependency of /Game/Scrapopolis/Levels/Level_Scrapopolis_Demo,/Game/Scrapopolis/Levels/Level_Scrapopolis_Demo,ignored,external local archive + SHA-256 manifest required,中,NO
待核实,Content/Scrapopolis/Meshes,Content/Scrapopolis/Meshes/Architecture/SM_Support_3.uasset,889259,StaticMesh,模型 / 几何,,test / authoring dependency: dependency of /Game/Scrapopolis/Levels/Level_Scrapopolis_Demo,/Game/Scrapopolis/Levels/Level_Scrapopolis_Demo,ignored,external local archive + SHA-256 manifest required,中,NO
待核实,Content/Scrapopolis/Meshes,Content/Scrapopolis/Meshes/Architecture/SM_Support_4.uasset,647910,StaticMesh,模型 / 几何,,test / authoring dependency: dependency of /Game/Scrapopolis/Levels/Level_Scrapopolis_Demo,/Game/Scrapopolis/Levels/Level_Scrapopolis_Demo,ignored,external local archive + SHA-256 manifest required,中,NO
待核实,Content/Scrapopolis/Meshes,Content/Scrapopolis/Meshes/Architecture/SM_Support_5.uasset,694437,StaticMesh,模型 / 几何,,test / authoring dependency: dependency of /Game/Scrapopolis/Levels/Level_Scrapopolis_Demo,/Game/Scrapopolis/Levels/Level_Scrapopolis_Demo,ignored,external local archive + SHA-256 manifest required,中,NO
待核实,Content/Scrapopolis/Meshes,Content/Scrapopolis/Meshes/Architecture/SM_Support_6.uasset,512981,StaticMesh,模型 / 几何,,test / authoring dependency: dependency of /Game/Scrapopolis/Levels/Level_Scrapopolis_Demo,/Game/Scrapopolis/Levels/Level_Scrapopolis_Demo,ignored,external local archive + SHA-256 manifest required,中,NO
待核实,Content/Scrapopolis/Meshes,Content/Scrapopolis/Meshes/Architecture/SM_Support_7.uasset,426953,StaticMesh,模型 / 几何,,test / authoring dependency: dependency of /Game/Scrapopolis/Levels/Level_Scrapopolis_Demo,/Game/Scrapopolis/Levels/Level_Scrapopolis_Demo,ignored,external local archive + SHA-256 manifest required,中,NO
待核实,Content/Scrapopolis/Meshes,Content/Scrapopolis/Meshes/Architecture/SM_Support_8.uasset,478629,StaticMesh,模型 / 几何,,test / authoring dependency: dependency of /Game/Scrapopolis/Levels/Level_Scrapopolis_Demo,/Game/Scrapopolis/Levels/Level_Scrapopolis_Demo,ignored,external local archive + SHA-256 manifest required,中,NO
待核实,Content/Scrapopolis/Meshes,Content/Scrapopolis/Meshes/Architecture/SM_Support_9.uasset,1009528,StaticMesh,模型 / 几何,,test / authoring dependency: dependency of /Game/Scrapopolis/Levels/Level_Scrapopolis_Demo,/Game/Scrapopolis/Levels/Level_Scrapopolis_Demo,ignored,external local archive + SHA-256 manifest required,中,NO
待核实,Content/Scrapopolis/Meshes,Content/Scrapopolis/Meshes/Architecture/SM_wires_1.uasset,261245,StaticMesh,模型 / 几何,,test / authoring dependency: dependency of /Game/Scrapopolis/Levels/Level_Scrapopolis_Demo,/Game/Scrapopolis/Levels/Level_Scrapopolis_Demo,ignored,external local archive + SHA-256 manifest required,中,NO
待核实,Content/Scrapopolis/Meshes,Content/Scrapopolis/Meshes/Architecture/SM_wires_2.uasset,135250,StaticMesh,模型 / 几何,,test / authoring dependency: dependency of /Game/Scrapopolis/Levels/Level_Scrapopolis_Demo,/Game/Scrapopolis/Levels/Level_Scrapopolis_Demo,ignored,external local archive + SHA-256 manifest required,中,NO
待核实,Content/Scrapopolis/Meshes,Content/Scrapopolis/Meshes/Architecture/SM_wires_3.uasset,182967,StaticMesh,模型 / 几何,,test / authoring dependency: dependency of /Game/Scrapopolis/Levels/Level_Scrapopolis_Demo,/Game/Scrapopolis/Levels/Level_Scrapopolis_Demo,ignored,external local archive + SHA-256 manifest required,中,NO
待核实,Content/Scrapopolis/Meshes,Content/Scrapopolis/Meshes/Props/SM_bench.uasset,839578,StaticMesh,模型 / 几何,,test / authoring dependency: dependency of /Game/Scrapopolis/Levels/Level_Scrapopolis_Demo,/Game/Scrapopolis/Levels/Level_Scrapopolis_Demo,ignored,external local archive + SHA-256 manifest required,中,NO
待核实,Content/Scrapopolis/Meshes,Content/Scrapopolis/Meshes/Props/SM_box_1.uasset,963358,StaticMesh,模型 / 几何,,test / authoring dependency: dependency of /Game/Scrapopolis/Levels/Level_Scrapopolis_Demo,/Game/Scrapopolis/Levels/Level_Scrapopolis_Demo,ignored,external local archive + SHA-256 manifest required,中,NO
待核实,Content/Scrapopolis/Meshes,Content/Scrapopolis/Meshes/Props/SM_box_2.uasset,1340585,StaticMesh,模型 / 几何,,test / authoring dependency: dependency of /Game/Scrapopolis/Levels/Level_Scrapopolis_Demo,/Game/Scrapopolis/Levels/Level_Scrapopolis_Demo,ignored,external local archive + SHA-256 manifest required,中,NO
待核实,Content/Scrapopolis/Meshes,Content/Scrapopolis/Meshes/Props/SM_CampFire.uasset,35929,StaticMesh,模型 / 几何,,test / authoring dependency: dependency of /Game/Scrapopolis/Levels/Level_Scrapopolis_Demo,/Game/Scrapopolis/Levels/Level_Scrapopolis_Demo,ignored,external local archive + SHA-256 manifest required,中,NO
待核实,Content/Scrapopolis/Meshes,Content/Scrapopolis/Meshes/Props/SM_candel.uasset,26296,StaticMesh,模型 / 几何,,test / authoring dependency: dependency of /Game/Scrapopolis/Levels/Level_Scrapopolis_Demo,/Game/Scrapopolis/Levels/Level_Scrapopolis_Demo,ignored,external local archive + SHA-256 manifest required,中,NO
待核实,Content/Scrapopolis/Meshes,Content/Scrapopolis/Meshes/Props/SM_cloth.uasset,706970,StaticMesh,模型 / 几何,,test / authoring dependency: dependency of /Game/Scrapopolis/Levels/Level_Scrapopolis_Demo,/Game/Scrapopolis/Levels/Level_Scrapopolis_Demo,ignored,external local archive + SHA-256 manifest required,中,NO
待核实,Content/Scrapopolis/Meshes,Content/Scrapopolis/Meshes/Props/SM_Debris_gear_4.uasset,123300,StaticMesh,模型 / 几何,,test / authoring dependency: dependency of /Game/Scrapopolis/Levels/Level_Scrapopolis_Demo,/Game/Scrapopolis/Levels/Level_Scrapopolis_Demo,ignored,external local archive + SHA-256 manifest required,中,NO
待核实,Content/Scrapopolis/Meshes,Content/Scrapopolis/Meshes/Props/SM_Debris_gear_Simulation.uasset,7051925,StaticMesh,模型 / 几何,,test / authoring dependency: dependency of /Game/Scrapopolis/Levels/Level_Scrapopolis_Demo,/Game/Scrapopolis/Levels/Level_Scrapopolis_Demo,ignored,external local archive + SHA-256 manifest required,中,NO
待核实,Content/Scrapopolis/Meshes,Content/Scrapopolis/Meshes/Props/SM_Debris_rock_1.uasset,79945,StaticMesh,模型 / 几何,,test / authoring dependency: dependency of /Game/Scrapopolis/Levels/Level_Scrapopolis_Demo,/Game/Scrapopolis/Levels/Level_Scrapopolis_Demo,ignored,external local archive + SHA-256 manifest required,中,NO
待核实,Content/Scrapopolis/Meshes,Content/Scrapopolis/Meshes/Props/SM_Debris_rock_2.uasset,114200,StaticMesh,模型 / 几何,,test / authoring dependency: dependency of /Game/Scrapopolis/Levels/Level_Scrapopolis_Demo,/Game/Scrapopolis/Levels/Level_Scrapopolis_Demo,ignored,external local archive + SHA-256 manifest required,中,NO
待核实,Content/Scrapopolis/Meshes,Content/Scrapopolis/Meshes/Props/SM_Debris_rock_3.uasset,80878,StaticMesh,模型 / 几何,,test / authoring dependency: dependency of /Game/Scrapopolis/Levels/Level_Scrapopolis_Demo,/Game/Scrapopolis/Levels/Level_Scrapopolis_Demo,ignored,external local archive + SHA-256 manifest required,中,NO
待核实,Content/Scrapopolis/Meshes,Content/Scrapopolis/Meshes/Props/SM_Debris_rock_4.uasset,56685,StaticMesh,模型 / 几何,,test / authoring dependency: dependency of /Game/Scrapopolis/Levels/Level_Scrapopolis_Demo,/Game/Scrapopolis/Levels/Level_Scrapopolis_Demo,ignored,external local archive + SHA-256 manifest required,中,NO
待核实,Content/Scrapopolis/Meshes,Content/Scrapopolis/Meshes/Props/SM_Debris_rock_5.uasset,10951502,StaticMesh,模型 / 几何,,test / authoring dependency: dependency of /Game/Scrapopolis/Levels/Level_Scrapopolis_Demo,/Game/Scrapopolis/Levels/Level_Scrapopolis_Demo,ignored,external local archive + SHA-256 manifest required,中,NO
待核实,Content/Scrapopolis/Meshes,Content/Scrapopolis/Meshes/Props/SM_flue.uasset,3973814,StaticMesh,模型 / 几何,,test / authoring dependency: dependency of /Game/Scrapopolis/Levels/Level_Scrapopolis_Demo,/Game/Scrapopolis/Levels/Level_Scrapopolis_Demo,ignored,external local archive + SHA-256 manifest required,中,NO
待核实,Content/Scrapopolis/Meshes,Content/Scrapopolis/Meshes/Props/SM_table.uasset,3714754,StaticMesh,模型 / 几何,,test / authoring dependency: dependency of /Game/Scrapopolis/Levels/Level_Scrapopolis_Demo,/Game/Scrapopolis/Levels/Level_Scrapopolis_Demo,ignored,external local archive + SHA-256 manifest required,中,NO
待核实,Content/Scrapopolis/Textures,Content/Scrapopolis/Textures/HDR_qwantani_night_HDRI.uasset,23772664,TextureCube,材质 / 纹理,,test / authoring dependency: dependency of /Game/Scrapopolis/Materials/M_HDRI,/Game/Scrapopolis/Materials/M_HDRI,ignored,external local archive + SHA-256 manifest required,中,NO
待核实,Content/Scrapopolis/Textures,Content/Scrapopolis/Textures/T_brown_mud_02_diff_4k.uasset,8283682,Texture2D,材质 / 纹理,,test / authoring dependency: dependency of /Game/Scrapopolis/Materials/M_Landscape,/Game/Scrapopolis/Materials/M_Landscape,ignored,external local archive + SHA-256 manifest required,中,NO
待核实,Content/Scrapopolis/Textures,Content/Scrapopolis/Textures/T_brown_mud_02_nor_dx_4k.uasset,11890443,Texture2D,材质 / 纹理,,test / authoring dependency: dependency of /Game/Scrapopolis/Materials/M_Landscape,/Game/Scrapopolis/Materials/M_Landscape,ignored,external local archive + SHA-256 manifest required,中,NO
待核实,Content/Scrapopolis/Textures,Content/Scrapopolis/Textures/T_brown_mud_02_ORM.uasset,3793945,Texture2D,材质 / 纹理,,test / authoring dependency: dependency of /Game/Scrapopolis/Materials/M_Landscape,/Game/Scrapopolis/Materials/M_Landscape,ignored,external local archive + SHA-256 manifest required,中,NO
待核实,Content/Scrapopolis/Textures,Content/Scrapopolis/Textures/T_brown_mud_rocks_01_diff_4k.uasset,9929236,Texture2D,材质 / 纹理,,test / authoring dependency: dependency of /Game/Scrapopolis/Materials/M_Landscape,/Game/Scrapopolis/Materials/M_Landscape,ignored,external local archive + SHA-256 manifest required,中,NO
待核实,Content/Scrapopolis/Textures,Content/Scrapopolis/Textures/T_brown_mud_rocks_01_nor_dx_4k.uasset,12938155,Texture2D,材质 / 纹理,,test / authoring dependency: dependency of /Game/Scrapopolis/Materials/M_Landscape,/Game/Scrapopolis/Materials/M_Landscape,ignored,external local archive + SHA-256 manifest required,中,NO
待核实,Content/Scrapopolis/Textures,Content/Scrapopolis/Textures/T_brown_mud_rocks_01_ORM.uasset,6299635,Texture2D,材质 / 纹理,,test / authoring dependency: dependency of /Game/Scrapopolis/Materials/M_Landscape,/Game/Scrapopolis/Materials/M_Landscape,ignored,external local archive + SHA-256 manifest required,中,NO
待核实,Content/Scrapopolis/Textures,Content/Scrapopolis/Textures/T_candle_Color.uasset,2406441,Texture2D,材质 / 纹理,,test / authoring dependency: dependency of /Game/Scrapopolis/Materials/M_candle,/Game/Scrapopolis/Materials/M_candle,ignored,external local archive + SHA-256 manifest required,中,NO
待核实,Content/Scrapopolis/Textures,Content/Scrapopolis/Textures/T_candle_flame_Color.uasset,194658,Texture2D,材质 / 纹理,,test / authoring dependency: dependency of /Game/Scrapopolis/Materials/M_candle_flame,/Game/Scrapopolis/Materials/M_candle_flame,ignored,external local archive + SHA-256 manifest required,中,NO
待核实,Content/Scrapopolis/Textures,Content/Scrapopolis/Textures/T_candle_flame_Mask.uasset,59425,Texture2D,材质 / 纹理,,test / authoring dependency: dependency of /Game/Scrapopolis/Materials/M_candle_flame,/Game/Scrapopolis/Materials/M_candle_flame,ignored,external local archive + SHA-256 manifest required,中,NO
待核实,Content/Scrapopolis/Textures,Content/Scrapopolis/Textures/T_candle_Normal.uasset,965567,Texture2D,材质 / 纹理,,test / authoring dependency: dependency of /Game/Scrapopolis/Materials/M_candle,/Game/Scrapopolis/Materials/M_candle,ignored,external local archive + SHA-256 manifest required,中,NO
待核实,Content/Scrapopolis/Textures,Content/Scrapopolis/Textures/T_candle_Roughness.uasset,288027,Texture2D,材质 / 纹理,,test / authoring dependency: dependency of /Game/Scrapopolis/Materials/M_candle,/Game/Scrapopolis/Materials/M_candle,ignored,external local archive + SHA-256 manifest required,中,NO
待核实,Content/Scrapopolis/Textures,Content/Scrapopolis/Textures/T_cloth_Diffuse.uasset,351821,Texture2D,材质 / 纹理,,test / authoring dependency: dependency of /Game/Scrapopolis/Materials/Instances/MI_Cloth,/Game/Scrapopolis/Materials/Instances/MI_Cloth,ignored,external local archive + SHA-256 manifest required,中,NO
待核实,Content/Scrapopolis/Textures,Content/Scrapopolis/Textures/T_cloth_Diffuse_1.uasset,1043525,Texture2D,材质 / 纹理,,test / authoring dependency: dependency of /Game/Scrapopolis/Materials/M_Cloth,/Game/Scrapopolis/Materials/M_Cloth,ignored,external local archive + SHA-256 manifest required,中,NO
待核实,Content/Scrapopolis/Textures,Content/Scrapopolis/Textures/T_cloth_Normal.uasset,582982,Texture2D,材质 / 纹理,,test / authoring dependency: dependency of /Game/Scrapopolis/Materials/Instances/MI_Cloth,/Game/Scrapopolis/Materials/Instances/MI_Cloth,ignored,external local archive + SHA-256 manifest required,中,NO
待核实,Content/Scrapopolis/Textures,Content/Scrapopolis/Textures/T_cloth_Normal_3.uasset,1377950,Texture2D,材质 / 纹理,,test / authoring dependency: dependency of /Game/Scrapopolis/Materials/M_Cloth,/Game/Scrapopolis/Materials/M_Cloth,ignored,external local archive + SHA-256 manifest required,中,NO
待核实,Content/Scrapopolis/Textures,Content/Scrapopolis/Textures/T_cloth_ORM.uasset,340857,Texture2D,材质 / 纹理,,test / authoring dependency: dependency of /Game/Scrapopolis/Materials/Instances/MI_Cloth,/Game/Scrapopolis/Materials/Instances/MI_Cloth,ignored,external local archive + SHA-256 manifest required,中,NO
待核实,Content/Scrapopolis/Textures,Content/Scrapopolis/Textures/T_cloth_ORM_2.uasset,609183,Texture2D,材质 / 纹理,,test / authoring dependency: dependency of /Game/Scrapopolis/Materials/M_Cloth,/Game/Scrapopolis/Materials/M_Cloth,ignored,external local archive + SHA-256 manifest required,中,NO
待核实,Content/Scrapopolis/Textures,Content/Scrapopolis/Textures/T_Cloud_1.uasset,575761,Texture2D,材质 / 纹理,,test / authoring dependency: dependency of /Game/Scrapopolis/Materials/M_Cloud,/Game/Scrapopolis/Materials/M_Cloud,ignored,external local archive + SHA-256 manifest required,中,NO
待核实,Content/Scrapopolis/Textures,Content/Scrapopolis/Textures/T_coast_land_rocks_01_diff_4k.uasset,11523805,Texture2D,材质 / 纹理,,test / authoring dependency: dependency of /Game/Scrapopolis/Materials/M_Landscape,/Game/Scrapopolis/Materials/M_Landscape,ignored,external local archive + SHA-256 manifest required,中,NO
待核实,Content/Scrapopolis/Textures,Content/Scrapopolis/Textures/T_coast_land_rocks_01_nor_dx_4k.uasset,18392653,Texture2D,材质 / 纹理,,test / authoring dependency: dependency of /Game/Scrapopolis/Materials/M_Landscape,/Game/Scrapopolis/Materials/M_Landscape,ignored,external local archive + SHA-256 manifest required,中,NO
待核实,Content/Scrapopolis/Textures,Content/Scrapopolis/Textures/T_coast_land_rocks_01_ORM.uasset,13699728,Texture2D,材质 / 纹理,,test / authoring dependency: dependency of /Game/Scrapopolis/Materials/M_Landscape,/Game/Scrapopolis/Materials/M_Landscape,ignored,external local archive + SHA-256 manifest required,中,NO
待核实,Content/Scrapopolis/Textures,Content/Scrapopolis/Textures/T_Debris_Diffuse.uasset,5018080,Texture2D,材质 / 纹理,,test / authoring dependency: dependency of /Game/Scrapopolis/Materials/Instances/MI_Debris,/Game/Scrapopolis/Materials/Instances/MI_Debris,ignored,external local archive + SHA-256 manifest required,中,NO
待核实,Content/Scrapopolis/Textures,Content/Scrapopolis/Textures/T_Debris_Normal.uasset,6584652,Texture2D,材质 / 纹理,,test / authoring dependency: dependency of /Game/Scrapopolis/Materials/Instances/MI_Debris,/Game/Scrapopolis/Materials/Instances/MI_Debris,ignored,external local archive + SHA-256 manifest required,中,NO
待核实,Content/Scrapopolis/Textures,Content/Scrapopolis/Textures/T_Debris_ORM.uasset,5052731,Texture2D,材质 / 纹理,,test / authoring dependency: dependency of /Game/Scrapopolis/Materials/Instances/MI_Debris,/Game/Scrapopolis/Materials/Instances/MI_Debris,ignored,external local archive + SHA-256 manifest required,中,NO
待核实,Content/Scrapopolis/Textures,Content/Scrapopolis/Textures/T_Fence_Diffuse.uasset,615792,Texture2D,材质 / 纹理,,test / authoring dependency: dependency of /Game/Scrapopolis/Materials/Instances/MI_Fence,/Game/Scrapopolis/Materials/Instances/MI_Fence,ignored,external local archive + SHA-256 manifest required,中,NO
待核实,Content/Scrapopolis/Textures,Content/Scrapopolis/Textures/T_Fence_Normal.uasset,678834,Texture2D,材质 / 纹理,,test / authoring dependency: dependency of /Game/Scrapopolis/Materials/Instances/MI_Fence,/Game/Scrapopolis/Materials/Instances/MI_Fence,ignored,external local archive + SHA-256 manifest required,中,NO
待核实,Content/Scrapopolis/Textures,Content/Scrapopolis/Textures/T_Fence_ORM.uasset,645535,Texture2D,材质 / 纹理,,test / authoring dependency: dependency of /Game/Scrapopolis/Materials/Instances/MI_Fence,/Game/Scrapopolis/Materials/Instances/MI_Fence,ignored,external local archive + SHA-256 manifest required,中,NO
待核实,Content/Scrapopolis/Textures,Content/Scrapopolis/Textures/T_fire_flipbook.uasset,1126232,Texture2D,材质 / 纹理,,test / authoring dependency: dependency of /Game/Scrapopolis/Materials/M_FIre,/Game/Scrapopolis/Materials/M_FIre,ignored,external local archive + SHA-256 manifest required,中,NO
待核实,Content/Scrapopolis/Textures,Content/Scrapopolis/Textures/T_For_TEX_Diffuse.uasset,12343560,Texture2D,材质 / 纹理,,test / authoring dependency: dependency of /Game/Scrapopolis/Materials/Instances/MI_Props,/Game/Scrapopolis/Materials/Instances/MI_Props,ignored,external local archive + SHA-256 manifest required,中,NO
待核实,Content/Scrapopolis/Textures,Content/Scrapopolis/Textures/T_For_TEX_Normal.uasset,15387755,Texture2D,材质 / 纹理,,test / authoring dependency: dependency of /Game/Scrapopolis/Materials/Instances/MI_Props,/Game/Scrapopolis/Materials/Instances/MI_Props,ignored,external local archive + SHA-256 manifest required,中,NO
待核实,Content/Scrapopolis/Textures,Content/Scrapopolis/Textures/T_For_TEX_ORM.uasset,18466564,Texture2D,材质 / 纹理,,test / authoring dependency: dependency of /Game/Scrapopolis/Materials/Instances/MI_Props,/Game/Scrapopolis/Materials/Instances/MI_Props,ignored,external local archive + SHA-256 manifest required,中,NO
待核实,Content/Scrapopolis/Textures,Content/Scrapopolis/Textures/T_House_Back_Diffuse.uasset,13658042,Texture2D,材质 / 纹理,,test / authoring dependency: dependency of /Game/Scrapopolis/Materials/Instances/MI_House_Back,/Game/Scrapopolis/Materials/Instances/MI_House_Back,ignored,external local archive + SHA-256 manifest required,中,NO
待核实,Content/Scrapopolis/Textures,Content/Scrapopolis/Textures/T_House_Back_Normal.uasset,10423283,Texture2D,材质 / 纹理,,test / authoring dependency: dependency of /Game/Scrapopolis/Materials/Instances/MI_House_Back,/Game/Scrapopolis/Materials/Instances/MI_House_Back,ignored,external local archive + SHA-256 manifest required,中,NO
待核实,Content/Scrapopolis/Textures,Content/Scrapopolis/Textures/T_House_Back_ORM.uasset,18896844,Texture2D,材质 / 纹理,,test / authoring dependency: dependency of /Game/Scrapopolis/Materials/Instances/MI_House_Back,/Game/Scrapopolis/Materials/Instances/MI_House_Back,ignored,external local archive + SHA-256 manifest required,中,NO
待核实,Content/Scrapopolis/Textures,Content/Scrapopolis/Textures/T_House_Door_Low_Diffuse.uasset,15255686,Texture2D,材质 / 纹理,,test / authoring dependency: dependency of /Game/Scrapopolis/Materials/M_Master_Material,/Game/Scrapopolis/Materials/Instances/MI_House_Door; /Game/Scrapopolis/Materials/M_Master_Material,ignored,external local archive + SHA-256 manifest required,中,NO
待核实,Content/Scrapopolis/Textures,Content/Scrapopolis/Textures/T_House_Door_Low_Normal.uasset,14016217,Texture2D,材质 / 纹理,,test / authoring dependency: dependency of /Game/Scrapopolis/Materials/M_Master_Material,/Game/Scrapopolis/Materials/Instances/MI_House_Door; /Game/Scrapopolis/Materials/M_Master_Material,ignored,external local archive + SHA-256 manifest required,中,NO
待核实,Content/Scrapopolis/Textures,Content/Scrapopolis/Textures/T_House_Door_Low_ORM.uasset,19090768,Texture2D,材质 / 纹理,,test / authoring dependency: dependency of /Game/Scrapopolis/Materials/M_Master_Material,/Game/Scrapopolis/Materials/Instances/MI_House_Door; /Game/Scrapopolis/Materials/M_Master_Material,ignored,external local archive + SHA-256 manifest required,中,NO
待核实,Content/Scrapopolis/Textures,Content/Scrapopolis/Textures/T_Opacity_Mask.uasset,606648,Texture2D,材质 / 纹理,,test / authoring dependency: dependency of /Game/Scrapopolis/Materials/Instances/MI_Cloud_2,/Game/Scrapopolis/Materials/Instances/MI_Cloud_2,ignored,external local archive + SHA-256 manifest required,中,NO
待核实,Content/Scrapopolis/Textures,Content/Scrapopolis/Textures/T_Pipe_1_Diffuse.uasset,3569592,Texture2D,材质 / 纹理,,test / authoring dependency: dependency of /Game/Scrapopolis/Materials/Instances/MI_Pipe_1,/Game/Scrapopolis/Materials/Instances/MI_Pipe_1,ignored,external local archive + SHA-256 manifest required,中,NO
待核实,Content/Scrapopolis/Textures,Content/Scrapopolis/Textures/T_Pipe_1_Normal.uasset,3420887,Texture2D,材质 / 纹理,,test / authoring dependency: dependency of /Game/Scrapopolis/Materials/Instances/MI_Pipe_1,/Game/Scrapopolis/Materials/Instances/MI_Pipe_1,ignored,external local archive + SHA-256 manifest required,中,NO
待核实,Content/Scrapopolis/Textures,Content/Scrapopolis/Textures/T_Pipe_1_ORM.uasset,4272493,Texture2D,材质 / 纹理,,test / authoring dependency: dependency of /Game/Scrapopolis/Materials/Instances/MI_Pipe_1,/Game/Scrapopolis/Materials/Instances/MI_Pipe_1,ignored,external local archive + SHA-256 manifest required,中,NO
待核实,Content/Scrapopolis/Textures,Content/Scrapopolis/Textures/T_Pipe_2_Diffuse.uasset,2983734,Texture2D,材质 / 纹理,,test / authoring dependency: dependency of /Game/Scrapopolis/Materials/Instances/MI_Pipe_2,/Game/Scrapopolis/Materials/Instances/MI_Pipe_2,ignored,external local archive + SHA-256 manifest required,中,NO
待核实,Content/Scrapopolis/Textures,Content/Scrapopolis/Textures/T_Pipe_2_Normal.uasset,3138099,Texture2D,材质 / 纹理,,test / authoring dependency: dependency of /Game/Scrapopolis/Materials/Instances/MI_Pipe_2,/Game/Scrapopolis/Materials/Instances/MI_Pipe_2,ignored,external local archive + SHA-256 manifest required,中,NO
待核实,Content/Scrapopolis/Textures,Content/Scrapopolis/Textures/T_Pipe_2_ORM.uasset,2883883,Texture2D,材质 / 纹理,,test / authoring dependency: dependency of /Game/Scrapopolis/Materials/Instances/MI_Pipe_2,/Game/Scrapopolis/Materials/Instances/MI_Pipe_2,ignored,external local archive + SHA-256 manifest required,中,NO
待核实,Content/Scrapopolis/Textures,Content/Scrapopolis/Textures/T_pipe_4_5_Diffuse.uasset,1133519,Texture2D,材质 / 纹理,,test / authoring dependency: dependency of /Game/Scrapopolis/Materials/Instances/MI_Pipe_4_5,/Game/Scrapopolis/Materials/Instances/MI_Pipe_4_5,ignored,external local archive + SHA-256 manifest required,中,NO
待核实,Content/Scrapopolis/Textures,Content/Scrapopolis/Textures/T_pipe_4_5_Normal.uasset,1239800,Texture2D,材质 / 纹理,,test / authoring dependency: dependency of /Game/Scrapopolis/Materials/Instances/MI_Pipe_4_5,/Game/Scrapopolis/Materials/Instances/MI_Pipe_4_5,ignored,external local archive + SHA-256 manifest required,中,NO
待核实,Content/Scrapopolis/Textures,Content/Scrapopolis/Textures/T_pipe_4_5_ORM.uasset,1163193,Texture2D,材质 / 纹理,,test / authoring dependency: dependency of /Game/Scrapopolis/Materials/Instances/MI_Pipe_4_5,/Game/Scrapopolis/Materials/Instances/MI_Pipe_4_5,ignored,external local archive + SHA-256 manifest required,中,NO
待核实,Content/Scrapopolis/Textures,Content/Scrapopolis/Textures/T_SM__Diffuse.uasset,1552967,Texture2D,材质 / 纹理,,test / authoring dependency: dependency of /Game/Scrapopolis/Materials/M_CampFire,/Game/Scrapopolis/Materials/M_CampFire,ignored,external local archive + SHA-256 manifest required,中,NO
待核实,Content/Scrapopolis/Textures,Content/Scrapopolis/Textures/T_SM__Emissive.uasset,461738,Texture2D,材质 / 纹理,,test / authoring dependency: dependency of /Game/Scrapopolis/Materials/M_CampFire,/Game/Scrapopolis/Materials/M_CampFire,ignored,external local archive + SHA-256 manifest required,中,NO
待核实,Content/Scrapopolis/Textures,Content/Scrapopolis/Textures/T_SM__Normal.uasset,2072415,Texture2D,材质 / 纹理,,test / authoring dependency: dependency of /Game/Scrapopolis/Materials/M_CampFire,/Game/Scrapopolis/Materials/M_CampFire,ignored,external local archive + SHA-256 manifest required,中,NO
待核实,Content/Scrapopolis/Textures,Content/Scrapopolis/Textures/T_SM__ORM.uasset,786083,Texture2D,材质 / 纹理,,test / authoring dependency: dependency of /Game/Scrapopolis/Materials/M_CampFire,/Game/Scrapopolis/Materials/M_CampFire,ignored,external local archive + SHA-256 manifest required,中,NO
待核实,Content/Scrapopolis/Textures,Content/Scrapopolis/Textures/T_SM_Pipe_3_Diffuse.uasset,2797313,Texture2D,材质 / 纹理,,test / authoring dependency: dependency of /Game/Scrapopolis/Materials/Instances/MI_Pipe_3,/Game/Scrapopolis/Materials/Instances/MI_Pipe_3,ignored,external local archive + SHA-256 manifest required,中,NO
待核实,Content/Scrapopolis/Textures,Content/Scrapopolis/Textures/T_SM_Pipe_3_Normal.uasset,2501593,Texture2D,材质 / 纹理,,test / authoring dependency: dependency of /Game/Scrapopolis/Materials/Instances/MI_Pipe_3,/Game/Scrapopolis/Materials/Instances/MI_Pipe_3,ignored,external local archive + SHA-256 manifest required,中,NO
待核实,Content/Scrapopolis/Textures,Content/Scrapopolis/Textures/T_SM_Pipe_3_ORM.uasset,2343691,Texture2D,材质 / 纹理,,test / authoring dependency: dependency of /Game/Scrapopolis/Materials/Instances/MI_Pipe_3,/Game/Scrapopolis/Materials/Instances/MI_Pipe_3,ignored,external local archive + SHA-256 manifest required,中,NO
待核实,Content/Scrapopolis/Textures,Content/Scrapopolis/Textures/T_SM_Support_10_Diffuse.uasset,2361884,Texture2D,材质 / 纹理,,test / authoring dependency: dependency of /Game/Scrapopolis/Materials/Instances/MI_Support_10,/Game/Scrapopolis/Materials/Instances/MI_Support_10,ignored,external local archive + SHA-256 manifest required,中,NO
待核实,Content/Scrapopolis/Textures,Content/Scrapopolis/Textures/T_SM_Support_10_Normal.uasset,2897707,Texture2D,材质 / 纹理,,test / authoring dependency: dependency of /Game/Scrapopolis/Materials/Instances/MI_Support_10,/Game/Scrapopolis/Materials/Instances/MI_Support_10,ignored,external local archive + SHA-256 manifest required,中,NO
待核实,Content/Scrapopolis/Textures,Content/Scrapopolis/Textures/T_SM_Support_10_ORM.uasset,2806279,Texture2D,材质 / 纹理,,test / authoring dependency: dependency of /Game/Scrapopolis/Materials/Instances/MI_Support_10,/Game/Scrapopolis/Materials/Instances/MI_Support_10,ignored,external local archive + SHA-256 manifest required,中,NO
待核实,Content/Scrapopolis/Textures,Content/Scrapopolis/Textures/T_SM_Support_1_Diffuse.uasset,3718121,Texture2D,材质 / 纹理,,test / authoring dependency: dependency of /Game/Scrapopolis/Materials/Instances/MI_Support_1,/Game/Scrapopolis/Materials/Instances/MI_Support_1,ignored,external local archive + SHA-256 manifest required,中,NO
待核实,Content/Scrapopolis/Textures,Content/Scrapopolis/Textures/T_SM_Support_1_Normal.uasset,3373326,Texture2D,材质 / 纹理,,test / authoring dependency: dependency of /Game/Scrapopolis/Materials/Instances/MI_Support_1,/Game/Scrapopolis/Materials/Instances/MI_Support_1,ignored,external local archive + SHA-256 manifest required,中,NO
待核实,Content/Scrapopolis/Textures,Content/Scrapopolis/Textures/T_SM_Support_1_ORM.uasset,3867878,Texture2D,材质 / 纹理,,test / authoring dependency: dependency of /Game/Scrapopolis/Materials/Instances/MI_Support_1,/Game/Scrapopolis/Materials/Instances/MI_Support_1,ignored,external local archive + SHA-256 manifest required,中,NO
待核实,Content/Scrapopolis/Textures,Content/Scrapopolis/Textures/T_SM_Support_2_Diffuse.uasset,3508767,Texture2D,材质 / 纹理,,test / authoring dependency: dependency of /Game/Scrapopolis/Materials/Instances/MI_Support_2,/Game/Scrapopolis/Materials/Instances/MI_Support_2,ignored,external local archive + SHA-256 manifest required,中,NO
待核实,Content/Scrapopolis/Textures,Content/Scrapopolis/Textures/T_SM_Support_2_Normal.uasset,4018308,Texture2D,材质 / 纹理,,test / authoring dependency: dependency of /Game/Scrapopolis/Materials/Instances/MI_Support_2,/Game/Scrapopolis/Materials/Instances/MI_Support_2,ignored,external local archive + SHA-256 manifest required,中,NO
待核实,Content/Scrapopolis/Textures,Content/Scrapopolis/Textures/T_SM_Support_2_ORM.uasset,4134861,Texture2D,材质 / 纹理,,test / authoring dependency: dependency of /Game/Scrapopolis/Materials/Instances/MI_Support_2,/Game/Scrapopolis/Materials/Instances/MI_Support_2,ignored,external local archive + SHA-256 manifest required,中,NO
待核实,Content/Scrapopolis/Textures,Content/Scrapopolis/Textures/T_SM_Support_3_Diffuse.uasset,2921936,Texture2D,材质 / 纹理,,test / authoring dependency: dependency of /Game/Scrapopolis/Materials/Instances/MI_Support_3,/Game/Scrapopolis/Materials/Instances/MI_Support_3,ignored,external local archive + SHA-256 manifest required,中,NO
待核实,Content/Scrapopolis/Textures,Content/Scrapopolis/Textures/T_SM_Support_3_Normal.uasset,3384457,Texture2D,材质 / 纹理,,test / authoring dependency: dependency of /Game/Scrapopolis/Materials/Instances/MI_Support_3,/Game/Scrapopolis/Materials/Instances/MI_Support_3,ignored,external local archive + SHA-256 manifest required,中,NO
待核实,Content/Scrapopolis/Textures,Content/Scrapopolis/Textures/T_SM_Support_3_ORM.uasset,3321061,Texture2D,材质 / 纹理,,test / authoring dependency: dependency of /Game/Scrapopolis/Materials/Instances/MI_Support_3,/Game/Scrapopolis/Materials/Instances/MI_Support_3,ignored,external local archive + SHA-256 manifest required,中,NO
待核实,Content/Scrapopolis/Textures,Content/Scrapopolis/Textures/T_SM_Support_4_Diffuse.uasset,1576903,Texture2D,材质 / 纹理,,test / authoring dependency: dependency of /Game/Scrapopolis/Materials/Instances/MI_Support_4,/Game/Scrapopolis/Materials/Instances/MI_Support_4,ignored,external local archive + SHA-256 manifest required,中,NO
待核实,Content/Scrapopolis/Textures,Content/Scrapopolis/Textures/T_SM_Support_4_Normal.uasset,4087976,Texture2D,材质 / 纹理,,test / authoring dependency: dependency of /Game/Scrapopolis/Materials/Instances/MI_Support_4,/Game/Scrapopolis/Materials/Instances/MI_Support_4,ignored,external local archive + SHA-256 manifest required,中,NO
待核实,Content/Scrapopolis/Textures,Content/Scrapopolis/Textures/T_SM_Support_4_ORM.uasset,2712022,Texture2D,材质 / 纹理,,test / authoring dependency: dependency of /Game/Scrapopolis/Materials/Instances/MI_Support_4,/Game/Scrapopolis/Materials/Instances/MI_Support_4,ignored,external local archive + SHA-256 manifest required,中,NO
待核实,Content/Scrapopolis/Textures,Content/Scrapopolis/Textures/T_SM_Support_5_Diffuse.uasset,4474735,Texture2D,材质 / 纹理,,test / authoring dependency: dependency of /Game/Scrapopolis/Materials/Instances/MI_Support_5,/Game/Scrapopolis/Materials/Instances/MI_Support_5,ignored,external local archive + SHA-256 manifest required,中,NO
待核实,Content/Scrapopolis/Textures,Content/Scrapopolis/Textures/T_SM_Support_5_Normal.uasset,4432064,Texture2D,材质 / 纹理,,test / authoring dependency: dependency of /Game/Scrapopolis/Materials/Instances/MI_Support_5,/Game/Scrapopolis/Materials/Instances/MI_Support_5,ignored,external local archive + SHA-256 manifest required,中,NO
待核实,Content/Scrapopolis/Textures,Content/Scrapopolis/Textures/T_SM_Support_5_ORM.uasset,4760219,Texture2D,材质 / 纹理,,test / authoring dependency: dependency of /Game/Scrapopolis/Materials/Instances/MI_Support_5,/Game/Scrapopolis/Materials/Instances/MI_Support_5,ignored,external local archive + SHA-256 manifest required,中,NO
待核实,Content/Scrapopolis/Textures,Content/Scrapopolis/Textures/T_SM_Support_6_Diffuse.uasset,3936748,Texture2D,材质 / 纹理,,test / authoring dependency: dependency of /Game/Scrapopolis/Materials/Instances/MI_Support_6,/Game/Scrapopolis/Materials/Instances/MI_Support_6,ignored,external local archive + SHA-256 manifest required,中,NO
待核实,Content/Scrapopolis/Textures,Content/Scrapopolis/Textures/T_SM_Support_6_Normal.uasset,3435252,Texture2D,材质 / 纹理,,test / authoring dependency: dependency of /Game/Scrapopolis/Materials/Instances/MI_Support_6,/Game/Scrapopolis/Materials/Instances/MI_Support_6,ignored,external local archive + SHA-256 manifest required,中,NO
待核实,Content/Scrapopolis/Textures,Content/Scrapopolis/Textures/T_SM_Support_6_ORM.uasset,4363992,Texture2D,材质 / 纹理,,test / authoring dependency: dependency of /Game/Scrapopolis/Materials/Instances/MI_Support_6,/Game/Scrapopolis/Materials/Instances/MI_Support_6,ignored,external local archive + SHA-256 manifest required,中,NO
待核实,Content/Scrapopolis/Textures,Content/Scrapopolis/Textures/T_SM_Support_7_Diffuse.uasset,3795219,Texture2D,材质 / 纹理,,test / authoring dependency: dependency of /Game/Scrapopolis/Materials/Instances/MI_Support_7,/Game/Scrapopolis/Materials/Instances/MI_Support_7,ignored,external local archive + SHA-256 manifest required,中,NO
待核实,Content/Scrapopolis/Textures,Content/Scrapopolis/Textures/T_SM_Support_7_Normal.uasset,2656829,Texture2D,材质 / 纹理,,test / authoring dependency: dependency of /Game/Scrapopolis/Materials/Instances/MI_Support_7,/Game/Scrapopolis/Materials/Instances/MI_Support_7,ignored,external local archive + SHA-256 manifest required,中,NO
待核实,Content/Scrapopolis/Textures,Content/Scrapopolis/Textures/T_SM_Support_7_ORM.uasset,4522499,Texture2D,材质 / 纹理,,test / authoring dependency: dependency of /Game/Scrapopolis/Materials/Instances/MI_Support_7,/Game/Scrapopolis/Materials/Instances/MI_Support_7,ignored,external local archive + SHA-256 manifest required,中,NO
待核实,Content/Scrapopolis/Textures,Content/Scrapopolis/Textures/T_SM_Support_8_Diffuse.uasset,2492902,Texture2D,材质 / 纹理,,test / authoring dependency: dependency of /Game/Scrapopolis/Materials/Instances/MI_Support_8,/Game/Scrapopolis/Materials/Instances/MI_Support_8,ignored,external local archive + SHA-256 manifest required,中,NO
待核实,Content/Scrapopolis/Textures,Content/Scrapopolis/Textures/T_SM_Support_8_Normal.uasset,2642976,Texture2D,材质 / 纹理,,test / authoring dependency: dependency of /Game/Scrapopolis/Materials/Instances/MI_Support_8,/Game/Scrapopolis/Materials/Instances/MI_Support_8,ignored,external local archive + SHA-256 manifest required,中,NO
待核实,Content/Scrapopolis/Textures,Content/Scrapopolis/Textures/T_SM_Support_8_ORM.uasset,2705323,Texture2D,材质 / 纹理,,test / authoring dependency: dependency of /Game/Scrapopolis/Materials/Instances/MI_Support_8,/Game/Scrapopolis/Materials/Instances/MI_Support_8,ignored,external local archive + SHA-256 manifest required,中,NO
待核实,Content/Scrapopolis/Textures,Content/Scrapopolis/Textures/T_SM_Support_9_Diffuse.uasset,3832798,Texture2D,材质 / 纹理,,test / authoring dependency: dependency of /Game/Scrapopolis/Materials/Instances/MI_Support_9,/Game/Scrapopolis/Materials/Instances/MI_Support_9,ignored,external local archive + SHA-256 manifest required,中,NO
待核实,Content/Scrapopolis/Textures,Content/Scrapopolis/Textures/T_SM_Support_9_Normal.uasset,3901967,Texture2D,材质 / 纹理,,test / authoring dependency: dependency of /Game/Scrapopolis/Materials/Instances/MI_Support_9,/Game/Scrapopolis/Materials/Instances/MI_Support_9,ignored,external local archive + SHA-256 manifest required,中,NO
待核实,Content/Scrapopolis/Textures,Content/Scrapopolis/Textures/T_SM_Support_9_ORM.uasset,4487469,Texture2D,材质 / 纹理,,test / authoring dependency: dependency of /Game/Scrapopolis/Materials/Instances/MI_Support_9,/Game/Scrapopolis/Materials/Instances/MI_Support_9,ignored,external local archive + SHA-256 manifest required,中,NO
待核实,Content/Scrapopolis/Textures,Content/Scrapopolis/Textures/T_Smoke_1.uasset,412425,Texture2D,材质 / 纹理,,test / authoring dependency: dependency of /Game/Scrapopolis/Materials/Instances/MI_Cloud,/Game/Scrapopolis/Materials/Instances/MI_Cloud,ignored,external local archive + SHA-256 manifest required,中,NO
仍被使用,Content/UI/P17,Content/UI/P17/Character/WBP_CharacterShell_P17.uasset,355976,WidgetBlueprint,蓝图 / 数据 / 其他资源,,dependency of /Game/Blueprints/UI/BP_HSRHUD,/Game/Blueprints/UI/BP_HSRHUD,tracked,verified pushed commit + local archive,保留,NO
仍被使用,Content/UI/P17,Content/UI/P17/Character/WBP_CharacterShellEntry_P17.uasset,62799,WidgetBlueprint,蓝图 / 数据 / 其他资源,,dependency of /Game/UI/P17/Character/WBP_CharacterShell_P17,/Game/UI/P17/Character/WBP_CharacterShell_P17,tracked,verified pushed commit + local archive,保留,NO
仍被使用,Content/UI/P17,Content/UI/P17/Dialogue/WBP_DialogueOverlay_P17.uasset,91634,WidgetBlueprint,蓝图 / 数据 / 其他资源,,dependency of /Game/Blueprints/UI/BP_HSRHUD,/Game/Blueprints/UI/BP_HSRHUD,tracked,verified pushed commit + local archive,保留,NO
仍被使用,Content/UI/P17,Content/UI/P17/Frontend/WBP_FrontendModuleRoot_P17.uasset,81443,WidgetBlueprint,蓝图 / 数据 / 其他资源,,dependency of /Game/Blueprints/UI/BP_HSRHUD,/Game/Blueprints/UI/BP_HSRHUD,tracked,verified pushed commit + local archive,保留,NO
仍被使用,Content/UI/P17,Content/UI/P17/Frontend/WBP_FrontendShell_P17.uasset,202558,WidgetBlueprint,蓝图 / 数据 / 其他资源,,dependency of /Game/Blueprints/UI/BP_HSRHUD,/Game/Blueprints/UI/BP_HSRHUD,tracked,verified pushed commit + local archive,保留,NO
仍被使用,Content/UI/P17,Content/UI/P17/Frontend/WBP_HSRChallengeDirectory_P17.uasset,165414,WidgetBlueprint,蓝图 / 数据 / 其他资源,,dependency of /Game/Blueprints/UI/BP_HSRHUD,/Game/Blueprints/UI/BP_HSRHUD,tracked,verified pushed commit + local archive,保留,NO
仍被使用,Content/UI/P17,Content/UI/P17/Frontend/WBP_HSRChallengeEntry_P17.uasset,169387,WidgetBlueprint,蓝图 / 数据 / 其他资源,,dependency of /Game/UI/P17/Frontend/WBP_HSRChallengeDirectory_P17,/Game/UI/P17/Frontend/WBP_HSRChallengeDirectory_P17,tracked,verified pushed commit + local archive,保留,NO
仍被使用,Content/UI/P17,Content/UI/P17/Frontend/WBP_HSRMapPanel_P17.uasset,126316,WidgetBlueprint,蓝图 / 数据 / 其他资源,,dependency of /Game/Blueprints/UI/BP_HSRHUD,/Game/Blueprints/UI/BP_HSRHUD,tracked,verified pushed commit + local archive,保留,NO
仍被使用,Content/UI/P17,Content/UI/P17/Frontend/WBP_HSRObjectiveEntry_P17.uasset,36394,WidgetBlueprint,蓝图 / 数据 / 其他资源,,dependency of /Game/UI/P17/Frontend/WBP_HSRQuestPanel_P17,/Game/UI/P17/Frontend/WBP_HSRQuestPanel_P17,tracked,verified pushed commit + local archive,保留,NO
仍被使用,Content/UI/P17,Content/UI/P17/Frontend/WBP_HSRPartyPanel_P17.uasset,654498,WidgetBlueprint,蓝图 / 数据 / 其他资源,,dependency of /Game/Blueprints/UI/BP_HSRHUD,/Game/Blueprints/UI/BP_HSRHUD,tracked,verified pushed commit + local archive,保留,NO
仍被使用,Content/UI/P17,Content/UI/P17/Frontend/WBP_HSRPartySlotEntry_P17.uasset,92934,WidgetBlueprint,蓝图 / 数据 / 其他资源,,dependency of /Game/UI/P17/Frontend/WBP_HSRPartyPanel_P17,/Game/UI/P17/Frontend/WBP_HSRPartyPanel_P17,tracked,verified pushed commit + local archive,保留,NO
仍被使用,Content/UI/P17,Content/UI/P17/Frontend/WBP_HSRPreBattlePanel_P17.uasset,493106,WidgetBlueprint,蓝图 / 数据 / 其他资源,,dependency of /Game/UI/P17/Frontend/WBP_HSRChallengeDirectory_P17,/Game/UI/P17/Frontend/WBP_HSRChallengeDirectory_P17,tracked,verified pushed commit + local archive,保留,NO
仍被使用,Content/UI/P17,Content/UI/P17/Frontend/WBP_HSRQuestEntry_P17.uasset,41551,WidgetBlueprint,蓝图 / 数据 / 其他资源,,dependency of /Game/UI/P17/Frontend/WBP_HSRQuestPanel_P17,/Game/UI/P17/Frontend/WBP_HSRQuestPanel_P17,tracked,verified pushed commit + local archive,保留,NO
仍被使用,Content/UI/P17,Content/UI/P17/Frontend/WBP_HSRQuestPanel_P17.uasset,279812,WidgetBlueprint,蓝图 / 数据 / 其他资源,,dependency of /Game/Blueprints/UI/BP_HSRHUD,/Game/Blueprints/UI/BP_HSRHUD,tracked,verified pushed commit + local archive,保留,NO
仍被使用,Content/UI/P17,Content/UI/P17/Frontend/WBP_HSRSavePanel_P17.uasset,446366,WidgetBlueprint,蓝图 / 数据 / 其他资源,,dependency of /Game/Blueprints/UI/BP_HSRHUD,/Game/Blueprints/UI/BP_HSRHUD,tracked,verified pushed commit + local archive,保留,NO
仍被使用,Content/UI/P17,Content/UI/P17/Inventory/WBP_Inventory_P17.uasset,212318,WidgetBlueprint,蓝图 / 数据 / 其他资源,,dependency of /Game/Blueprints/UI/BP_HSRHUD,/Game/Blueprints/UI/BP_HSRHUD,tracked,verified pushed commit + local archive,保留,NO
仍被使用,Content/UI/P17,Content/UI/P17/Relic/WBP_RelicCandidateEntry_P17.uasset,62739,WidgetBlueprint,蓝图 / 数据 / 其他资源,,dependency of /Game/UI/P17/Relic/WBP_RelicEquipment_P17,/Game/UI/P17/Relic/WBP_RelicEquipment_P17,tracked,verified pushed commit + local archive,保留,NO
仍被使用,Content/UI/P17,Content/UI/P17/Relic/WBP_RelicEnhancementOptionRow_P17.uasset,52691,WidgetBlueprint,蓝图 / 数据 / 其他资源,,dependency of /Game/UI/P17/Relic/WBP_RelicEquipment_P17,/Game/UI/P17/Relic/WBP_RelicEquipment_P17,tracked,verified pushed commit + local archive,保留,NO
仍被使用,Content/UI/P17,Content/UI/P17/Relic/WBP_RelicEquipment_P17.uasset,401444,WidgetBlueprint,蓝图 / 数据 / 其他资源,,dependency of /Game/UI/P17/Character/WBP_CharacterShell_P17,/Game/UI/P17/Character/WBP_CharacterShell_P17,tracked,verified pushed commit + local archive,保留,NO
仍被使用,Content/UI/P17,Content/UI/P17/Relic/WBP_RelicSlotEntry_P17.uasset,63286,WidgetBlueprint,蓝图 / 数据 / 其他资源,,dependency of /Game/UI/P17/Relic/WBP_RelicEquipment_P17,/Game/UI/P17/Relic/WBP_RelicEquipment_P17,tracked,verified pushed commit + local archive,保留,NO
仍被使用,Content/UI/P17,Content/UI/P17/Relic/WBP_RelicStatRow_P17.uasset,39571,WidgetBlueprint,蓝图 / 数据 / 其他资源,,dependency of /Game/UI/P17/Relic/WBP_RelicEquipment_P17,/Game/UI/P17/Relic/WBP_RelicEquipment_P17,tracked,verified pushed commit + local archive,保留,NO
仍被使用,Content/UI/WBP_AttributeDebug.uasset,Content/UI/WBP_AttributeDebug.uasset,280360,WidgetBlueprint,蓝图 / 数据 / 其他资源,,dependency of /Game/UI/WBP_ExplorationHUD,/Game/UI/WBP_ExplorationHUD,tracked,verified pushed commit + local archive,保留,NO
仍被使用,Content/UI/WBP_BattleCommandPanel.uasset,Content/UI/WBP_BattleCommandPanel.uasset,194014,WidgetBlueprint,蓝图 / 数据 / 其他资源,,dependency of /Game/Presentation/Blueprints/BP_HertaSupportSectionGameMode,/Game/Presentation/Blueprints/BP_HertaSupportSectionGameMode; /Game/Blueprints/Framework/BP_HSRBattleGameMode,tracked,verified pushed commit + local archive,保留,NO
仍被使用,Content/UI/WBP_CharacterDetail_P11.uasset,Content/UI/WBP_CharacterDetail_P11.uasset,188495,WidgetBlueprint,蓝图 / 数据 / 其他资源,,dependency of /Game/Presentation/Blueprints/BP_HertaSupportSectionGameMode,/Game/Presentation/Blueprints/BP_HertaSupportSectionGameMode; /Game/Maps/Map_BattleTest; /Game/Maps/Map_Battle; /Game/Blueprints/Framework/BP_HSRBattleGameMode,tracked,verified pushed commit + local archive,保留,NO
仍被使用,Content/UI/WBP_EquipmentDetail_P12.uasset,Content/UI/WBP_EquipmentDetail_P12.uasset,152355,WidgetBlueprint,蓝图 / 数据 / 其他资源,,Source/HSR/Equipment/HSREquipmentDevelopmentHarness.cpp,,tracked,verified pushed commit + local archive,保留,NO
仍被使用,Content/UI/WBP_ExplorationHUD.uasset,Content/UI/WBP_ExplorationHUD.uasset,66404,WidgetBlueprint,蓝图 / 数据 / 其他资源,,dependency of /Game/Blueprints/UI/BP_HSRHUD,/Game/Blueprints/UI/BP_HSRHUD,tracked,verified pushed commit + local archive,保留,NO
仍被使用,Content/UI/WBP_Inventory_P13.uasset,Content/UI/WBP_Inventory_P13.uasset,81765,WidgetBlueprint,蓝图 / 数据 / 其他资源,,dependency of /Game/Blueprints/UI/BP_HSRHUD,/Game/Blueprints/UI/BP_HSRHUD,tracked,verified pushed commit + local archive,保留,NO
待核实,Content/UI/WBP_Reward_Summary_P13.uasset,Content/UI/WBP_Reward_Summary_P13.uasset,40791,WidgetBlueprint,蓝图 / 数据 / 其他资源,,test / authoring dependency: Config/DefaultGame.ini (cook-only inclusion; packaging must be reviewed); Tools/Presentation/author_ui.py (dynamic folder); Tools/Presentation/baseline.py (dynamic folder); Tools/Presentation/repair_widget_guids.py (dynamic folder),,tracked,verified pushed commit + local archive,中,NO
仍被使用,Content/UI/WBP_RewardSummary_P13.uasset,Content/UI/WBP_RewardSummary_P13.uasset,49243,WidgetBlueprint,蓝图 / 数据 / 其他资源,,dependency of /Game/Blueprints/UI/BP_HSRHUD,/Game/Blueprints/UI/BP_HSRHUD,tracked,verified pushed commit + local archive,保留,NO
